-- MySQL dump 10.13  Distrib 5.7.25, for Linux (x86_64)
--
-- Host: localhost    Database: anu
-- ------------------------------------------------------
-- Server version	5.7.25

/*!40101 SET @OLD_CHARACTER_SET_CLIENT=@@CHARACTER_SET_CLIENT */;
/*!40101 SET @OLD_CHARACTER_SET_RESULTS=@@CHARACTER_SET_RESULTS */;
/*!40101 SET @OLD_COLLATION_CONNECTION=@@COLLATION_CONNECTION */;
/*!40101 SET NAMES utf8 */;
/*!40103 SET @OLD_TIME_ZONE=@@TIME_ZONE */;
/*!40103 SET TIME_ZONE='+00:00' */;
/*!40014 SET @OLD_UNIQUE_CHECKS=@@UNIQUE_CHECKS, UNIQUE_CHECKS=0 */;
/*!40014 SET @OLD_FOREIGN_KEY_CHECKS=@@FOREIGN_KEY_CHECKS, FOREIGN_KEY_CHECKS=0 */;
/*!40101 SET @OLD_SQL_MODE=@@SQL_MODE, SQL_MODE='NO_AUTO_VALUE_ON_ZERO' */;
/*!40111 SET @OLD_SQL_NOTES=@@SQL_NOTES, SQL_NOTES=0 */;

--
-- Table structure for table `categories`
--

DROP TABLE IF EXISTS `categories`;
/*!40101 SET @saved_cs_client     = @@character_set_client */;
/*!40101 SET character_set_client = utf8 */;
CREATE TABLE `categories` (
  `id` int(10) unsigned NOT NULL AUTO_INCREMENT,
  `name` varchar(255) COLLATE utf8mb4_unicode_ci NOT NULL,
  `created_at` timestamp NULL DEFAULT NULL,
  `updated_at` timestamp NULL DEFAULT NULL,
  PRIMARY KEY (`id`)
) ENGINE=InnoDB AUTO_INCREMENT=9 DEFAULT CHARSET=utf8mb4 COLLATE=utf8mb4_unicode_ci;
/*!40101 SET character_set_client = @saved_cs_client */;

--
-- Dumping data for table `categories`
--

LOCK TABLES `categories` WRITE;
/*!40000 ALTER TABLE `categories` DISABLE KEYS */;
INSERT INTO `categories` VALUES (1,'Delegado de Educación Básica','2018-10-08 20:48:23','2018-10-08 20:48:23'),(2,'Delegado de Educación Media','2018-10-08 20:48:23','2018-10-08 20:48:23'),(3,'Delegado de Educación Superior','2018-10-08 20:48:23','2018-10-08 20:48:23'),(4,'Invitado Especial','2018-10-08 20:48:23','2018-10-08 20:48:23'),(5,'Asesor Docente Responsable de Grupo (ADOR)','2018-10-08 20:48:23','2018-10-08 20:48:23'),(6,'Asesor Docente Adicional (ADA)','2018-10-08 20:48:23','2018-10-08 20:48:23'),(7,'Observador','2018-10-08 20:48:23','2018-10-08 20:48:23'),(8,'Secretaría','2018-10-08 20:48:23','2018-10-08 20:48:23');
/*!40000 ALTER TABLE `categories` ENABLE KEYS */;
UNLOCK TABLES;

--
-- Table structure for table `commission_representations`
--

DROP TABLE IF EXISTS `commission_representations`;
/*!40101 SET @saved_cs_client     = @@character_set_client */;
/*!40101 SET character_set_client = utf8 */;
CREATE TABLE `commission_representations` (
  `id` int(10) unsigned NOT NULL AUTO_INCREMENT,
  `institutioncommission_id` int(10) unsigned NOT NULL,
  `representation_id` int(10) unsigned NOT NULL,
  `capacity` int(11) NOT NULL,
  `created_at` timestamp NULL DEFAULT NULL,
  `updated_at` timestamp NULL DEFAULT NULL,
  PRIMARY KEY (`id`),
  KEY `commission_representations_representation_id_foreign` (`representation_id`),
  KEY `commission_representations_institutioncommission_id_foreign` (`institutioncommission_id`),
  CONSTRAINT `commission_representations_institutioncommission_id_foreign` FOREIGN KEY (`institutioncommission_id`) REFERENCES `institution_commissions` (`id`) ON DELETE CASCADE,
  CONSTRAINT `commission_representations_representation_id_foreign` FOREIGN KEY (`representation_id`) REFERENCES `representations` (`id`) ON DELETE CASCADE
) ENGINE=InnoDB AUTO_INCREMENT=152 DEFAULT CHARSET=utf8mb4 COLLATE=utf8mb4_unicode_ci;
/*!40101 SET character_set_client = @saved_cs_client */;

--
-- Dumping data for table `commission_representations`
--

LOCK TABLES `commission_representations` WRITE;
/*!40000 ALTER TABLE `commission_representations` DISABLE KEYS */;
INSERT INTO `commission_representations` VALUES (1,1,7,2,'2019-02-15 15:04:45','2019-02-15 15:04:45'),(2,1,91,2,'2019-02-15 15:04:45','2019-02-15 15:04:45'),(3,1,183,2,'2019-02-15 15:04:45','2019-02-15 15:04:45'),(4,1,160,2,'2019-02-15 15:04:45','2019-02-15 15:04:45'),(5,1,78,2,'2019-02-15 15:04:46','2019-02-15 15:04:46'),(6,2,7,1,'2019-02-15 15:05:16','2019-02-15 15:05:16'),(7,3,7,2,'2019-02-15 15:05:32','2019-02-15 15:05:32'),(8,4,91,1,'2019-02-15 15:05:51','2019-02-15 15:05:51'),(9,5,122,1,'2019-02-15 15:06:12','2019-02-15 15:06:12'),(10,6,252,2,'2019-02-15 15:06:25','2019-02-15 15:06:25'),(11,7,160,2,'2019-02-15 15:09:09','2019-02-15 15:09:09'),(12,7,189,2,'2019-02-15 15:09:09','2019-02-15 15:09:09'),(13,8,131,2,'2019-02-15 15:09:37','2019-02-15 15:09:37'),(14,9,185,2,'2019-02-15 15:10:48','2019-02-15 15:10:48'),(15,9,67,2,'2019-02-15 15:10:48','2019-02-15 15:10:48'),(16,10,166,1,'2019-02-15 15:11:04','2019-02-15 15:11:04'),(17,11,166,1,'2019-02-15 15:11:25','2019-02-15 15:11:25'),(18,12,251,2,'2019-02-15 15:11:41','2019-02-15 15:11:41'),(19,13,41,2,'2019-02-15 15:14:53','2019-02-15 15:14:53'),(20,14,3,2,'2019-02-15 15:15:17','2019-02-15 15:15:17'),(21,14,53,2,'2019-02-15 15:15:17','2019-02-15 15:15:17'),(22,15,17,2,'2019-02-15 15:16:00','2019-02-15 15:16:00'),(23,16,17,1,'2019-02-15 15:16:24','2019-02-15 15:16:24'),(24,17,35,2,'2019-02-15 15:16:44','2019-02-15 15:16:44'),(25,18,17,1,'2019-02-15 15:16:59','2019-02-15 15:16:59'),(26,19,17,1,'2019-02-15 15:17:28','2019-02-15 15:17:28'),(27,19,10,1,'2019-02-15 15:17:28','2019-02-15 15:17:28'),(28,20,134,2,'2019-02-15 15:19:10','2019-02-15 15:19:10'),(29,20,84,2,'2019-02-15 15:19:10','2019-02-15 15:19:10'),(30,20,118,2,'2019-02-15 15:19:10','2019-02-15 15:19:10'),(31,21,134,1,'2019-02-15 15:19:41','2019-02-15 15:19:41'),(32,21,84,1,'2019-02-15 15:19:41','2019-02-15 15:19:41'),(33,22,134,2,'2019-02-15 15:20:12','2019-02-15 15:20:12'),(34,23,134,1,'2019-02-15 15:20:30','2019-02-15 15:20:30'),(35,24,84,1,'2019-02-15 15:21:02','2019-02-15 15:21:02'),(36,24,62,1,'2019-02-15 15:21:02','2019-02-15 15:21:02'),(37,25,51,2,'2019-02-15 15:23:45','2019-02-15 15:23:45'),(38,25,53,2,'2019-02-15 15:23:45','2019-02-15 15:23:45'),(39,25,24,2,'2019-02-15 15:23:45','2019-02-15 15:23:45'),(40,25,31,2,'2019-02-15 15:23:45','2019-02-15 15:23:45'),(41,25,55,2,'2019-02-15 15:23:45','2019-02-15 15:23:45'),(42,25,60,2,'2019-02-15 15:23:45','2019-02-15 15:23:45'),(43,25,111,2,'2019-02-15 15:23:45','2019-02-15 15:23:45'),(44,25,89,2,'2019-02-15 15:23:45','2019-02-15 15:23:45'),(45,26,51,2,'2019-02-15 15:24:37','2019-02-15 15:24:37'),(46,26,126,2,'2019-02-15 15:24:37','2019-02-15 15:24:37'),(47,26,14,2,'2019-02-15 15:24:37','2019-02-15 15:24:37'),(48,27,51,1,'2019-02-15 15:25:19','2019-02-15 15:25:19'),(49,27,100,1,'2019-02-15 15:25:19','2019-02-15 15:25:19'),(50,27,35,1,'2019-02-15 15:25:19','2019-02-15 15:25:19'),(51,28,51,2,'2019-02-15 15:25:37','2019-02-15 15:25:37'),(52,29,51,1,'2019-02-15 15:26:01','2019-02-15 15:26:01'),(53,30,51,1,'2019-02-15 15:26:33','2019-02-15 15:26:33'),(54,31,100,1,'2019-02-15 15:27:09','2019-02-15 15:27:09'),(55,31,101,1,'2019-02-15 15:27:09','2019-02-15 15:27:09'),(56,31,48,1,'2019-02-15 15:27:09','2019-02-15 15:27:09'),(57,32,236,2,'2019-02-15 15:27:36','2019-02-15 15:27:36'),(58,32,240,2,'2019-02-15 15:27:36','2019-02-15 15:27:36'),(59,33,70,1,'2019-02-15 15:36:58','2019-02-15 15:36:58'),(60,33,12,1,'2019-02-15 15:36:58','2019-02-15 15:36:58'),(61,33,15,1,'2019-02-15 15:36:58','2019-02-15 15:36:58'),(62,34,136,2,'2019-02-15 15:37:31','2019-02-15 15:37:31'),(63,34,177,2,'2019-02-15 15:37:31','2019-02-15 15:37:31'),(64,35,70,2,'2019-02-15 15:38:46','2019-02-15 15:38:46'),(65,36,70,1,'2019-02-15 15:40:36','2019-02-15 15:40:36'),(66,36,12,1,'2019-02-15 15:40:36','2019-02-15 15:40:36'),(67,36,15,1,'2019-02-15 15:40:36','2019-02-15 15:40:36'),(68,37,111,2,'2019-02-15 15:46:00','2019-02-15 15:46:00'),(69,38,79,2,'2019-02-15 15:47:37','2019-02-15 15:47:37'),(70,38,86,2,'2019-02-15 15:47:37','2019-02-15 15:47:37'),(71,39,79,2,'2019-02-15 15:52:14','2019-02-15 15:52:14'),(72,39,86,2,'2019-02-15 15:52:14','2019-02-15 15:52:14'),(73,40,133,1,'2019-02-15 15:52:50','2019-02-15 15:52:50'),(74,41,79,1,'2019-02-15 15:53:13','2019-02-15 15:53:13'),(75,42,66,2,'2019-02-15 15:54:16','2019-02-15 15:54:16'),(76,43,66,1,'2019-02-15 15:54:41','2019-02-15 15:54:41'),(77,43,37,1,'2019-02-15 15:54:41','2019-02-15 15:54:41'),(78,44,37,2,'2019-02-15 15:55:05','2019-02-15 15:55:05'),(79,45,66,1,'2019-02-15 15:55:25','2019-02-15 15:55:25'),(80,46,66,1,'2019-02-15 15:55:55','2019-02-15 15:55:55'),(81,46,68,1,'2019-02-15 15:55:55','2019-02-15 15:55:55'),(82,47,248,2,'2019-02-15 15:56:10','2019-02-15 15:56:10'),(83,48,68,1,'2019-02-15 16:00:55','2019-02-15 16:00:55'),(84,48,74,1,'2019-02-15 16:00:55','2019-02-15 16:00:55'),(85,48,101,1,'2019-02-15 16:00:55','2019-02-15 16:00:55'),(86,48,124,1,'2019-02-15 16:00:55','2019-02-15 16:00:55'),(87,49,62,2,'2019-02-15 16:17:00','2019-02-15 16:17:00'),(88,50,137,1,'2019-02-15 16:17:28','2019-02-15 16:17:28'),(89,51,62,1,'2019-02-15 16:17:51','2019-02-15 16:17:51'),(90,52,137,1,'2019-02-15 16:18:35','2019-02-15 16:18:35'),(91,52,44,1,'2019-02-15 16:18:35','2019-02-15 16:18:35'),(92,52,45,1,'2019-02-15 16:18:35','2019-02-15 16:18:35'),(93,53,36,2,'2019-02-15 16:30:42','2019-02-15 16:30:42'),(94,54,36,2,'2019-02-15 16:31:10','2019-02-15 16:31:10'),(95,55,61,1,'2019-02-15 16:31:33','2019-02-15 16:31:33'),(96,55,136,1,'2019-02-15 16:31:33','2019-02-15 16:31:33'),(97,56,36,1,'2019-02-15 16:31:53','2019-02-15 16:31:53'),(98,57,26,1,'2019-02-15 16:32:12','2019-02-15 16:32:12'),(99,58,55,1,'2019-02-15 16:33:29','2019-02-15 16:33:29'),(100,59,156,1,'2019-02-15 16:33:53','2019-02-15 16:33:53'),(101,59,76,1,'2019-02-15 16:33:53','2019-02-15 16:33:53'),(102,60,183,2,'2019-02-15 16:34:39','2019-02-15 16:34:39'),(103,61,183,1,'2019-02-15 16:34:55','2019-02-15 16:34:55'),(104,62,183,1,'2019-02-15 16:35:26','2019-02-15 16:35:26'),(105,62,136,1,'2019-02-15 16:35:26','2019-02-15 16:35:26'),(106,63,183,1,'2019-02-15 16:35:56','2019-02-15 16:35:56'),(107,63,136,1,'2019-02-15 16:35:56','2019-02-15 16:35:56'),(108,64,142,2,'2019-02-15 16:38:06','2019-02-15 16:38:06'),(109,64,136,2,'2019-02-15 16:38:06','2019-02-15 16:38:06'),(110,64,177,2,'2019-02-15 16:38:06','2019-02-15 16:38:06'),(111,64,181,2,'2019-02-15 16:38:06','2019-02-15 16:38:06'),(112,64,42,2,'2019-02-15 16:38:06','2019-02-15 16:38:06'),(113,64,84,2,'2019-02-15 16:38:06','2019-02-15 16:38:06'),(114,64,118,2,'2019-02-15 16:38:06','2019-02-15 16:38:06'),(115,64,45,2,'2019-02-15 16:38:06','2019-02-15 16:38:06'),(116,64,74,2,'2019-02-15 16:38:06','2019-02-15 16:38:06'),(117,65,142,2,'2019-02-15 16:42:17','2019-02-15 16:42:17'),(118,66,142,2,'2019-02-15 16:42:43','2019-02-15 16:42:43'),(119,67,62,1,'2019-02-15 16:43:06','2019-02-15 16:43:06'),(120,68,142,1,'2019-02-15 16:43:39','2019-02-15 16:43:39'),(121,69,157,1,'2019-02-15 16:43:58','2019-02-15 16:43:58'),(122,70,46,2,'2019-02-15 16:46:04','2019-02-15 16:46:04'),(123,70,116,2,'2019-02-15 16:46:04','2019-02-15 16:46:04'),(124,71,185,2,'2019-02-15 16:46:32','2019-02-15 16:46:32'),(125,71,24,2,'2019-02-15 16:46:32','2019-02-15 16:46:32'),(126,71,42,2,'2019-02-15 16:46:32','2019-02-15 16:46:32'),(127,72,43,1,'2019-02-15 16:47:10','2019-02-15 16:47:10'),(128,72,24,1,'2019-02-15 16:47:10','2019-02-15 16:47:10'),(129,73,24,2,'2019-02-15 16:47:45','2019-02-15 16:47:45'),(130,74,185,1,'2019-02-15 16:48:13','2019-02-15 16:48:13'),(131,75,42,1,'2019-02-15 16:48:41','2019-02-15 16:48:41'),(132,75,162,1,'2019-02-15 16:48:41','2019-02-15 16:48:41'),(133,76,246,2,'2019-02-15 16:49:01','2019-02-15 16:49:01'),(134,77,10,1,'2019-02-15 16:53:28','2019-02-15 16:53:28'),(135,77,48,1,'2019-02-15 16:53:28','2019-02-15 16:53:28'),(136,77,57,1,'2019-02-15 16:53:28','2019-02-15 16:53:28'),(137,77,94,1,'2019-02-15 16:53:28','2019-02-15 16:53:28'),(138,78,7,1,'2019-02-15 17:24:23','2019-02-15 17:24:23'),(139,78,131,1,'2019-02-15 17:24:23','2019-02-15 17:24:23'),(140,78,35,1,'2019-02-15 17:24:23','2019-02-15 17:24:23'),(141,78,183,1,'2019-02-15 17:24:23','2019-02-15 17:24:23'),(142,78,51,1,'2019-02-15 17:24:23','2019-02-15 17:24:23'),(143,78,189,1,'2019-02-15 17:24:23','2019-02-15 17:24:23'),(144,78,62,1,'2019-02-15 17:24:23','2019-02-15 17:24:23'),(145,78,84,1,'2019-02-15 17:24:23','2019-02-15 17:24:23'),(146,78,86,1,'2019-02-15 17:24:23','2019-02-15 17:24:23'),(147,78,111,1,'2019-02-15 17:24:23','2019-02-15 17:24:23'),(148,79,24,1,'2019-02-15 19:19:14','2019-02-15 19:19:14'),(149,79,37,1,'2019-02-15 19:19:14','2019-02-15 19:19:14'),(150,79,66,1,'2019-02-15 19:19:14','2019-02-15 19:19:14'),(151,79,162,1,'2019-02-15 19:19:14','2019-02-15 19:19:14');
/*!40000 ALTER TABLE `commission_representations` ENABLE KEYS */;
UNLOCK TABLES;

--
-- Table structure for table `commissions`
--

DROP TABLE IF EXISTS `commissions`;
/*!40101 SET @saved_cs_client     = @@character_set_client */;
/*!40101 SET character_set_client = utf8 */;
CREATE TABLE `commissions` (
  `id` int(10) unsigned NOT NULL AUTO_INCREMENT,
  `name` varchar(255) COLLATE utf8mb4_unicode_ci NOT NULL,
  `language_id` int(10) unsigned NOT NULL,
  `description` varchar(255) COLLATE utf8mb4_unicode_ci DEFAULT NULL,
  `created_at` timestamp NULL DEFAULT NULL,
  `updated_at` timestamp NULL DEFAULT NULL,
  PRIMARY KEY (`id`),
  KEY `commissions_language_id_foreign` (`language_id`),
  CONSTRAINT `commissions_language_id_foreign` FOREIGN KEY (`language_id`) REFERENCES `languages` (`id`) ON DELETE CASCADE
) ENGINE=InnoDB AUTO_INCREMENT=9 DEFAULT CHARSET=utf8mb4 COLLATE=utf8mb4_unicode_ci;
/*!40101 SET character_set_client = @saved_cs_client */;

--
-- Dumping data for table `commissions`
--

LOCK TABLES `commissions` WRITE;
/*!40000 ALTER TABLE `commissions` DISABLE KEYS */;
INSERT INTO `commissions` VALUES (1,' Comité Ejecutivo del Alto Comisionado de las Naciones Unidas para los Refugiados (ACNUR)',1,NULL,'2019-02-07 12:12:50','2019-02-07 12:12:50'),(2,'Banco Interamericano de Desarrollo (BID)',1,NULL,'2019-02-07 12:12:50','2019-02-07 12:12:50'),(3,'Reunión Ministerial Unión Europea - Comunidad de Estados Latinoamericanos Caribeños (UE - CELAC)',1,'2019-02-07 12:12:50','2019-02-07 12:12:50',NULL),(4,'Asamblea de las Naciones Unidas para el Medio Ambiente (UNEA)',1,NULL,'2019-02-07 12:12:50','2019-02-07 12:12:50'),(5,'Cumbre de Jefes de Estado para la creación de un Estado Europeo , 2025',1,NULL,'2019-02-07 12:12:50','2019-02-07 12:12:50'),(6,' Consejo de Seguridad (CS)',1,NULL,'2019-02-07 12:12:50','2019-02-07 12:12:50'),(7,'Cuerpo de Prensa (CP)',1,NULL,'2019-02-07 12:12:50','2019-02-07 12:12:50'),(8,'Comisión Económica para América Latina y el Caribe (CEPAL)',1,NULL,'2019-02-07 12:12:50','2019-02-07 12:12:50');
/*!40000 ALTER TABLE `commissions` ENABLE KEYS */;
UNLOCK TABLES;

--
-- Table structure for table `countries`
--

DROP TABLE IF EXISTS `countries`;
/*!40101 SET @saved_cs_client     = @@character_set_client */;
/*!40101 SET character_set_client = utf8 */;
CREATE TABLE `countries` (
  `id` int(10) unsigned NOT NULL AUTO_INCREMENT,
  `name` varchar(255) COLLATE utf8mb4_unicode_ci NOT NULL,
  `created_at` timestamp NULL DEFAULT NULL,
  `updated_at` timestamp NULL DEFAULT NULL,
  PRIMARY KEY (`id`)
) ENGINE=InnoDB AUTO_INCREMENT=245 DEFAULT CHARSET=utf8mb4 COLLATE=utf8mb4_unicode_ci;
/*!40101 SET character_set_client = @saved_cs_client */;

--
-- Dumping data for table `countries`
--

LOCK TABLES `countries` WRITE;
/*!40000 ALTER TABLE `countries` DISABLE KEYS */;
INSERT INTO `countries` VALUES (1,'Afghanistan','2018-10-08 20:48:23','2018-10-08 20:48:23'),(2,'Albania','2018-10-08 20:48:23','2018-10-08 20:48:23'),(3,'Argelia','2018-10-08 20:48:23','2018-10-08 20:48:23'),(4,'Alemania','2018-10-08 20:48:23','2018-10-08 20:48:23'),(5,'American Samoa','2018-10-08 20:48:23','2018-10-08 20:48:23'),(6,'Andorra','2018-10-08 20:48:23','2018-10-08 20:48:23'),(7,'Angola','2018-10-08 20:48:23','2018-10-08 20:48:23'),(8,'Anguilla','2018-10-08 20:48:23','2018-10-08 20:48:23'),(9,'Antartida','2018-10-08 20:48:23','2018-10-08 20:48:23'),(10,'Antigua y Barbuda','2018-10-08 20:48:23','2018-10-08 20:48:23'),(11,'Argentina','2018-10-08 20:48:23','2018-10-08 20:48:23'),(12,'Armenia','2018-10-08 20:48:23','2018-10-08 20:48:23'),(13,'Aruba','2018-10-08 20:48:23','2018-10-08 20:48:23'),(14,'Australia','2018-10-08 20:48:23','2018-10-08 20:48:23'),(15,'Austria','2018-10-08 20:48:23','2018-10-08 20:48:23'),(16,'Azerbaijan','2018-10-08 20:48:23','2018-10-08 20:48:23'),(17,'Bahamas','2018-10-08 20:48:23','2018-10-08 20:48:23'),(18,'Bahrain','2018-10-08 20:48:23','2018-10-08 20:48:23'),(19,'Bangladesh','2018-10-08 20:48:23','2018-10-08 20:48:23'),(20,'Barbados','2018-10-08 20:48:23','2018-10-08 20:48:23'),(21,'Belarus','2018-10-08 20:48:23','2018-10-08 20:48:23'),(22,'Belgium','2018-10-08 20:48:23','2018-10-08 20:48:23'),(23,'Belize','2018-10-08 20:48:23','2018-10-08 20:48:23'),(24,'Benin','2018-10-08 20:48:23','2018-10-08 20:48:23'),(25,'Bermuda','2018-10-08 20:48:23','2018-10-08 20:48:23'),(26,'Bhutan','2018-10-08 20:48:23','2018-10-08 20:48:23'),(27,'Bolivia','2018-10-08 20:48:23','2018-10-08 20:48:23'),(28,'Bosnia-Herzegovina','2018-10-08 20:48:23','2018-10-08 20:48:23'),(29,'Botswana','2018-10-08 20:48:23','2018-10-08 20:48:23'),(30,'Bouvet Island','2018-10-08 20:48:23','2018-10-08 20:48:23'),(31,'Brasil','2018-10-08 20:48:23','2018-10-08 20:48:23'),(32,'Brit Ind Ocean Territory','2018-10-08 20:48:23','2018-10-08 20:48:23'),(33,'Brunei Darussalm','2018-10-08 20:48:23','2018-10-08 20:48:23'),(34,'Bulgaria','2018-10-08 20:48:23','2018-10-08 20:48:23'),(35,'Burkina Faso','2018-10-08 20:48:23','2018-10-08 20:48:23'),(36,'Burma','2018-10-08 20:48:23','2018-10-08 20:48:23'),(37,'Burundi','2018-10-08 20:48:23','2018-10-08 20:48:23'),(38,'Cambodia','2018-10-08 20:48:23','2018-10-08 20:48:23'),(39,'Cameroon','2018-10-08 20:48:23','2018-10-08 20:48:23'),(40,'Canada','2018-10-08 20:48:23','2018-10-08 20:48:23'),(41,'Canary Islands','2018-10-08 20:48:23','2018-10-08 20:48:23'),(42,'Cape Verde','2018-10-08 20:48:23','2018-10-08 20:48:23'),(43,'Caymen Islands','2018-10-08 20:48:23','2018-10-08 20:48:23'),(44,'Central African Rep','2018-10-08 20:48:23','2018-10-08 20:48:23'),(45,'Chad','2018-10-08 20:48:23','2018-10-08 20:48:23'),(46,'Chile','2018-10-08 20:48:23','2018-10-08 20:48:23'),(47,'China','2018-10-08 20:48:23','2018-10-08 20:48:23'),(48,'Christmas Islands','2018-10-08 20:48:23','2018-10-08 20:48:23'),(49,'Cocos Islands','2018-10-08 20:48:23','2018-10-08 20:48:23'),(50,'Colombia','2018-10-08 20:48:23','2018-10-08 20:48:23'),(51,'Comoros','2018-10-08 20:48:23','2018-10-08 20:48:23'),(52,'Congo','2018-10-08 20:48:23','2018-10-08 20:48:23'),(53,'Cook Islands','2018-10-08 20:48:23','2018-10-08 20:48:23'),(54,'Costa Rica','2018-10-08 20:48:23','2018-10-08 20:48:23'),(55,'Croatia','2018-10-08 20:48:23','2018-10-08 20:48:23'),(56,'Cuba','2018-10-08 20:48:23','2018-10-08 20:48:23'),(57,'Chipre','2018-10-08 20:48:23','2018-10-08 20:48:23'),(58,'Dem Rep. of Korea','2018-10-08 20:48:23','2018-10-08 20:48:23'),(59,'Dinamarca','2018-10-08 20:48:23','2018-10-08 20:48:23'),(60,'Djibouti','2018-10-08 20:48:23','2018-10-08 20:48:23'),(61,'Dominica','2018-10-08 20:48:23','2018-10-08 20:48:23'),(62,'East Timor','2018-10-08 20:48:23','2018-10-08 20:48:23'),(63,'Ecuador','2018-10-08 20:48:23','2018-10-08 20:48:23'),(64,'Egipto','2018-10-08 20:48:23','2018-10-08 20:48:23'),(65,'El Salvador','2018-10-08 20:48:23','2018-10-08 20:48:23'),(66,'Eritrea','2018-10-08 20:48:23','2018-10-08 20:48:23'),(67,'España','2018-10-08 20:48:23','2018-10-08 20:48:23'),(68,'Estados Unidos de America','2018-10-08 20:48:23','2018-10-08 20:48:23'),(69,'Estonia','2018-10-08 20:48:23','2018-10-08 20:48:23'),(70,'Etiopia','2018-10-08 20:48:23','2018-10-08 20:48:23'),(71,'Falkland Islands','2018-10-08 20:48:23','2018-10-08 20:48:23'),(72,'Faroe Islands','2018-10-08 20:48:23','2018-10-08 20:48:23'),(73,'Fiji','2018-10-08 20:48:23','2018-10-08 20:48:23'),(74,'Finland','2018-10-08 20:48:23','2018-10-08 20:48:23'),(75,'Francia','2018-10-08 20:48:23','2018-10-08 20:48:23'),(76,'Guiana Francesa','2018-10-08 20:48:23','2018-10-08 20:48:23'),(77,'Polynesia Francesa','2018-10-08 20:48:23','2018-10-08 20:48:23'),(78,'French So. Territories','2018-10-08 20:48:23','2018-10-08 20:48:23'),(79,'Gabon','2018-10-08 20:48:23','2018-10-08 20:48:23'),(80,'Gambia','2018-10-08 20:48:23','2018-10-08 20:48:23'),(81,'Georgia','2018-10-08 20:48:23','2018-10-08 20:48:23'),(82,'Ghana','2018-10-08 20:48:23','2018-10-08 20:48:23'),(83,'Gibraltar','2018-10-08 20:48:23','2018-10-08 20:48:23'),(84,'Guinea Equatorial','2018-10-08 20:48:23','2018-10-08 20:48:23'),(85,'Grecia','2018-10-08 20:48:23','2018-10-08 20:48:23'),(86,'Greenland','2018-10-08 20:48:23','2018-10-08 20:48:23'),(87,'Grenada','2018-10-08 20:48:23','2018-10-08 20:48:23'),(88,'Guadalupe','2018-10-08 20:48:23','2018-10-08 20:48:23'),(89,'Guatemala','2018-10-08 20:48:23','2018-10-08 20:48:23'),(90,'Guinea','2018-10-08 20:48:23','2018-10-08 20:48:23'),(91,'Guinea Bissau','2018-10-08 20:48:23','2018-10-08 20:48:23'),(92,'Guyana','2018-10-08 20:48:23','2018-10-08 20:48:23'),(93,'Haiti','2018-10-08 20:48:23','2018-10-08 20:48:23'),(94,'Heard, McDonald Island','2018-10-08 20:48:23','2018-10-08 20:48:23'),(95,'Honduras','2018-10-08 20:48:23','2018-10-08 20:48:23'),(96,'Hong Kong','2018-10-08 20:48:23','2018-10-08 20:48:23'),(97,'Hungary','2018-10-08 20:48:23','2018-10-08 20:48:23'),(98,'Iceland','2018-10-08 20:48:23','2018-10-08 20:48:23'),(99,'India','2018-10-08 20:48:23','2018-10-08 20:48:23'),(100,'Indonesia','2018-10-08 20:48:23','2018-10-08 20:48:23'),(101,'Inglaterra','2018-10-08 20:48:23','2018-10-08 20:48:23'),(102,'Iran','2018-10-08 20:48:23','2018-10-08 20:48:23'),(103,'Iraq','2018-10-08 20:48:23','2018-10-08 20:48:23'),(104,'Ireland','2018-10-08 20:48:23','2018-10-08 20:48:23'),(105,'Islas Filipinas','2018-10-08 20:48:23','2018-10-08 20:48:23'),(106,'Israel','2018-10-08 20:48:23','2018-10-08 20:48:23'),(107,'Italia','2018-10-08 20:48:23','2018-10-08 20:48:23'),(108,'Ivory Coast','2018-10-08 20:48:23','2018-10-08 20:48:23'),(109,'Jamaica','2018-10-08 20:48:23','2018-10-08 20:48:23'),(110,'Japon','2018-10-08 20:48:23','2018-10-08 20:48:23'),(111,'Jordan','2018-10-08 20:48:23','2018-10-08 20:48:23'),(112,'Kazakhistan','2018-10-08 20:48:23','2018-10-08 20:48:23'),(113,'Kenia','2018-10-08 20:48:23','2018-10-08 20:48:23'),(114,'Kiribati','2018-10-08 20:48:23','2018-10-08 20:48:23'),(115,'Korea del Norte','2018-10-08 20:48:23','2018-10-08 20:48:23'),(116,'Kuwait','2018-10-08 20:48:23','2018-10-08 20:48:23'),(117,'Kyrqyzstan','2018-10-08 20:48:23','2018-10-08 20:48:23'),(118,'Laos','2018-10-08 20:48:23','2018-10-08 20:48:23'),(119,'Lativa','2018-10-08 20:48:23','2018-10-08 20:48:23'),(120,'Libano','2018-10-08 20:48:23','2018-10-08 20:48:23'),(121,'Lesotho','2018-10-08 20:48:23','2018-10-08 20:48:23'),(122,'Liberia','2018-10-08 20:48:23','2018-10-08 20:48:23'),(123,'Libya','2018-10-08 20:48:23','2018-10-08 20:48:23'),(124,'Liechtenstein','2018-10-08 20:48:23','2018-10-08 20:48:23'),(125,'Lithuania','2018-10-08 20:48:23','2018-10-08 20:48:23'),(126,'Luxembourg','2018-10-08 20:48:23','2018-10-08 20:48:23'),(127,'Macau','2018-10-08 20:48:23','2018-10-08 20:48:23'),(128,'Madagascar','2018-10-08 20:48:23','2018-10-08 20:48:23'),(129,'Malawi','2018-10-08 20:48:23','2018-10-08 20:48:23'),(130,'Malaysia','2018-10-08 20:48:23','2018-10-08 20:48:23'),(131,'Maldivas','2018-10-08 20:48:23','2018-10-08 20:48:23'),(132,'Mali','2018-10-08 20:48:23','2018-10-08 20:48:23'),(133,'Malta','2018-10-08 20:48:23','2018-10-08 20:48:23'),(134,'Mariana Islands','2018-10-08 20:48:23','2018-10-08 20:48:23'),(135,'Marruecos','2018-10-08 20:48:23','2018-10-08 20:48:23'),(136,'Marshall Islands','2018-10-08 20:48:23','2018-10-08 20:48:23'),(137,'Martinique','2018-10-08 20:48:23','2018-10-08 20:48:23'),(138,'Mauritania','2018-10-08 20:48:23','2018-10-08 20:48:23'),(139,'Mauritius','2018-10-08 20:48:23','2018-10-08 20:48:23'),(140,'Mayotte','2018-10-08 20:48:23','2018-10-08 20:48:23'),(141,'Mexico','2018-10-08 20:48:23','2018-10-08 20:48:23'),(142,'Micronesia','2018-10-08 20:48:23','2018-10-08 20:48:23'),(143,'Moldova','2018-10-08 20:48:23','2018-10-08 20:48:23'),(144,'Monaco','2018-10-08 20:48:23','2018-10-08 20:48:23'),(145,'Mongolia','2018-10-08 20:48:23','2018-10-08 20:48:23'),(146,'Montserrat','2018-10-08 20:48:23','2018-10-08 20:48:23'),(147,'Mozambique','2018-10-08 20:48:23','2018-10-08 20:48:23'),(148,'Myanmar','2018-10-08 20:48:23','2018-10-08 20:48:23'),(149,'Nambia','2018-10-08 20:48:23','2018-10-08 20:48:23'),(150,'Nauru','2018-10-08 20:48:23','2018-10-08 20:48:23'),(151,'Nepal','2018-10-08 20:48:23','2018-10-08 20:48:23'),(152,'Netherland Antilles','2018-10-08 20:48:23','2018-10-08 20:48:23'),(153,'Netherlands','2018-10-08 20:48:23','2018-10-08 20:48:23'),(154,'New Caledonia','2018-10-08 20:48:23','2018-10-08 20:48:23'),(155,'New Zealand','2018-10-08 20:48:23','2018-10-08 20:48:23'),(156,'Nicaragua','2018-10-08 20:48:23','2018-10-08 20:48:23'),(157,'Niger','2018-10-08 20:48:23','2018-10-08 20:48:23'),(158,'Nigeria','2018-10-08 20:48:23','2018-10-08 20:48:23'),(159,'Niue Island','2018-10-08 20:48:23','2018-10-08 20:48:23'),(160,'Norfolk Island','2018-10-08 20:48:23','2018-10-08 20:48:23'),(161,'Northern Mariana Island','2018-10-08 20:48:23','2018-10-08 20:48:23'),(162,'Norway','2018-10-08 20:48:23','2018-10-08 20:48:23'),(163,'OCE','2018-10-08 20:48:23','2018-10-08 20:48:23'),(164,'Oman','2018-10-08 20:48:23','2018-10-08 20:48:23'),(165,'Pacific Islands','2018-10-08 20:48:23','2018-10-08 20:48:23'),(166,'Pakistan','2018-10-08 20:48:23','2018-10-08 20:48:23'),(167,'Palau','2018-10-08 20:48:23','2018-10-08 20:48:23'),(168,'Panama','2018-10-08 20:48:23','2018-10-08 20:48:23'),(169,'Papua New Guinea','2018-10-08 20:48:23','2018-10-08 20:48:23'),(170,'Paraguay','2018-10-08 20:48:23','2018-10-08 20:48:23'),(171,'Peru','2018-10-08 20:48:23','2018-10-08 20:48:23'),(172,'Pitcairn','2018-10-08 20:48:23','2018-10-08 20:48:23'),(173,'Poland','2018-10-08 20:48:23','2018-10-08 20:48:23'),(174,'Portugal','2018-10-08 20:48:23','2018-10-08 20:48:23'),(175,'Puerto Rico','2018-10-08 20:48:23','2018-10-08 20:48:23'),(176,'Qatar','2018-10-08 20:48:23','2018-10-08 20:48:23'),(177,'Reino Unido','2018-10-08 20:48:23','2018-10-08 20:48:23'),(178,'Republica de Corea','2018-10-08 20:48:23','2018-10-08 20:48:23'),(179,'República Dominicana','2018-10-08 20:48:23','2018-10-08 20:48:23'),(180,'Reunion','2018-10-08 20:48:23','2018-10-08 20:48:23'),(181,'Romania','2018-10-08 20:48:23','2018-10-08 20:48:23'),(182,'Russian Federation','2018-10-08 20:48:23','2018-10-08 20:48:23'),(183,'Rwanda','2018-10-08 20:48:23','2018-10-08 20:48:23'),(184,'South Georgia Sandwich','2018-10-08 20:48:23','2018-10-08 20:48:23'),(185,'Saint Pierre Miguelon','2018-10-08 20:48:23','2018-10-08 20:48:23'),(186,'Samoa','2018-10-08 20:48:23','2018-10-08 20:48:23'),(187,'San Marino','2018-10-08 20:48:23','2018-10-08 20:48:23'),(188,'Sao Tomee and Principe','2018-10-08 20:48:23','2018-10-08 20:48:23'),(189,'Saudi Arabia','2018-10-08 20:48:23','2018-10-08 20:48:23'),(190,'Senegal','2018-10-08 20:48:23','2018-10-08 20:48:23'),(191,'Seychelles','2018-10-08 20:48:23','2018-10-08 20:48:23'),(192,'Sierre Leone','2018-10-08 20:48:23','2018-10-08 20:48:23'),(193,'Singapore','2018-10-08 20:48:23','2018-10-08 20:48:23'),(194,'Slovakia','2018-10-08 20:48:23','2018-10-08 20:48:23'),(195,'Slovenia','2018-10-08 20:48:23','2018-10-08 20:48:23'),(196,'Solomon Islands','2018-10-08 20:48:23','2018-10-08 20:48:23'),(197,'Somali Republic','2018-10-08 20:48:23','2018-10-08 20:48:23'),(198,'South Africa','2018-10-08 20:48:23','2018-10-08 20:48:23'),(199,'South Korea','2018-10-08 20:48:23','2018-10-08 20:48:23'),(200,'Sri Lanka','2018-10-08 20:48:23','2018-10-08 20:48:23'),(201,'St. Helena','2018-10-08 20:48:23','2018-10-08 20:48:23'),(202,'St. Kits-Nevis','2018-10-08 20:48:23','2018-10-08 20:48:23'),(203,'St. Lucia','2018-10-08 20:48:23','2018-10-08 20:48:23'),(204,'St. Vincent/Grenadines','2018-10-08 20:48:23','2018-10-08 20:48:23'),(205,'Sudan','2018-10-08 20:48:23','2018-10-08 20:48:23'),(206,'Suriname','2018-10-08 20:48:23','2018-10-08 20:48:23'),(207,'Svalbard Jan Mayen','2018-10-08 20:48:23','2018-10-08 20:48:23'),(208,'Swaziland','2018-10-08 20:48:23','2018-10-08 20:48:23'),(209,'Sweden','2018-10-08 20:48:23','2018-10-08 20:48:23'),(210,'Switzerland','2018-10-08 20:48:23','2018-10-08 20:48:23'),(211,'Syria','2018-10-08 20:48:23','2018-10-08 20:48:23'),(212,'Taiwan','2018-10-08 20:48:23','2018-10-08 20:48:23'),(213,'Tajikistan','2018-10-08 20:48:23','2018-10-08 20:48:23'),(214,'Tanzania','2018-10-08 20:48:23','2018-10-08 20:48:23'),(215,'Thailand','2018-10-08 20:48:23','2018-10-08 20:48:23'),(216,'Togo','2018-10-08 20:48:23','2018-10-08 20:48:23'),(217,'Tokeelau','2018-10-08 20:48:23','2018-10-08 20:48:23'),(218,'Tonga','2018-10-08 20:48:23','2018-10-08 20:48:23'),(219,'Trinidad Tobago','2018-10-08 20:48:23','2018-10-08 20:48:23'),(220,'Tunisia','2018-10-08 20:48:23','2018-10-08 20:48:23'),(221,'Turquia','2018-10-08 20:48:23','2018-10-08 20:48:23'),(222,'Turkmenistan','2018-10-08 20:48:23','2018-10-08 20:48:23'),(223,'Turks Caicos Islands','2018-10-08 20:48:23','2018-10-08 20:48:23'),(224,'Tuvalu','2018-10-08 20:48:23','2018-10-08 20:48:23'),(225,'Uganda','2018-10-08 20:48:23','2018-10-08 20:48:23'),(226,'Ukrania','2018-10-08 20:48:23','2018-10-08 20:48:23'),(227,'United Arab Emirates','2018-10-08 20:48:23','2018-10-08 20:48:23'),(228,'Uruguay','2018-10-08 20:48:23','2018-10-08 20:48:23'),(229,'US Minor Outlying Is.','2018-10-08 20:48:23','2018-10-08 20:48:23'),(230,'Uzbekistan','2018-10-08 20:48:23','2018-10-08 20:48:23'),(231,'Vanuatu','2018-10-08 20:48:23','2018-10-08 20:48:23'),(232,'Vatican City State','2018-10-08 20:48:23','2018-10-08 20:48:23'),(233,'Venezuela','2018-10-08 20:48:23','2018-10-08 20:48:23'),(234,'Vietnam','2018-10-08 20:48:23','2018-10-08 20:48:23'),(235,'Virgin Islands: British','2018-10-08 20:48:23','2018-10-08 20:48:23'),(236,'Virgin Islands: US','2018-10-08 20:48:23','2018-10-08 20:48:23'),(237,'Wallis Futuna Islands','2018-10-08 20:48:23','2018-10-08 20:48:23'),(238,'Western Sahara','2018-10-08 20:48:23','2018-10-08 20:48:23'),(239,'Western Samoa','2018-10-08 20:48:23','2018-10-08 20:48:23'),(240,'Yemen','2018-10-08 20:48:23','2018-10-08 20:48:23'),(241,'Yugoslavia','2018-10-08 20:48:23','2018-10-08 20:48:23'),(242,'Zaire','2018-10-08 20:48:23','2018-10-08 20:48:23'),(243,'Zambia','2018-10-08 20:48:23','2018-10-08 20:48:23'),(244,'Zimbabwe','2018-10-08 20:48:23','2018-10-08 20:48:23');
/*!40000 ALTER TABLE `countries` ENABLE KEYS */;
UNLOCK TABLES;

--
-- Table structure for table `institution_commissions`
--

DROP TABLE IF EXISTS `institution_commissions`;
/*!40101 SET @saved_cs_client     = @@character_set_client */;
/*!40101 SET character_set_client = utf8 */;
CREATE TABLE `institution_commissions` (
  `id` int(10) unsigned NOT NULL AUTO_INCREMENT,
  `commission_id` int(10) unsigned NOT NULL,
  `institution_id` int(10) unsigned NOT NULL,
  `created_at` timestamp NULL DEFAULT NULL,
  `updated_at` timestamp NULL DEFAULT NULL,
  PRIMARY KEY (`id`),
  KEY `institution_commissions_commission_id_foreign` (`commission_id`),
  KEY `institution_commissions_institution_id_foreign` (`institution_id`),
  CONSTRAINT `institution_commissions_commission_id_foreign` FOREIGN KEY (`commission_id`) REFERENCES `commissions` (`id`) ON DELETE CASCADE,
  CONSTRAINT `institution_commissions_institution_id_foreign` FOREIGN KEY (`institution_id`) REFERENCES `institutions` (`id`) ON DELETE CASCADE
) ENGINE=InnoDB AUTO_INCREMENT=80 DEFAULT CHARSET=utf8mb4 COLLATE=utf8mb4_unicode_ci;
/*!40101 SET character_set_client = @saved_cs_client */;

--
-- Dumping data for table `institution_commissions`
--

LOCK TABLES `institution_commissions` WRITE;
/*!40000 ALTER TABLE `institution_commissions` DISABLE KEYS */;
INSERT INTO `institution_commissions` VALUES (1,4,44,'2019-02-15 15:04:45','2019-02-15 15:04:45'),(2,3,44,'2019-02-15 15:05:16','2019-02-15 15:05:16'),(3,2,44,'2019-02-15 15:05:32','2019-02-15 15:05:32'),(4,6,44,'2019-02-15 15:05:51','2019-02-15 15:05:51'),(5,5,44,'2019-02-15 15:06:12','2019-02-15 15:06:12'),(6,7,44,'2019-02-15 15:06:25','2019-02-15 15:06:25'),(7,1,14,'2019-02-15 15:09:09','2019-02-15 15:09:09'),(8,2,14,'2019-02-15 15:09:37','2019-02-15 15:09:37'),(9,4,6,'2019-02-15 15:10:48','2019-02-15 15:10:48'),(10,3,6,'2019-02-15 15:11:04','2019-02-15 15:11:04'),(11,5,6,'2019-02-15 15:11:25','2019-02-15 15:11:25'),(12,7,6,'2019-02-15 15:11:41','2019-02-15 15:11:41'),(13,4,50,'2019-02-15 15:14:53','2019-02-15 15:14:53'),(14,1,50,'2019-02-15 15:15:17','2019-02-15 15:15:17'),(15,1,49,'2019-02-15 15:16:00','2019-02-15 15:16:00'),(16,3,49,'2019-02-15 15:16:24','2019-02-15 15:16:24'),(17,2,49,'2019-02-15 15:16:44','2019-02-15 15:16:44'),(18,6,49,'2019-02-15 15:16:59','2019-02-15 15:16:59'),(19,5,49,'2019-02-15 15:17:28','2019-02-15 15:17:28'),(20,1,47,'2019-02-15 15:19:10','2019-02-15 15:19:10'),(21,3,47,'2019-02-15 15:19:41','2019-02-15 15:19:41'),(22,2,47,'2019-02-15 15:20:12','2019-02-15 15:20:12'),(23,6,47,'2019-02-15 15:20:30','2019-02-15 15:20:30'),(24,5,47,'2019-02-15 15:21:02','2019-02-15 15:21:02'),(25,4,51,'2019-02-15 15:23:45','2019-02-15 15:23:45'),(26,1,51,'2019-02-15 15:24:37','2019-02-15 15:24:37'),(27,3,51,'2019-02-15 15:25:19','2019-02-15 15:25:19'),(28,2,51,'2019-02-15 15:25:37','2019-02-15 15:25:37'),(29,6,51,'2019-02-15 15:26:01','2019-02-15 15:26:01'),(30,6,51,'2019-02-15 15:26:33','2019-02-15 15:26:33'),(31,5,51,'2019-02-15 15:27:09','2019-02-15 15:27:09'),(32,7,51,'2019-02-15 15:27:36','2019-02-15 15:27:36'),(33,3,45,'2019-02-15 15:36:58','2019-02-15 15:36:58'),(34,1,45,'2019-02-15 15:37:31','2019-02-15 15:37:31'),(35,2,45,'2019-02-15 15:38:46','2019-02-15 15:38:46'),(36,3,45,'2019-02-15 15:40:36','2019-02-15 15:40:36'),(37,1,24,'2019-02-15 15:46:00','2019-02-15 15:46:00'),(38,4,46,'2019-02-15 15:47:37','2019-02-15 15:47:37'),(39,1,46,'2019-02-15 15:52:14','2019-02-15 15:52:14'),(40,3,46,'2019-02-15 15:52:50','2019-02-15 15:52:50'),(41,6,46,'2019-02-15 15:53:13','2019-02-15 15:53:13'),(42,1,48,'2019-02-15 15:54:16','2019-02-15 15:54:16'),(43,3,48,'2019-02-15 15:54:41','2019-02-15 15:54:41'),(44,2,48,'2019-02-15 15:55:05','2019-02-15 15:55:05'),(45,6,48,'2019-02-15 15:55:25','2019-02-15 15:55:25'),(46,5,48,'2019-02-15 15:55:55','2019-02-15 15:55:55'),(47,7,48,'2019-02-15 15:56:10','2019-02-15 15:56:10'),(48,3,55,'2019-02-15 16:00:55','2019-02-15 16:00:55'),(49,1,54,'2019-02-15 16:17:00','2019-02-15 16:17:00'),(50,3,54,'2019-02-15 16:17:28','2019-02-15 16:17:28'),(51,6,54,'2019-02-15 16:17:51','2019-02-15 16:17:51'),(52,5,54,'2019-02-15 16:18:35','2019-02-15 16:18:35'),(53,4,7,'2019-02-15 16:30:42','2019-02-15 16:30:42'),(54,1,7,'2019-02-15 16:31:10','2019-02-15 16:31:10'),(55,3,7,'2019-02-15 16:31:33','2019-02-15 16:31:33'),(56,6,7,'2019-02-15 16:31:53','2019-02-15 16:31:53'),(57,5,7,'2019-02-15 16:32:12','2019-02-15 16:32:12'),(58,6,8,'2019-02-15 16:33:29','2019-02-15 16:33:29'),(59,5,8,'2019-02-15 16:33:53','2019-02-15 16:33:53'),(60,1,20,'2019-02-15 16:34:39','2019-02-15 16:34:39'),(61,3,20,'2019-02-15 16:34:55','2019-02-15 16:34:55'),(62,6,20,'2019-02-15 16:35:26','2019-02-15 16:35:26'),(63,5,20,'2019-02-15 16:35:56','2019-02-15 16:35:56'),(64,4,19,'2019-02-15 16:38:06','2019-02-15 16:38:06'),(65,1,19,'2019-02-15 16:42:17','2019-02-15 16:42:17'),(66,1,19,'2019-02-15 16:42:43','2019-02-15 16:42:43'),(67,3,19,'2019-02-15 16:43:06','2019-02-15 16:43:06'),(68,6,19,'2019-02-15 16:43:39','2019-02-15 16:43:39'),(69,5,19,'2019-02-15 16:43:58','2019-02-15 16:43:58'),(70,4,3,'2019-02-15 16:46:04','2019-02-15 16:46:04'),(71,1,3,'2019-02-15 16:46:32','2019-02-15 16:46:32'),(72,3,3,'2019-02-15 16:47:10','2019-02-15 16:47:10'),(73,2,3,'2019-02-15 16:47:45','2019-02-15 16:47:45'),(74,6,3,'2019-02-15 16:48:13','2019-02-15 16:48:13'),(75,5,3,'2019-02-15 16:48:41','2019-02-15 16:48:41'),(76,7,3,'2019-02-15 16:49:01','2019-02-15 16:49:01'),(77,3,52,'2019-02-15 16:53:28','2019-02-15 16:53:28'),(78,8,53,'2019-02-15 17:24:23','2019-02-15 17:24:23'),(79,8,57,'2019-02-15 19:19:14','2019-02-15 19:19:14');
/*!40000 ALTER TABLE `institution_commissions` ENABLE KEYS */;
UNLOCK TABLES;

--
-- Table structure for table `institution_types`
--

DROP TABLE IF EXISTS `institution_types`;
/*!40101 SET @saved_cs_client     = @@character_set_client */;
/*!40101 SET character_set_client = utf8 */;
CREATE TABLE `institution_types` (
  `id` int(10) unsigned NOT NULL AUTO_INCREMENT,
  `name` varchar(255) COLLATE utf8mb4_unicode_ci NOT NULL,
  `created_at` timestamp NULL DEFAULT NULL,
  `updated_at` timestamp NULL DEFAULT NULL,
  PRIMARY KEY (`id`)
) ENGINE=InnoDB AUTO_INCREMENT=7 DEFAULT CHARSET=utf8mb4 COLLATE=utf8mb4_unicode_ci;
/*!40101 SET character_set_client = @saved_cs_client */;

--
-- Dumping data for table `institution_types`
--

LOCK TABLES `institution_types` WRITE;
/*!40000 ALTER TABLE `institution_types` DISABLE KEYS */;
INSERT INTO `institution_types` VALUES (1,'Educación Media y Básica','2018-10-08 20:48:23','2018-10-08 20:48:23'),(2,'Educación Superior','2018-10-08 20:48:23','2018-10-08 20:48:23'),(3,'Auspiciadora de Participantes','2018-10-08 20:48:23','2018-10-08 20:48:23'),(4,'Secretaría','2018-10-08 20:48:23','2018-10-08 20:48:23'),(5,'Comité Organizador','2018-10-08 20:48:23','2018-10-08 20:48:23'),(6,'Invitada','2018-10-08 20:48:23','2018-10-08 20:48:23');
/*!40000 ALTER TABLE `institution_types` ENABLE KEYS */;
UNLOCK TABLES;

--
-- Table structure for table `institutions`
--

DROP TABLE IF EXISTS `institutions`;
/*!40101 SET @saved_cs_client     = @@character_set_client */;
/*!40101 SET character_set_client = utf8 */;
CREATE TABLE `institutions` (
  `id` int(10) unsigned NOT NULL AUTO_INCREMENT,
  `name` varchar(255) COLLATE utf8mb4_unicode_ci NOT NULL,
  `type` varchar(255) COLLATE utf8mb4_unicode_ci NOT NULL,
  `phone` varchar(255) COLLATE utf8mb4_unicode_ci DEFAULT NULL,
  `country` varchar(255) COLLATE utf8mb4_unicode_ci NOT NULL,
  `ador_one_name` varchar(255) COLLATE utf8mb4_unicode_ci DEFAULT NULL,
  `ador_one_phone` varchar(255) COLLATE utf8mb4_unicode_ci DEFAULT NULL,
  `ador_one_email` varchar(255) COLLATE utf8mb4_unicode_ci DEFAULT NULL,
  `ador_two_name` varchar(255) COLLATE utf8mb4_unicode_ci DEFAULT NULL,
  `ador_two_phone` varchar(255) COLLATE utf8mb4_unicode_ci DEFAULT NULL,
  `ador_two_email` varchar(255) COLLATE utf8mb4_unicode_ci DEFAULT NULL,
  `created_at` timestamp NULL DEFAULT NULL,
  `updated_at` timestamp NULL DEFAULT NULL,
  PRIMARY KEY (`id`)
) ENGINE=InnoDB AUTO_INCREMENT=58 DEFAULT CHARSET=utf8mb4 COLLATE=utf8mb4_unicode_ci;
/*!40101 SET character_set_client = @saved_cs_client */;

--
-- Dumping data for table `institutions`
--

LOCK TABLES `institutions` WRITE;
/*!40000 ALTER TABLE `institutions` DISABLE KEYS */;
INSERT INTO `institutions` VALUES (1,'Colegio San Judas Tadeo','Educación Media y Básica','8093680055','República Dominicana','Martha Jiménez','8099047413','marthajimenezmale@hotmail.com','Eliana Moisés','8297620359','emoisesc@gmail.com','2018-10-04 21:20:51','2018-10-04 21:20:51'),(2,'Colegio Domínico-Americano','Educación Media y Básica','8095350665','República Dominicana','Ana García','8094817864','anamar52e@gmail.com',NULL,NULL,NULL,'2018-10-04 21:20:51','2018-10-04 21:20:51'),(3,'Secundaria Babeque','Educación Media y Básica','8093812673','República Dominicana','María Victoria Suncar','8493562395','mariavictoriasuncar@gmail.com','Dra. Julissa Gómez','8096293557','gomez_julissa@hotmail.com','2018-10-04 21:20:51','2018-10-04 21:20:51'),(4,'Colegio San Martín de Porres','Educación Media y Básica','8098074827','República Dominicana','Carlos Antonio Rosario García','8092171932','carlosr1777@hotmail.com',NULL,NULL,NULL,'2018-10-04 21:20:51','2018-10-04 21:20:51'),(5,'Puntacana International School','Educación Media y Básica','8099593382','República Dominicana','Jossette Cuello','8098818842','cuellojossette@gmail.com','Isabel Tejeda','8092232847','isabeltej@gmail.com','2018-10-04 21:20:51','2018-10-04 21:20:51'),(6,'Colegio Santa Teresita','Educación Media y Básica','8096876607','República Dominicana','Bélgica Paredes','8099072601','paredesbelgica@','Karla Núñez Ávila','8094963599','canunes41@gmail.com','2018-10-04 21:20:51','2018-10-04 21:20:51'),(7,'MC School','Educación Media y Básica','8095486620','República Dominicana','Cynthia Abreu','8293171399','c.abreu@mcschool.edu.do','Lender Leyba','8098587210','l.leyba@mcschool.edu.do','2018-10-04 21:20:51','2018-10-04 21:20:51'),(8,'Mi Colegio','Educación Media y Básica','8095486555','República Dominicana','Cynthia Abreu','8293171399','c.abreu@mcschool.edu.do','Lender Leyba','8098587210','l.leyba@mcschool.edu.do','2018-10-04 21:20:51','2018-10-04 21:20:51'),(9,'Santiago Christian School','Educación Media y Básica','8095706140','República Dominicana','Dinelsa Alberty','8097536141','dalberty@scs.edu.do',NULL,NULL,NULL,'2018-10-04 21:20:51','2018-10-04 21:20:51'),(10,'Colegio Santa Teresa','Educación Media y Básica','8095948849','República Dominicana','Olga Silvestre','8298906016','osarah2927@gmail.com','Bruno Belony','8097777145','belony18love@gmail.com','2018-10-04 21:20:51','2018-10-04 21:20:51'),(11,'Colegio Dominicano de La Salle','Educación Media y Básica','8096890111 (255)','República Dominicana','Martín Medina Pimentel','8297131538','martinmedpim@gmail.com','Glenny Mateo','8097565690',NULL,'2018-10-04 21:20:51','2018-10-04 21:20:51'),(12,'Colegio Nuestra Señora de La Paz','Educación Media y Básica','80953333233','República Dominicana','Gissel Rosario','8493676972','gissellrosario20@hotmail.com',NULL,NULL,NULL,'2018-10-04 21:20:51','2018-10-04 21:20:51'),(13,'Cathedral International School','Educación Media y Básica','8095929997','República Dominicana','Guillermo Jorge','8098614174','gjorge3rd@gmail.com',NULL,NULL,NULL,'2018-10-04 21:20:51','2018-10-04 21:20:51'),(14,'Colegio San Gabriel de la Dolorosa','Educación Media y Básica','8095356795','República Dominicana','Ramona González','8292152206','ramona_go@outlook.com','Lidia Mota','8299031020','lidiavioleta_20@hotmail.com','2018-10-04 21:20:51','2018-10-04 21:20:51'),(15,'Colegio APEC Fernando Arturo de Meriño (CAFAM)','Educación Media y Básica','8096860021 (3236)','República Dominicana','Elizabeth Cirineo Cabrera','8299287156','cirineo.13@hotmail.com','Daysis Mena','8295987470','lachefmena@hotmail.com','2018-10-04 21:20:51','2018-10-06 02:44:46'),(16,'MI-EL Christian School','Educación Media y Básica','8094769346','República Dominicana','Rossy Báez','8095010943','baez.rossy@gmail.com',NULL,NULL,'secondarycoord@mielschool.edu.do','2018-10-04 21:20:51','2018-10-04 21:20:51'),(17,'Instituto Montessori','Educación Media y Básica','8096877820','República Dominicana','Massielle Martínez','8098019081','masielle.martinez@gmail.com',NULL,NULL,NULL,'2018-10-04 21:20:51','2018-10-04 21:20:51'),(18,'Centro Educativo Quisqueya de Santiago (CEQUISA)','Educación Media y Básica','8095751693, 8095755858','República Dominicana','Nora Ramírez','8093456445','colegioquisqueya@claro.net.do','Anny Guzmán','8295254618','annysamir2010@gmail.com','2018-10-04 21:20:51','2018-10-05 21:02:09'),(19,'Saint Thomas School','Educación Media y Básica','8097325870','República Dominicana','Tania Borges','8096976266','borgesmartinez@hotmail.com','Manuel Hazoury',NULL,'manuel3h@saintthomas.edu.do','2018-10-04 21:20:51','2018-10-04 21:20:51'),(20,'Saint George School','Educación Media y Básica','8095625262','República Dominicana','Firely Uribe Pagán','8493580510','furibe@saintgeorge.do',NULL,NULL,NULL,'2018-10-04 21:20:51','2018-10-04 21:20:51'),(21,'Saint Joseph School','Educación Media y Básica','8095408992','República Dominicana','Luis Martínez','8295705838','lmartinez@sjs.edu.do',NULL,NULL,NULL,'2018-10-04 21:20:51','2018-10-04 21:20:51'),(22,'Brilliant Minds School','Educación Media y Básica','8098069090, 8095925454','República Dominicana','Benedicta Calderón','8093069090','colegiobms@gmail.com','Ana Satarria','8093066191','asatarria@gmail.com','2018-10-04 21:20:51','2018-10-04 21:20:51'),(23,'Colegio Tilatá','Educación Media y Básica','5715921414 (122)','Colombia','Sandra Arévalo Pérez','573184935398','sarevalo@colegiotilata.edu.co',NULL,NULL,NULL,'2018-10-04 21:20:51','2018-10-04 21:20:51'),(24,'Colegio San Juan Bautista','Educación Media y Básica','8095816008','República Dominicana','Mariela Grullón','8099860126','mariela@colegiosanjuanbautista.com','Emmanuel Rodriguez Sanchez','8492597481','sanchez1991e@gmail.com','2018-10-04 21:20:51','2018-10-19 19:14:42'),(25,'Asociación Dominicana de las Naciones Unidas (ANU-RD)','Comité Organizador','8096859966','República Dominicana','Rafael Valdivieso','8296375626','r.valdivieso@unadr.org.do',NULL,NULL,NULL,'2018-10-05 20:23:38','2018-10-05 20:23:38'),(26,'Fundación Global Democracia y Desarrollo (FUNGLODE)','Comité Organizador','80)6859966','República Dominicana',NULL,NULL,NULL,NULL,NULL,NULL,'2018-10-05 20:24:36','2018-10-05 20:24:36'),(27,'Global Foundation for Democracy and Development (GFDD)','Comité Organizador','2022961840','Estados Unidos de America',NULL,NULL,NULL,NULL,NULL,NULL,'2018-10-05 20:25:56','2018-10-05 20:25:56'),(28,'Globalmuners A. C.','Comité Organizador','+ 52 (55) 50.84.80.02','Mexico',NULL,NULL,NULL,NULL,NULL,NULL,'2018-10-05 20:31:48','2018-10-05 20:31:48'),(29,'Colegio Calasanz Cúcuta','Educación Media y Básica','+57 5833332','Colombia','Blanca Mery Rolón Rodríguez','3002500405','brolon@calasanzcucuta.edu.co',NULL,NULL,NULL,'2018-10-06 03:07:21','2018-10-06 03:07:21'),(30,'Universidad APEC (UNAPEC)','Educación Superior',NULL,'República Dominicana',NULL,NULL,NULL,NULL,NULL,NULL,'2018-10-06 04:10:01','2018-10-06 04:10:01'),(31,'Universidad del Caribe (UNICARIBE)','Educación Superior',NULL,'República Dominicana',NULL,NULL,NULL,NULL,NULL,NULL,'2018-10-06 04:11:24','2018-10-06 04:11:24'),(35,'Instituto Bilingüe Rudyard Kipling','Educación Media y Básica','-','Mexico','-','-','-',NULL,NULL,NULL,'2018-10-16 15:31:17','2018-10-16 15:31:17'),(36,'Prepa Tec Campus Sonora Norte (ITESM)','Educación Media y Básica','-','Mexico','-','-','-',NULL,NULL,NULL,'2018-10-16 15:32:01','2018-10-16 15:32:01'),(37,'Prepa Tec Campus Veracruz (ITESM)','Educación Media y Básica','-','Mexico','-','-','-',NULL,NULL,NULL,'2018-10-16 15:32:23','2018-10-16 15:32:23'),(38,'Prepa Tec Campus Ciudad Juárez (ITESM)','Educación Media y Básica','-','Mexico','-','-','-',NULL,NULL,NULL,'2018-10-16 15:33:10','2018-10-17 15:07:26'),(39,'Escuela Nacional Preparatoria (ENP), Plantel 8','Educación Media y Básica','-','Mexico','-','-','-',NULL,NULL,NULL,'2018-10-16 15:34:02','2018-10-16 15:34:02'),(40,'Escuela Tomás Alva Edison','Educación Media y Básica','-','Mexico','-','-','-',NULL,NULL,NULL,'2018-10-16 15:34:30','2018-10-16 15:34:30'),(41,'Instituto Tecnológico de Santo Domingo (INTEC)','Educación Superior','-','República Dominicana','-','-','-',NULL,NULL,NULL,'2018-10-16 15:35:24','2018-10-16 15:35:24'),(42,'Universidad Autónoma de Santo Domingo (UASD)','Educación Superior','8496304763','República Dominicana','Decanato','8095358273','fcjp@uasd.edu.do',NULL,NULL,NULL,'2018-10-19 17:24:29','2018-10-19 17:24:29'),(43,'PrepaTec','Educación Media y Básica','-','Mexico',NULL,NULL,NULL,NULL,NULL,NULL,'2018-10-20 02:52:47','2018-10-20 02:52:47'),(44,'Colegio Majac Montessori','Educación Media y Básica','-','República Dominicana','María Cecilia','8095456106','majacmontessori@hotmail.com',NULL,NULL,NULL,'2019-02-14 17:20:01','2019-02-14 17:20:01'),(45,'Colegio Parroquial Nuestra Señora de Lourdes','Educación Media y Básica','-','República Dominicana','Milta Carmona Rincon','8099193521','dalmi1214@hotmail.com',NULL,NULL,NULL,'2019-02-14 18:36:16','2019-02-14 18:36:16'),(46,'CUDENI Comunidad Educativa','Educación Media y Básica','-','República Dominicana','Rolando Gross','8094402811','cudeni@gmail.com',NULL,NULL,NULL,'2019-02-14 18:37:57','2019-02-14 18:37:57'),(47,'Colegio Loyola','Educación Media y Básica','-','República Dominicana','Jose Romero','8297135948','rencarnacion@loyola.edu.do',NULL,NULL,NULL,'2019-02-14 18:39:33','2019-02-14 18:39:33'),(48,'Escuela Parroquial Santa Rita','Educación Media y Básica','-','República Dominicana','Yajaida Madrigal','8293437768','yajaida1@gmail.com',NULL,NULL,NULL,'2019-02-14 18:41:06','2019-02-14 18:41:06'),(49,'Colegio Jaime Molina Mota','Educación Media y Básica','-','República Dominicana','Lourdes de Jesús','8296103416','lourdesdejesusdiaz@gmail.com',NULL,NULL,NULL,'2019-02-14 18:42:28','2019-02-14 18:42:28'),(50,'Centro Educativo Hi-Hello','Educación Media y Básica','-','República Dominicana','Yomalia María','8098558878','yomaliamaria@hotmail.com',NULL,NULL,NULL,'2019-02-14 18:43:46','2019-02-14 18:43:46'),(51,'Colegio Luis Muñoz Rivera','Educación Media y Básica','-','República Dominicana','Stephanie Núñez','8095657544','s.nunez@lumuri.edu.do',NULL,NULL,NULL,'2019-02-14 18:45:28','2019-02-14 18:45:28'),(52,'Saint Patrick School','Educación Media y Básica','-','República Dominicana','María Hernández','8092581259','mariah@stpatrick.edu.do ',NULL,NULL,NULL,'2019-02-14 18:47:36','2019-02-14 18:47:36'),(53,'Instituto Tecnológico de las Américas (ITLA)','Educación Superior','-','República Dominicana','Marlyn Carmen García','8492227777','mcarmen@itla.edu.do',NULL,NULL,NULL,'2019-02-14 18:49:52','2019-02-14 18:49:52'),(54,'Liceo Francés de Santo Domingo','Educación Media y Básica','-','República Dominicana','Gurvan Corduant','-','gurvan.corduant@lfsd.edu.do',NULL,NULL,NULL,'2019-02-14 18:52:50','2019-02-14 18:52:50'),(55,'Colegio Ad Maiora','Educación Media y Básica','-','República Dominicana','Alex García','8498894774','alexgarcialo@hotmail.com',NULL,NULL,NULL,'2019-02-14 18:54:15','2019-02-14 18:54:15'),(56,'Representación Individual Media y Básica','Educación Media y Básica','-','República Dominicana','-','-','-',NULL,NULL,NULL,'2019-02-15 18:48:33','2019-02-15 19:10:20'),(57,'Representación Individual Superior','Educación Superior','-','República Dominicana',NULL,NULL,NULL,NULL,NULL,NULL,'2019-02-15 19:10:41','2019-02-15 19:10:41');
/*!40000 ALTER TABLE `institutions` ENABLE KEYS */;
UNLOCK TABLES;

--
-- Table structure for table `languages`
--

DROP TABLE IF EXISTS `languages`;
/*!40101 SET @saved_cs_client     = @@character_set_client */;
/*!40101 SET character_set_client = utf8 */;
CREATE TABLE `languages` (
  `id` int(10) unsigned NOT NULL AUTO_INCREMENT,
  `name` varchar(255) COLLATE utf8mb4_unicode_ci NOT NULL,
  `created_at` timestamp NULL DEFAULT NULL,
  `updated_at` timestamp NULL DEFAULT NULL,
  PRIMARY KEY (`id`)
) ENGINE=InnoDB AUTO_INCREMENT=4 DEFAULT CHARSET=utf8mb4 COLLATE=utf8mb4_unicode_ci;
/*!40101 SET character_set_client = @saved_cs_client */;

--
-- Dumping data for table `languages`
--

LOCK TABLES `languages` WRITE;
/*!40000 ALTER TABLE `languages` DISABLE KEYS */;
INSERT INTO `languages` VALUES (1,'Español','2018-10-08 20:48:23','2018-10-08 20:48:23'),(2,'Ingles','2018-10-08 20:48:23','2018-10-08 20:48:23'),(3,'Frances','2018-10-08 20:48:23','2018-10-08 20:48:23');
/*!40000 ALTER TABLE `languages` ENABLE KEYS */;
UNLOCK TABLES;

--
-- Table structure for table `media`
--

DROP TABLE IF EXISTS `media`;
/*!40101 SET @saved_cs_client     = @@character_set_client */;
/*!40101 SET character_set_client = utf8 */;
CREATE TABLE `media` (
  `id` int(10) unsigned NOT NULL AUTO_INCREMENT,
  `model_type` varchar(255) COLLATE utf8mb4_unicode_ci NOT NULL,
  `model_id` bigint(20) unsigned NOT NULL,
  `collection_name` varchar(255) COLLATE utf8mb4_unicode_ci NOT NULL,
  `name` varchar(255) COLLATE utf8mb4_unicode_ci NOT NULL,
  `file_name` varchar(255) COLLATE utf8mb4_unicode_ci NOT NULL,
  `mime_type` varchar(255) COLLATE utf8mb4_unicode_ci DEFAULT NULL,
  `disk` varchar(255) COLLATE utf8mb4_unicode_ci NOT NULL,
  `size` int(10) unsigned NOT NULL,
  `manipulations` json NOT NULL,
  `custom_properties` json NOT NULL,
  `responsive_images` json NOT NULL,
  `order_column` int(10) unsigned DEFAULT NULL,
  `created_at` timestamp NULL DEFAULT NULL,
  `updated_at` timestamp NULL DEFAULT NULL,
  PRIMARY KEY (`id`),
  KEY `media_model_type_model_id_index` (`model_type`,`model_id`)
) ENGINE=InnoDB AUTO_INCREMENT=2049 DEFAULT CHARSET=utf8mb4 COLLATE=utf8mb4_unicode_ci;
/*!40101 SET character_set_client = @saved_cs_client */;

--
-- Dumping data for table `media`
--

LOCK TABLES `media` WRITE;
/*!40000 ALTER TABLE `media` DISABLE KEYS */;
INSERT INTO `media` VALUES (5,'App\\Participant',41,'first_payments','pago Kathia Almeyda BMS','pago-Kathia-Almeyda-BMS.jpg','image/jpeg','public',149391,'[]','{\"custom_headers\": []}','[]',1,'2018-10-11 15:49:19','2018-10-11 15:49:19'),(6,'App\\Participant',41,'last_payments','pago Kathia Almeyda BMS','pago-Kathia-Almeyda-BMS.jpg','image/jpeg','public',149391,'[]','{\"custom_headers\": []}','[]',2,'2018-10-11 15:49:38','2018-10-11 15:49:38'),(7,'App\\Participant',41,'photos','kathia','kathia.jpg','image/jpeg','public',114047,'[]','{\"custom_headers\": []}','[]',3,'2018-10-11 15:50:00','2018-10-11 15:50:00'),(8,'App\\Participant',49,'first_payments','Pago Inicial','Pago-Inicial.JPG','image/jpeg','public',43397,'[]','{\"custom_headers\": []}','[]',4,'2018-10-11 15:57:58','2018-10-11 15:57:58'),(10,'App\\Participant',38,'photos','dahiane','dahiane.jpg','image/jpeg','public',98425,'[]','{\"custom_headers\": []}','[]',5,'2018-10-11 16:00:14','2018-10-11 16:00:14'),(12,'App\\Participant',39,'photos','nicole','nicole.jpg','image/jpeg','public',80870,'[]','{\"custom_headers\": []}','[]',7,'2018-10-11 16:01:31','2018-10-11 16:01:31'),(13,'App\\Participant',40,'photos','liz','liz.jpg','image/jpeg','public',80202,'[]','{\"custom_headers\": []}','[]',8,'2018-10-11 16:02:03','2018-10-11 16:02:03'),(14,'App\\Participant',42,'photos','nathaly','nathaly.jpg','image/jpeg','public',105914,'[]','{\"custom_headers\": []}','[]',9,'2018-10-11 16:02:53','2018-10-11 16:02:53'),(15,'App\\Participant',43,'photos','melody','melody.jpg','image/jpeg','public',111021,'[]','{\"custom_headers\": []}','[]',10,'2018-10-11 16:03:18','2018-10-11 16:03:18'),(16,'App\\Participant',44,'photos','marle','marle.jpg','image/jpeg','public',116823,'[]','{\"custom_headers\": []}','[]',11,'2018-10-11 16:03:38','2018-10-11 16:03:38'),(17,'App\\Participant',45,'photos','hickler','hickler.jpg','image/jpeg','public',88329,'[]','{\"custom_headers\": []}','[]',12,'2018-10-11 16:04:06','2018-10-11 16:04:06'),(18,'App\\Participant',46,'photos','juan julio','juan-julio.jpg','image/jpeg','public',95227,'[]','{\"custom_headers\": []}','[]',13,'2018-10-11 16:04:29','2018-10-11 16:04:29'),(19,'App\\Participant',47,'photos','enmanuel','enmanuel.jpg','image/jpeg','public',115077,'[]','{\"custom_headers\": []}','[]',14,'2018-10-11 16:05:04','2018-10-11 16:05:04'),(20,'App\\Participant',48,'photos','Mo','Mo.jpg','image/jpeg','public',72601,'[]','{\"custom_headers\": []}','[]',15,'2018-10-11 16:05:29','2018-10-11 16:05:29'),(21,'App\\Participant',38,'first_payments','IMG-20180918-WA0023','IMG-20180918-WA0023.jpg','image/jpeg','public',63734,'[]','{\"custom_headers\": []}','[]',16,'2018-10-11 17:15:10','2018-10-11 17:15:10'),(22,'App\\Participant',38,'last_payments','IMG-20180918-WA0023','IMG-20180918-WA0023.jpg','image/jpeg','public',63734,'[]','{\"custom_headers\": []}','[]',17,'2018-10-11 17:15:10','2018-10-11 17:15:10'),(23,'App\\Participant',39,'first_payments','IMG-20180920-WA0034','IMG-20180920-WA0034.jpg','image/jpeg','public',55879,'[]','{\"custom_headers\": []}','[]',18,'2018-10-11 17:16:16','2018-10-11 17:16:16'),(24,'App\\Participant',52,'photos','candela','candela.jpeg','image/jpeg','public',111133,'[]','{\"custom_headers\": []}','[]',19,'2018-10-11 17:17:46','2018-10-11 17:17:46'),(25,'App\\Participant',52,'conduct_codes','firma  cande','firma--cande.jpeg','image/jpeg','public',214380,'[]','{\"custom_headers\": []}','[]',20,'2018-10-11 17:17:46','2018-10-11 17:17:46'),(27,'App\\Participant',48,'first_payments','IMG-20180916-WA0002 (1)','IMG-20180916-WA0002-(1).jpg','image/jpeg','public',90950,'[]','{\"custom_headers\": []}','[]',22,'2018-10-11 17:21:33','2018-10-11 17:21:33'),(28,'App\\Participant',53,'photos','saina','saina.jpeg','image/jpeg','public',88508,'[]','{\"custom_headers\": []}','[]',23,'2018-10-11 17:24:25','2018-10-11 17:24:25'),(29,'App\\Participant',53,'conduct_codes','firma saina','firma-saina.jpeg','image/jpeg','public',223188,'[]','{\"custom_headers\": []}','[]',24,'2018-10-11 17:24:25','2018-10-11 17:24:25'),(30,'App\\Participant',44,'first_payments','IMG-20180920-WA0074','IMG-20180920-WA0074.jpg','image/jpeg','public',94494,'[]','{\"custom_headers\": []}','[]',25,'2018-10-11 17:25:37','2018-10-11 17:25:37'),(31,'App\\Participant',43,'first_payments','IMG-20180927-WA0035','IMG-20180927-WA0035.jpg','image/jpeg','public',61384,'[]','{\"custom_headers\": []}','[]',26,'2018-10-11 17:26:15','2018-10-11 17:26:15'),(32,'App\\Participant',43,'last_payments','IMG-20180927-WA0035','IMG-20180927-WA0035.jpg','image/jpeg','public',61384,'[]','{\"custom_headers\": []}','[]',27,'2018-10-11 17:26:15','2018-10-11 17:26:15'),(34,'App\\Participant',42,'last_payments','IMG-20181011-WA0001','IMG-20181011-WA0001.jpg','image/jpeg','public',93472,'[]','{\"custom_headers\": []}','[]',29,'2018-10-11 17:30:33','2018-10-11 17:30:33'),(35,'App\\Participant',42,'first_payments','IMG-20180916-WA0006 (1)','IMG-20180916-WA0006-(1).jpg','image/jpeg','public',156634,'[]','{\"custom_headers\": []}','[]',30,'2018-10-11 17:33:26','2018-10-11 17:33:26'),(36,'App\\Participant',45,'first_payments','IMG-20180919-WA0057','IMG-20180919-WA0057.jpg','image/jpeg','public',38565,'[]','{\"custom_headers\": []}','[]',31,'2018-10-11 17:34:18','2018-10-11 17:34:18'),(37,'App\\Participant',47,'first_payments','IMG-20180917-WA0039','IMG-20180917-WA0039.jpg','image/jpeg','public',57421,'[]','{\"custom_headers\": []}','[]',32,'2018-10-11 17:38:12','2018-10-11 17:38:12'),(38,'App\\Participant',59,'photos','IMG-5449','IMG-5449.jpg','image/jpeg','public',45033,'[]','{\"custom_headers\": []}','[]',33,'2018-10-11 17:43:17','2018-10-11 17:43:17'),(39,'App\\Participant',59,'first_payments','PAGO INICIAL','PAGO-INICIAL.jpg','image/jpeg','public',65536,'[]','{\"custom_headers\": []}','[]',34,'2018-10-11 17:43:17','2018-10-11 17:43:17'),(40,'App\\Participant',59,'last_payments','PAGO final','PAGO-final.jpg','image/jpeg','public',76420,'[]','{\"custom_headers\": []}','[]',35,'2018-10-11 17:43:17','2018-10-11 17:43:17'),(43,'App\\Participant',79,'first_payments','recibo 123','recibo-123.jpg','image/jpeg','public',77868,'[]','{\"custom_headers\": []}','[]',38,'2018-10-11 18:44:32','2018-10-11 18:44:32'),(44,'App\\Participant',80,'photos','temis','temis.jpg','image/jpeg','public',52696,'[]','{\"custom_headers\": []}','[]',39,'2018-10-11 18:55:22','2018-10-11 18:55:22'),(45,'App\\Participant',80,'conduct_codes','IMG_8698 2','IMG_8698-2.jpg','image/jpeg','public',409630,'[]','{\"custom_headers\": []}','[]',40,'2018-10-11 18:55:22','2018-10-11 18:55:22'),(46,'App\\Participant',80,'first_payments','recibo pago inicial temis','recibo-pago-inicial-temis.jpg','image/jpeg','public',99116,'[]','{\"custom_headers\": []}','[]',41,'2018-10-11 18:55:22','2018-10-11 18:55:22'),(47,'App\\Participant',80,'last_payments','recibo pago final temis','recibo-pago-final-temis.jpg','image/jpeg','public',219855,'[]','{\"custom_headers\": []}','[]',42,'2018-10-11 18:55:22','2018-10-11 18:55:22'),(48,'App\\Participant',81,'photos','gigi','gigi.png','image/png','public',1007650,'[]','{\"custom_headers\": []}','[]',43,'2018-10-11 19:18:21','2018-10-11 19:18:21'),(49,'App\\Participant',81,'first_payments','rsz_1recibo_#1','rsz_1recibo_-1.png','image/png','public',81506,'[]','{\"custom_headers\": []}','[]',44,'2018-10-11 19:22:02','2018-10-11 19:22:02'),(52,'App\\Participant',81,'conduct_codes','LE BUENO','LE-BUENO.png','image/png','public',648092,'[]','{\"custom_headers\": []}','[]',47,'2018-10-11 19:29:50','2018-10-11 19:29:50'),(54,'App\\Participant',86,'photos','IMG-20181011-WA0020[1]','IMG-20181011-WA0020[1].jpg','image/jpeg','public',73318,'[]','{\"custom_headers\": []}','[]',49,'2018-10-11 19:32:56','2018-10-11 19:32:56'),(55,'App\\Participant',86,'first_payments','IMG-20181011-WA0022[1]','IMG-20181011-WA0022[1].jpg','image/jpeg','public',32303,'[]','{\"custom_headers\": []}','[]',50,'2018-10-11 19:32:56','2018-10-11 19:32:56'),(56,'App\\Participant',87,'first_payments','WhatsApp Image 2018-10-11 at 3.28.14 PM','WhatsApp-Image-2018-10-11-at-3.28.14-PM.jpeg','image/jpeg','public',41010,'[]','{\"custom_headers\": []}','[]',51,'2018-10-11 19:32:59','2018-10-11 19:32:59'),(57,'App\\Participant',76,'first_payments','Recibo Pago Inicial CILA 2018 - DANIELLA','Recibo-Pago-Inicial-CILA-2018---DANIELLA.jpg','image/jpeg','public',747273,'[]','{\"custom_headers\": []}','[]',52,'2018-10-11 21:45:52','2018-10-11 21:45:52'),(58,'App\\Participant',76,'last_payments','Recibo Pago Final CILA 2018 - DANIELLA','Recibo-Pago-Final-CILA-2018---DANIELLA.jpg','image/jpeg','public',1004953,'[]','{\"custom_headers\": []}','[]',53,'2018-10-11 21:46:41','2018-10-11 21:46:41'),(59,'App\\Participant',88,'conduct_codes','ANU-RD','ANU-RD.jpg','image/jpeg','public',217616,'[]','{\"custom_headers\": []}','[]',54,'2018-10-12 00:22:11','2018-10-12 00:22:11'),(60,'App\\Participant',88,'first_payments','ANU-RD','ANU-RD.jpg','image/jpeg','public',217616,'[]','{\"custom_headers\": []}','[]',55,'2018-10-12 00:22:11','2018-10-12 00:22:11'),(62,'App\\Participant',88,'last_payments','ANU-RD','ANU-RD.jpg','image/jpeg','public',217616,'[]','{\"custom_headers\": []}','[]',56,'2018-10-12 00:31:43','2018-10-12 00:31:43'),(63,'App\\Participant',88,'photos','WhatsApp Image 2018-10-06 at 6.47.54 PM - Vielka Fernandez','WhatsApp-Image-2018-10-06-at-6.47.54-PM---Vielka-Fernandez.jpeg','image/jpeg','public',78201,'[]','{\"custom_headers\": []}','[]',57,'2018-10-12 00:31:50','2018-10-12 00:31:50'),(64,'App\\Participant',89,'photos','0D76B203-456D-48D9-9114-BFE02BDCDAA4 - Oscar Rafael Moquete Castillo','0D76B203-456D-48D9-9114-BFE02BDCDAA4---Oscar-Rafael-Moquete-Castillo.jpeg','image/jpeg','public',58582,'[]','{\"custom_headers\": []}','[]',58,'2018-10-12 00:37:44','2018-10-12 00:37:44'),(65,'App\\Participant',89,'conduct_codes','ANU-RD','ANU-RD.jpg','image/jpeg','public',217616,'[]','{\"custom_headers\": []}','[]',59,'2018-10-12 00:37:44','2018-10-12 00:37:44'),(66,'App\\Participant',89,'first_payments','ANU-RD','ANU-RD.jpg','image/jpeg','public',217616,'[]','{\"custom_headers\": []}','[]',60,'2018-10-12 00:37:44','2018-10-12 00:37:44'),(67,'App\\Participant',89,'last_payments','ANU-RD','ANU-RD.jpg','image/jpeg','public',217616,'[]','{\"custom_headers\": []}','[]',61,'2018-10-12 00:37:44','2018-10-12 00:37:44'),(68,'App\\Participant',90,'photos','11008456_10155498129360694_3002353954750169554_n - Emmanuel Goico-Montes de Oca','11008456_10155498129360694_3002353954750169554_n---Emmanuel-Goico-Montes-de-Oca.jpg','image/jpeg','public',55011,'[]','{\"custom_headers\": []}','[]',62,'2018-10-12 00:40:41','2018-10-12 00:40:41'),(69,'App\\Participant',90,'conduct_codes','ANU-RD','ANU-RD.jpg','image/jpeg','public',217616,'[]','{\"custom_headers\": []}','[]',63,'2018-10-12 00:40:41','2018-10-12 00:40:41'),(70,'App\\Participant',90,'first_payments','ANU-RD','ANU-RD.jpg','image/jpeg','public',217616,'[]','{\"custom_headers\": []}','[]',64,'2018-10-12 00:40:41','2018-10-12 00:40:41'),(71,'App\\Participant',90,'last_payments','ANU-RD','ANU-RD.jpg','image/jpeg','public',217616,'[]','{\"custom_headers\": []}','[]',65,'2018-10-12 00:40:41','2018-10-12 00:40:41'),(72,'App\\Participant',91,'photos','rsz_2_3_-_luis_eduardo','rsz_2_3_-_luis_eduardo.bmp','image/x-ms-bmp','public',29930,'[]','{\"custom_headers\": []}','[]',66,'2018-10-12 00:47:01','2018-10-12 00:47:01'),(73,'App\\Participant',91,'conduct_codes','ANU-RD','ANU-RD.jpg','image/jpeg','public',217616,'[]','{\"custom_headers\": []}','[]',67,'2018-10-12 00:47:01','2018-10-12 00:47:01'),(74,'App\\Participant',91,'first_payments','ANU-RD','ANU-RD.jpg','image/jpeg','public',217616,'[]','{\"custom_headers\": []}','[]',68,'2018-10-12 00:47:01','2018-10-12 00:47:01'),(75,'App\\Participant',91,'last_payments','ANU-RD','ANU-RD.jpg','image/jpeg','public',217616,'[]','{\"custom_headers\": []}','[]',69,'2018-10-12 00:47:01','2018-10-12 00:47:01'),(76,'App\\Participant',92,'photos','50 - Sofia Moquete','50---Sofia-Moquete.jpg','image/jpeg','public',202733,'[]','{\"custom_headers\": []}','[]',70,'2018-10-12 00:51:06','2018-10-12 00:51:06'),(77,'App\\Participant',92,'conduct_codes','ANU-RD','ANU-RD.jpg','image/jpeg','public',217616,'[]','{\"custom_headers\": []}','[]',71,'2018-10-12 00:51:06','2018-10-12 00:51:06'),(78,'App\\Participant',92,'first_payments','ANU-RD','ANU-RD.jpg','image/jpeg','public',217616,'[]','{\"custom_headers\": []}','[]',72,'2018-10-12 00:51:06','2018-10-12 00:51:06'),(79,'App\\Participant',92,'last_payments','ANU-RD','ANU-RD.jpg','image/jpeg','public',217616,'[]','{\"custom_headers\": []}','[]',73,'2018-10-12 00:51:06','2018-10-12 00:51:06'),(80,'App\\Participant',93,'photos','rsz_screenshot_2018-09-26-11-08-46_-_jesus_marine_familia','rsz_screenshot_2018-09-26-11-08-46_-_jesus_marine_familia.png','image/png','public',287813,'[]','{\"custom_headers\": []}','[]',74,'2018-10-12 00:57:32','2018-10-12 00:57:32'),(81,'App\\Participant',93,'conduct_codes','ANU-RD','ANU-RD.jpg','image/jpeg','public',217616,'[]','{\"custom_headers\": []}','[]',75,'2018-10-12 00:57:32','2018-10-12 00:57:32'),(82,'App\\Participant',93,'first_payments','ANU-RD','ANU-RD.jpg','image/jpeg','public',217616,'[]','{\"custom_headers\": []}','[]',76,'2018-10-12 00:57:32','2018-10-12 00:57:32'),(83,'App\\Participant',93,'last_payments','ANU-RD','ANU-RD.jpg','image/jpeg','public',217616,'[]','{\"custom_headers\": []}','[]',77,'2018-10-12 00:57:32','2018-10-12 00:57:32'),(84,'App\\Participant',94,'photos','231E86F6-58C2-43CA-AC81-685B41B5D745 - José Montes De Oca','231E86F6-58C2-43CA-AC81-685B41B5D745---José-Montes-De-Oca.jpeg','image/jpeg','public',55602,'[]','{\"custom_headers\": []}','[]',78,'2018-10-12 01:03:27','2018-10-12 01:03:27'),(85,'App\\Participant',94,'conduct_codes','ANU-RD','ANU-RD.jpg','image/jpeg','public',217616,'[]','{\"custom_headers\": []}','[]',79,'2018-10-12 01:03:27','2018-10-12 01:03:27'),(86,'App\\Participant',94,'first_payments','ANU-RD','ANU-RD.jpg','image/jpeg','public',217616,'[]','{\"custom_headers\": []}','[]',80,'2018-10-12 01:03:27','2018-10-12 01:03:27'),(87,'App\\Participant',94,'last_payments','ANU-RD','ANU-RD.jpg','image/jpeg','public',217616,'[]','{\"custom_headers\": []}','[]',81,'2018-10-12 01:03:27','2018-10-12 01:03:27'),(88,'App\\Participant',95,'photos','rsz_1rsz_img_2194_-_marcos_peña','rsz_1rsz_img_2194_-_marcos_peña.jpg','image/jpeg','public',39410,'[]','{\"custom_headers\": []}','[]',82,'2018-10-12 01:11:43','2018-10-12 01:11:43'),(89,'App\\Participant',95,'conduct_codes','ANU-RD','ANU-RD.jpg','image/jpeg','public',217616,'[]','{\"custom_headers\": []}','[]',83,'2018-10-12 01:11:43','2018-10-12 01:11:43'),(90,'App\\Participant',95,'first_payments','ANU-RD','ANU-RD.jpg','image/jpeg','public',217616,'[]','{\"custom_headers\": []}','[]',84,'2018-10-12 01:11:43','2018-10-12 01:11:43'),(91,'App\\Participant',95,'last_payments','ANU-RD','ANU-RD.jpg','image/jpeg','public',217616,'[]','{\"custom_headers\": []}','[]',85,'2018-10-12 01:11:43','2018-10-12 01:11:43'),(92,'App\\Participant',96,'photos','rsz_v-anurd-55_1_-_jorge_fernández','rsz_v-anurd-55_1_-_jorge_fernández.jpg','image/jpeg','public',114786,'[]','{\"custom_headers\": []}','[]',86,'2018-10-12 01:18:30','2018-10-12 01:18:30'),(93,'App\\Participant',96,'conduct_codes','ANU-RD','ANU-RD.jpg','image/jpeg','public',217616,'[]','{\"custom_headers\": []}','[]',87,'2018-10-12 01:18:30','2018-10-12 01:18:30'),(94,'App\\Participant',96,'first_payments','ANU-RD','ANU-RD.jpg','image/jpeg','public',217616,'[]','{\"custom_headers\": []}','[]',88,'2018-10-12 01:18:30','2018-10-12 01:18:30'),(95,'App\\Participant',96,'last_payments','ANU-RD','ANU-RD.jpg','image/jpeg','public',217616,'[]','{\"custom_headers\": []}','[]',89,'2018-10-12 01:18:30','2018-10-12 01:18:30'),(96,'App\\Participant',97,'photos','rsz_img_20181011_104435_-_victor_santana','rsz_img_20181011_104435_-_victor_santana.png','image/png','public',67517,'[]','{\"custom_headers\": []}','[]',90,'2018-10-12 01:23:02','2018-10-12 01:23:02'),(97,'App\\Participant',97,'conduct_codes','ANU-RD','ANU-RD.jpg','image/jpeg','public',217616,'[]','{\"custom_headers\": []}','[]',91,'2018-10-12 01:23:02','2018-10-12 01:23:02'),(98,'App\\Participant',97,'first_payments','ANU-RD','ANU-RD.jpg','image/jpeg','public',217616,'[]','{\"custom_headers\": []}','[]',92,'2018-10-12 01:23:02','2018-10-12 01:23:02'),(99,'App\\Participant',97,'last_payments','ANU-RD','ANU-RD.jpg','image/jpeg','public',217616,'[]','{\"custom_headers\": []}','[]',93,'2018-10-12 01:23:02','2018-10-12 01:23:02'),(100,'App\\Participant',98,'photos','rsz_b789d58a-e026-414a-a1c4-9227780bc687_-_turisteando_rd','rsz_b789d58a-e026-414a-a1c4-9227780bc687_-_turisteando_rd.jpg','image/jpeg','public',15255,'[]','{\"custom_headers\": []}','[]',94,'2018-10-12 01:27:18','2018-10-12 01:27:18'),(101,'App\\Participant',98,'conduct_codes','ANU-RD','ANU-RD.jpg','image/jpeg','public',217616,'[]','{\"custom_headers\": []}','[]',95,'2018-10-12 01:27:18','2018-10-12 01:27:18'),(102,'App\\Participant',98,'first_payments','ANU-RD','ANU-RD.jpg','image/jpeg','public',217616,'[]','{\"custom_headers\": []}','[]',96,'2018-10-12 01:27:18','2018-10-12 01:27:18'),(103,'App\\Participant',98,'last_payments','ANU-RD','ANU-RD.jpg','image/jpeg','public',217616,'[]','{\"custom_headers\": []}','[]',97,'2018-10-12 01:27:18','2018-10-12 01:27:18'),(105,'App\\Participant',99,'conduct_codes','ANU-RD','ANU-RD.jpg','image/jpeg','public',217616,'[]','{\"custom_headers\": []}','[]',99,'2018-10-12 01:31:09','2018-10-12 01:31:09'),(106,'App\\Participant',99,'first_payments','ANU-RD','ANU-RD.jpg','image/jpeg','public',217616,'[]','{\"custom_headers\": []}','[]',100,'2018-10-12 01:31:09','2018-10-12 01:31:09'),(107,'App\\Participant',99,'last_payments','ANU-RD','ANU-RD.jpg','image/jpeg','public',217616,'[]','{\"custom_headers\": []}','[]',101,'2018-10-12 01:31:09','2018-10-12 01:31:09'),(108,'App\\Participant',99,'photos','rsz_19aceadaa-ce6b-4b0b-9a7c-615ce4775d47_-_ricardo_gonzalez','rsz_19aceadaa-ce6b-4b0b-9a7c-615ce4775d47_-_ricardo_gonzalez.jpg','image/jpeg','public',44188,'[]','{\"custom_headers\": []}','[]',102,'2018-10-12 01:32:15','2018-10-12 01:32:15'),(109,'App\\Participant',31,'photos','IMG_0094','IMG_0094.jpg','image/jpeg','public',498393,'[]','{\"custom_headers\": []}','[]',103,'2018-10-12 01:33:53','2018-10-12 01:33:53'),(110,'App\\Participant',100,'photos','rsz_carlitos57_1004-1-1_1 (1)','rsz_carlitos57_1004-1-1_1-(1).jpg','image/jpeg','public',9434,'[]','{\"custom_headers\": []}','[]',104,'2018-10-12 03:41:01','2018-10-12 03:41:01'),(111,'App\\Participant',100,'first_payments','Pago de inscripción de 24 personas','Pago-de-inscripción-de-24-personas.pdf','application/pdf','public',230621,'[]','{\"custom_headers\": []}','[]',105,'2018-10-12 03:41:01','2018-10-12 03:41:01'),(112,'App\\Participant',100,'last_payments','PAGO FINAL DE LOS ADOR Y COMPLETIVO DE LAS HABITACIONES DE LOS VARONES','PAGO-FINAL-DE-LOS-ADOR-Y-COMPLETIVO-DE-LAS-HABITACIONES-DE-LOS-VARONES.pdf','application/pdf','public',235986,'[]','{\"custom_headers\": []}','[]',106,'2018-10-12 03:41:01','2018-10-12 03:41:01'),(113,'App\\Participant',101,'photos','hugofoto','hugofoto.JPG','image/jpeg','public',131058,'[]','{\"custom_headers\": []}','[]',107,'2018-10-12 11:58:01','2018-10-12 11:58:01'),(114,'App\\Participant',101,'conduct_codes','CODIGOCONDUCTAHUGO','CODIGOCONDUCTAHUGO.PNG','image/png','public',491357,'[]','{\"custom_headers\": []}','[]',108,'2018-10-12 11:58:01','2018-10-12 11:58:01'),(115,'App\\Participant',101,'first_payments','Pagoinicialhugo','Pagoinicialhugo.JPG','image/jpeg','public',67462,'[]','{\"custom_headers\": []}','[]',109,'2018-10-12 11:58:01','2018-10-12 11:58:01'),(116,'App\\Participant',101,'last_payments','pagofinalhugo','pagofinalhugo.JPG','image/jpeg','public',85403,'[]','{\"custom_headers\": []}','[]',110,'2018-10-12 11:58:01','2018-10-12 11:58:01'),(117,'App\\Participant',102,'photos','PASAPORTE TANIA (2)','PASAPORTE-TANIA-(2).jpg','image/jpeg','public',96580,'[]','{\"custom_headers\": []}','[]',111,'2018-10-12 12:44:09','2018-10-12 12:44:09'),(118,'App\\Participant',103,'photos','TONY','TONY.jpeg','image/jpeg','public',167422,'[]','{\"custom_headers\": []}','[]',112,'2018-10-12 12:55:06','2018-10-12 12:55:06'),(119,'App\\Participant',103,'first_payments','TONY','TONY.jpeg','image/jpeg','public',321581,'[]','{\"custom_headers\": []}','[]',113,'2018-10-12 12:55:06','2018-10-12 12:55:06'),(120,'App\\Participant',104,'photos','MARLEY','MARLEY.jpeg','image/jpeg','public',184419,'[]','{\"custom_headers\": []}','[]',114,'2018-10-12 13:01:52','2018-10-12 13:01:52'),(122,'App\\Participant',105,'photos','SARAH','SARAH.jpeg','image/jpeg','public',146181,'[]','{\"custom_headers\": []}','[]',116,'2018-10-12 13:06:22','2018-10-12 13:06:22'),(124,'App\\Participant',63,'conduct_codes','papel_de_conducta_jose_julio_puello','papel_de_conducta_jose_julio_puello.jpg','image/jpeg','public',575419,'[]','{\"custom_headers\": []}','[]',118,'2018-10-12 13:31:46','2018-10-12 13:31:46'),(125,'App\\Participant',63,'first_payments','primer pago cila','primer-pago-cila.jpg','image/jpeg','public',161162,'[]','{\"custom_headers\": []}','[]',119,'2018-10-12 13:31:46','2018-10-12 13:31:46'),(126,'App\\Participant',63,'last_payments','pago final cila 2','pago-final-cila-2.jpg','image/jpeg','public',53319,'[]','{\"custom_headers\": []}','[]',120,'2018-10-12 13:31:46','2018-10-12 13:31:46'),(128,'App\\Participant',109,'photos','rsz_1image1','rsz_1image1.jpg','image/jpeg','public',56675,'[]','{\"custom_headers\": []}','[]',122,'2018-10-12 13:35:29','2018-10-12 13:35:29'),(129,'App\\Participant',109,'conduct_codes','rsz_image2','rsz_image2.jpg','image/jpeg','public',507635,'[]','{\"custom_headers\": []}','[]',123,'2018-10-12 13:35:29','2018-10-12 13:35:29'),(130,'App\\Participant',109,'first_payments','rsz_photo-2018-09-21-15-56-16','rsz_photo-2018-09-21-15-56-16.jpg','image/jpeg','public',20496,'[]','{\"custom_headers\": []}','[]',124,'2018-10-12 13:35:29','2018-10-12 13:35:29'),(131,'App\\Participant',107,'conduct_codes','papel conducta 2','papel-conducta-2.jpg','image/jpeg','public',489833,'[]','{\"custom_headers\": []}','[]',125,'2018-10-12 13:37:42','2018-10-12 13:37:42'),(132,'App\\Participant',76,'conduct_codes','Daniella1','Daniella1.jpg','image/jpeg','public',254800,'[]','{\"custom_headers\": []}','[]',126,'2018-10-12 13:47:49','2018-10-12 13:47:49'),(133,'App\\Participant',110,'photos','SAEED','SAEED.jpeg','image/jpeg','public',141393,'[]','{\"custom_headers\": []}','[]',127,'2018-10-12 15:10:16','2018-10-12 15:10:16'),(134,'App\\Participant',111,'photos','CARLOS A','CARLOS-A.jpeg','image/jpeg','public',117468,'[]','{\"custom_headers\": []}','[]',128,'2018-10-12 15:20:14','2018-10-12 15:20:14'),(135,'App\\Participant',112,'photos','sabastian Gaud','sabastian-Gaud.jpeg','image/jpeg','public',133950,'[]','{\"custom_headers\": []}','[]',129,'2018-10-12 15:28:18','2018-10-12 15:28:18'),(136,'App\\Participant',112,'first_payments','SEBASTIAN','SEBASTIAN.jpeg','image/jpeg','public',181351,'[]','{\"custom_headers\": []}','[]',130,'2018-10-12 15:28:18','2018-10-12 15:28:18'),(137,'App\\Participant',113,'photos','RENE','RENE.jpeg','image/jpeg','public',156598,'[]','{\"custom_headers\": []}','[]',131,'2018-10-12 15:32:19','2018-10-12 15:32:19'),(141,'App\\Participant',114,'photos','JOHAN','JOHAN.jpeg','image/jpeg','public',123576,'[]','{\"custom_headers\": []}','[]',135,'2018-10-12 15:41:54','2018-10-12 15:41:54'),(142,'App\\Participant',114,'first_payments','JOHAN','JOHAN.jpeg','image/jpeg','public',190063,'[]','{\"custom_headers\": []}','[]',136,'2018-10-12 15:41:54','2018-10-12 15:41:54'),(143,'App\\Participant',115,'photos','LAURA TITO','LAURA-TITO.jpeg','image/jpeg','public',96065,'[]','{\"custom_headers\": []}','[]',137,'2018-10-12 15:46:52','2018-10-12 15:46:52'),(144,'App\\Participant',115,'first_payments','LAURA TITO','LAURA-TITO.jpeg','image/jpeg','public',143053,'[]','{\"custom_headers\": []}','[]',138,'2018-10-12 15:46:52','2018-10-12 15:46:52'),(146,'App\\Participant',108,'first_payments','recibo 1','recibo-1.jpg','image/jpeg','public',90874,'[]','{\"custom_headers\": []}','[]',140,'2018-10-12 16:48:29','2018-10-12 16:48:29'),(147,'App\\Participant',108,'last_payments','recibo 2 (2)','recibo-2-(2).jpg','image/jpeg','public',95164,'[]','{\"custom_headers\": []}','[]',141,'2018-10-12 16:48:29','2018-10-12 16:48:29'),(148,'App\\Participant',108,'conduct_codes','rsz_permiso_2_1','rsz_permiso_2_1.jpg','image/jpeg','public',522699,'[]','{\"custom_headers\": []}','[]',142,'2018-10-12 16:52:07','2018-10-12 16:52:07'),(150,'App\\Participant',106,'conduct_codes','rsz_foto_de_conducta','rsz_foto_de_conducta.jpg','image/jpeg','public',598528,'[]','{\"custom_headers\": []}','[]',144,'2018-10-12 17:03:14','2018-10-12 17:03:14'),(151,'App\\Participant',106,'first_payments','rsz_comprobante_de_pago_cila_andres','rsz_comprobante_de_pago_cila_andres.jpg','image/jpeg','public',415564,'[]','{\"custom_headers\": []}','[]',145,'2018-10-12 17:03:27','2018-10-12 17:03:27'),(152,'App\\Participant',118,'photos','PERLA','PERLA.jpeg','image/jpeg','public',123142,'[]','{\"custom_headers\": []}','[]',146,'2018-10-12 17:08:53','2018-10-12 17:08:53'),(153,'App\\Participant',154,'photos','JUAN VICTOR','JUAN-VICTOR.jpeg','image/jpeg','public',117644,'[]','{\"custom_headers\": []}','[]',147,'2018-10-12 19:39:03','2018-10-12 19:39:03'),(154,'App\\Participant',155,'photos','AUSTRIA','AUSTRIA.jpeg','image/jpeg','public',99963,'[]','{\"custom_headers\": []}','[]',148,'2018-10-12 19:45:07','2018-10-12 19:45:07'),(155,'App\\Participant',155,'first_payments','AUSTRIA','AUSTRIA.jpeg','image/jpeg','public',168533,'[]','{\"custom_headers\": []}','[]',149,'2018-10-12 19:45:07','2018-10-12 19:45:07'),(156,'App\\Participant',100,'conduct_codes','AUT. ADOR, CARLOS LANTIGUA','AUT.-ADOR,-CARLOS-LANTIGUA.pdf','application/pdf','public',406053,'[]','{\"custom_headers\": []}','[]',150,'2018-10-12 20:03:40','2018-10-12 20:03:40'),(157,'App\\Participant',156,'photos','maria','maria.jpeg','image/jpeg','public',103985,'[]','{\"custom_headers\": []}','[]',151,'2018-10-12 20:03:40','2018-10-12 20:03:40'),(158,'App\\Participant',157,'photos','janiluz','janiluz.jpg','image/jpeg','public',110356,'[]','{\"custom_headers\": []}','[]',152,'2018-10-12 20:14:21','2018-10-12 20:14:21'),(160,'App\\Participant',158,'conduct_codes','AUT. MARILOY SANTANA','AUT.-MARILOY-SANTANA.pdf','application/pdf','public',424721,'[]','{\"custom_headers\": []}','[]',154,'2018-10-12 20:35:08','2018-10-12 20:35:08'),(161,'App\\Participant',158,'first_payments','Pago de inscripción de 24 personas','Pago-de-inscripción-de-24-personas.pdf','application/pdf','public',230621,'[]','{\"custom_headers\": []}','[]',155,'2018-10-12 20:35:08','2018-10-12 20:35:08'),(162,'App\\Participant',158,'last_payments','RECIBO MARILOY SANTANA','RECIBO-MARILOY-SANTANA.pdf','application/pdf','public',90938,'[]','{\"custom_headers\": []}','[]',156,'2018-10-12 20:35:08','2018-10-12 20:35:08'),(163,'App\\Participant',159,'photos','MAITE','MAITE.jpeg','image/jpeg','public',11522,'[]','{\"custom_headers\": []}','[]',157,'2018-10-12 20:59:31','2018-10-12 20:59:31'),(164,'App\\Participant',159,'conduct_codes','AUT. MAITE CALDERON','AUT.-MAITE-CALDERON.pdf','application/pdf','public',445419,'[]','{\"custom_headers\": []}','[]',158,'2018-10-12 20:59:31','2018-10-12 20:59:31'),(165,'App\\Participant',159,'first_payments','Pago de inscripción de 24 personas','Pago-de-inscripción-de-24-personas.pdf','application/pdf','public',230621,'[]','{\"custom_headers\": []}','[]',159,'2018-10-12 20:59:31','2018-10-12 20:59:31'),(166,'App\\Participant',159,'last_payments','R. Maite ','R.-Maite-.pdf','application/pdf','public',186173,'[]','{\"custom_headers\": []}','[]',160,'2018-10-12 20:59:31','2018-10-12 20:59:31'),(167,'App\\Participant',160,'photos','ALICIA','ALICIA.jpeg','image/jpeg','public',11531,'[]','{\"custom_headers\": []}','[]',161,'2018-10-12 21:07:47','2018-10-12 21:07:47'),(168,'App\\Participant',160,'conduct_codes','AUT. ALICIA SANCHEZ','AUT.-ALICIA-SANCHEZ.pdf','application/pdf','public',410720,'[]','{\"custom_headers\": []}','[]',162,'2018-10-12 21:07:47','2018-10-12 21:07:47'),(169,'App\\Participant',160,'first_payments','Pago de inscripción de 24 personas','Pago-de-inscripción-de-24-personas.pdf','application/pdf','public',230621,'[]','{\"custom_headers\": []}','[]',163,'2018-10-12 21:07:47','2018-10-12 21:07:47'),(170,'App\\Participant',160,'last_payments','RECIBO ALICIA SANCHEZ','RECIBO-ALICIA-SANCHEZ.pdf','application/pdf','public',140924,'[]','{\"custom_headers\": []}','[]',164,'2018-10-12 21:07:47','2018-10-12 21:07:47'),(171,'App\\Participant',161,'photos','LETICIA','LETICIA.jpeg','image/jpeg','public',10009,'[]','{\"custom_headers\": []}','[]',165,'2018-10-12 21:19:58','2018-10-12 21:19:58'),(172,'App\\Participant',161,'conduct_codes','AUT. LETICIA EVERTZ','AUT.-LETICIA-EVERTZ.pdf','application/pdf','public',411399,'[]','{\"custom_headers\": []}','[]',166,'2018-10-12 21:19:58','2018-10-12 21:19:58'),(173,'App\\Participant',161,'first_payments','Pago de inscripción de 24 personas','Pago-de-inscripción-de-24-personas.pdf','application/pdf','public',230621,'[]','{\"custom_headers\": []}','[]',167,'2018-10-12 21:19:58','2018-10-12 21:19:58'),(174,'App\\Participant',161,'last_payments','Recibo Leticia Everts','Recibo-Leticia-Everts.pdf','application/pdf','public',77225,'[]','{\"custom_headers\": []}','[]',168,'2018-10-12 21:19:58','2018-10-12 21:19:58'),(175,'App\\Participant',76,'photos','Foto de Perfil CILA 2018 - DANIELLA','Foto-de-Perfil-CILA-2018---DANIELLA.jpg','image/jpeg','public',103086,'[]','{\"custom_headers\": []}','[]',169,'2018-10-12 21:39:44','2018-10-12 21:39:44'),(179,'App\\Participant',164,'photos','IMG_1091 foto Sandra','IMG_1091-foto-Sandra.jpg','image/jpeg','public',220247,'[]','{\"custom_headers\": []}','[]',173,'2018-10-13 00:21:10','2018-10-13 00:21:10'),(180,'App\\Participant',164,'last_payments','SOPORTE PAGO CILA','SOPORTE-PAGO-CILA.pdf','application/pdf','public',48527,'[]','{\"custom_headers\": []}','[]',174,'2018-10-13 00:21:10','2018-10-13 00:21:10'),(181,'App\\Participant',165,'photos','QUIJANO','QUIJANO.png','image/png','public',870552,'[]','{\"custom_headers\": []}','[]',175,'2018-10-13 00:33:43','2018-10-13 00:33:43'),(182,'App\\Participant',165,'last_payments','SOPORTE PAGO CILA','SOPORTE-PAGO-CILA.pdf','application/pdf','public',48527,'[]','{\"custom_headers\": []}','[]',176,'2018-10-13 00:33:43','2018-10-13 00:33:43'),(183,'App\\Participant',166,'photos','RUIZ','RUIZ.jpeg','image/jpeg','public',267763,'[]','{\"custom_headers\": []}','[]',177,'2018-10-13 00:42:49','2018-10-13 00:42:49'),(184,'App\\Participant',166,'last_payments','SOPORTE PAGO CILA','SOPORTE-PAGO-CILA.pdf','application/pdf','public',48527,'[]','{\"custom_headers\": []}','[]',178,'2018-10-13 00:42:49','2018-10-13 00:42:49'),(186,'App\\Participant',162,'photos','HIDALGO','HIDALGO.jpeg','image/jpeg','public',213788,'[]','{\"custom_headers\": []}','[]',180,'2018-10-13 00:54:35','2018-10-13 00:54:35'),(187,'App\\Participant',162,'last_payments','SOPORTE PAGO CILA','SOPORTE-PAGO-CILA.pdf','application/pdf','public',48527,'[]','{\"custom_headers\": []}','[]',181,'2018-10-13 00:54:35','2018-10-13 00:54:35'),(188,'App\\Participant',163,'photos','IMG-20180930-WA0005 Iriarte','IMG-20180930-WA0005-Iriarte.jpg','image/jpeg','public',92613,'[]','{\"custom_headers\": []}','[]',182,'2018-10-13 00:55:43','2018-10-13 00:55:43'),(189,'App\\Participant',163,'last_payments','SOPORTE PAGO CILA','SOPORTE-PAGO-CILA.pdf','application/pdf','public',48527,'[]','{\"custom_headers\": []}','[]',183,'2018-10-13 00:55:43','2018-10-13 00:55:43'),(190,'App\\Participant',167,'photos','ELISABETH','ELISABETH.jpeg','image/jpeg','public',11964,'[]','{\"custom_headers\": []}','[]',184,'2018-10-13 01:07:31','2018-10-13 01:07:31'),(191,'App\\Participant',167,'conduct_codes','AUT. ADRIANA UREÑA','AUT.-ADRIANA-UREÑA.pdf','application/pdf','public',410213,'[]','{\"custom_headers\": []}','[]',185,'2018-10-13 01:07:31','2018-10-13 01:07:31'),(192,'App\\Participant',167,'first_payments','Pago de inscripción de 24 personas','Pago-de-inscripción-de-24-personas.pdf','application/pdf','public',230621,'[]','{\"custom_headers\": []}','[]',186,'2018-10-13 01:07:31','2018-10-13 01:07:31'),(193,'App\\Participant',167,'last_payments','RECIBOS ADRIANA UREÑA','RECIBOS-ADRIANA-UREÑA.pdf','application/pdf','public',248179,'[]','{\"custom_headers\": []}','[]',187,'2018-10-13 01:07:31','2018-10-13 01:07:31'),(195,'App\\Participant',168,'conduct_codes','AUT. LILIAN SALCEDO','AUT.-LILIAN-SALCEDO.pdf','application/pdf','public',436458,'[]','{\"custom_headers\": []}','[]',189,'2018-10-13 01:34:22','2018-10-13 01:34:22'),(196,'App\\Participant',168,'first_payments','Pago de inscripción de 24 personas','Pago-de-inscripción-de-24-personas.pdf','application/pdf','public',230621,'[]','{\"custom_headers\": []}','[]',190,'2018-10-13 01:34:22','2018-10-13 01:34:22'),(197,'App\\Participant',168,'last_payments','RECIBO LILIAN ','RECIBO-LILIAN-.pdf','application/pdf','public',125296,'[]','{\"custom_headers\": []}','[]',191,'2018-10-13 01:34:22','2018-10-13 01:34:22'),(199,'App\\Participant',169,'conduct_codes','AUT. DARIANA PEREYRA','AUT.-DARIANA-PEREYRA.pdf','application/pdf','public',404947,'[]','{\"custom_headers\": []}','[]',193,'2018-10-13 01:45:42','2018-10-13 01:45:42'),(200,'App\\Participant',169,'first_payments','Pago de inscripción de 24 personas','Pago-de-inscripción-de-24-personas.pdf','application/pdf','public',230621,'[]','{\"custom_headers\": []}','[]',194,'2018-10-13 01:45:42','2018-10-13 01:45:42'),(201,'App\\Participant',169,'last_payments','RECIBO DARIANNA PEREYRA','RECIBO-DARIANNA-PEREYRA.pdf','application/pdf','public',163310,'[]','{\"custom_headers\": []}','[]',195,'2018-10-13 01:45:42','2018-10-13 01:45:42'),(202,'App\\Participant',170,'photos','OLIVER','OLIVER.jpeg','image/jpeg','public',23709,'[]','{\"custom_headers\": []}','[]',196,'2018-10-13 02:17:19','2018-10-13 02:17:19'),(203,'App\\Participant',170,'conduct_codes','AUT. OLIVER RAMIA','AUT.-OLIVER-RAMIA.pdf','application/pdf','public',445876,'[]','{\"custom_headers\": []}','[]',197,'2018-10-13 02:17:19','2018-10-13 02:17:19'),(205,'App\\Participant',170,'last_payments','Recibo Oliver','Recibo-Oliver.pdf','application/pdf','public',210396,'[]','{\"custom_headers\": []}','[]',199,'2018-10-13 02:17:19','2018-10-13 02:17:19'),(206,'App\\Participant',171,'photos','FREDDY','FREDDY.jpeg','image/jpeg','public',10747,'[]','{\"custom_headers\": []}','[]',200,'2018-10-13 02:59:14','2018-10-13 02:59:14'),(207,'App\\Participant',171,'conduct_codes','AUT. FREDDY MOQUETE','AUT.-FREDDY-MOQUETE.pdf','application/pdf','public',406891,'[]','{\"custom_headers\": []}','[]',201,'2018-10-13 02:59:14','2018-10-13 02:59:14'),(208,'App\\Participant',171,'first_payments','Recibos Unidos ','Recibos-Unidos-.pdf','application/pdf','public',229709,'[]','{\"custom_headers\": []}','[]',202,'2018-10-13 02:59:14','2018-10-13 02:59:14'),(209,'App\\Participant',171,'last_payments','RECIBO FREDDY MOQUETE','RECIBO-FREDDY-MOQUETE.pdf','application/pdf','public',141187,'[]','{\"custom_headers\": []}','[]',203,'2018-10-13 02:59:14','2018-10-13 02:59:14'),(210,'App\\Participant',172,'photos','SILVIA','SILVIA.jpeg','image/jpeg','public',33346,'[]','{\"custom_headers\": []}','[]',204,'2018-10-13 03:07:52','2018-10-13 03:07:52'),(211,'App\\Participant',172,'conduct_codes','AUT. SILVIA ROSARIO','AUT.-SILVIA-ROSARIO.pdf','application/pdf','public',408144,'[]','{\"custom_headers\": []}','[]',205,'2018-10-13 03:07:52','2018-10-13 03:07:52'),(212,'App\\Participant',172,'first_payments','Pago de inscripción de 24 personas','Pago-de-inscripción-de-24-personas.pdf','application/pdf','public',230621,'[]','{\"custom_headers\": []}','[]',206,'2018-10-13 03:07:52','2018-10-13 03:07:52'),(213,'App\\Participant',172,'last_payments','RECIBO SILVIA ROSARIO','RECIBO-SILVIA-ROSARIO.pdf','application/pdf','public',180919,'[]','{\"custom_headers\": []}','[]',207,'2018-10-13 03:07:52','2018-10-13 03:07:52'),(215,'App\\Participant',173,'conduct_codes','AUT. ILEANA ALMONTE','AUT.-ILEANA-ALMONTE.pdf','application/pdf','public',450573,'[]','{\"custom_headers\": []}','[]',209,'2018-10-13 03:14:11','2018-10-13 03:14:11'),(216,'App\\Participant',173,'first_payments','Pago de inscripción de 24 personas','Pago-de-inscripción-de-24-personas.pdf','application/pdf','public',230621,'[]','{\"custom_headers\": []}','[]',210,'2018-10-13 03:14:11','2018-10-13 03:14:11'),(217,'App\\Participant',173,'last_payments','Recibo Ileana','Recibo-Ileana.pdf','application/pdf','public',152461,'[]','{\"custom_headers\": []}','[]',211,'2018-10-13 03:14:11','2018-10-13 03:14:11'),(219,'App\\Participant',174,'conduct_codes','AUT. BRYAN MOREL','AUT.-BRYAN-MOREL.pdf','application/pdf','public',450867,'[]','{\"custom_headers\": []}','[]',213,'2018-10-13 03:27:47','2018-10-13 03:27:47'),(220,'App\\Participant',174,'first_payments','Recibos Unidos ','Recibos-Unidos-.pdf','application/pdf','public',229709,'[]','{\"custom_headers\": []}','[]',214,'2018-10-13 03:27:47','2018-10-13 03:27:47'),(221,'App\\Participant',174,'last_payments','RECIBO BRYAN JOSE MOREL','RECIBO-BRYAN-JOSE-MOREL.pdf','application/pdf','public',145697,'[]','{\"custom_headers\": []}','[]',215,'2018-10-13 03:27:47','2018-10-13 03:27:47'),(222,'App\\Participant',175,'photos','NATHALY','NATHALY.jpeg','image/jpeg','public',10545,'[]','{\"custom_headers\": []}','[]',216,'2018-10-13 03:40:41','2018-10-13 03:40:41'),(223,'App\\Participant',175,'conduct_codes','AUT. NATHALY ANDUJAR','AUT.-NATHALY-ANDUJAR.pdf','application/pdf','public',451785,'[]','{\"custom_headers\": []}','[]',217,'2018-10-13 03:42:31','2018-10-13 03:42:31'),(224,'App\\Participant',175,'first_payments','Pago de inscripción de 24 personas','Pago-de-inscripción-de-24-personas.pdf','application/pdf','public',230621,'[]','{\"custom_headers\": []}','[]',218,'2018-10-13 03:42:31','2018-10-13 03:42:31'),(225,'App\\Participant',175,'last_payments','Nathaly recibo','Nathaly-recibo.pdf','application/pdf','public',186722,'[]','{\"custom_headers\": []}','[]',219,'2018-10-13 03:42:31','2018-10-13 03:42:31'),(227,'App\\Participant',176,'conduct_codes','AUT. KAREN MARCANO','AUT.-KAREN-MARCANO.pdf','application/pdf','public',410039,'[]','{\"custom_headers\": []}','[]',221,'2018-10-13 03:51:24','2018-10-13 03:51:24'),(228,'App\\Participant',176,'first_payments','Pago de inscripción de 24 personas','Pago-de-inscripción-de-24-personas.pdf','application/pdf','public',230621,'[]','{\"custom_headers\": []}','[]',222,'2018-10-13 03:51:24','2018-10-13 03:51:24'),(229,'App\\Participant',176,'last_payments','Recibo KAREN MARCANO','Recibo-KAREN-MARCANO.pdf','application/pdf','public',233400,'[]','{\"custom_headers\": []}','[]',223,'2018-10-13 03:51:24','2018-10-13 03:51:24'),(234,'App\\Participant',177,'conduct_codes','AUT. ISAMAR DE LA CRUZ','AUT.-ISAMAR-DE-LA-CRUZ.pdf','application/pdf','public',409490,'[]','{\"custom_headers\": []}','[]',228,'2018-10-13 03:59:33','2018-10-13 03:59:33'),(235,'App\\Participant',177,'first_payments','Pago de inscripción de 24 personas','Pago-de-inscripción-de-24-personas.pdf','application/pdf','public',230621,'[]','{\"custom_headers\": []}','[]',229,'2018-10-13 03:59:33','2018-10-13 03:59:33'),(236,'App\\Participant',177,'last_payments','RECIBOS ISAMAR DE LA CRUZ','RECIBOS-ISAMAR-DE-LA-CRUZ.pdf','application/pdf','public',244604,'[]','{\"custom_headers\": []}','[]',230,'2018-10-13 03:59:33','2018-10-13 03:59:33'),(237,'App\\Participant',178,'photos','Gabriel','Gabriel.jpeg','image/jpeg','public',12464,'[]','{\"custom_headers\": []}','[]',231,'2018-10-13 04:08:45','2018-10-13 04:08:45'),(238,'App\\Participant',178,'conduct_codes','AUT. GABRIEL OVALLES','AUT.-GABRIEL-OVALLES.pdf','application/pdf','public',417091,'[]','{\"custom_headers\": []}','[]',232,'2018-10-13 04:08:45','2018-10-13 04:08:45'),(239,'App\\Participant',178,'first_payments','Recibos Unidos ','Recibos-Unidos-.pdf','application/pdf','public',229709,'[]','{\"custom_headers\": []}','[]',233,'2018-10-13 04:08:45','2018-10-13 04:08:45'),(240,'App\\Participant',178,'last_payments','RECIBO GABRIEL OVALLE','RECIBO-GABRIEL-OVALLE.pdf','application/pdf','public',87915,'[]','{\"custom_headers\": []}','[]',234,'2018-10-13 04:08:45','2018-10-13 04:08:45'),(242,'App\\Participant',180,'conduct_codes','AUT. JAKE OSWALD','AUT.-JAKE-OSWALD.pdf','application/pdf','public',447916,'[]','{\"custom_headers\": []}','[]',236,'2018-10-13 04:14:30','2018-10-13 04:14:30'),(243,'App\\Participant',180,'first_payments','Recibos Unidos ','Recibos-Unidos-.pdf','application/pdf','public',229709,'[]','{\"custom_headers\": []}','[]',237,'2018-10-13 04:14:30','2018-10-13 04:14:30'),(244,'App\\Participant',180,'last_payments','RECIBO JAKE O. PEÑA','RECIBO-JAKE-O.-PEÑA.pdf','application/pdf','public',117138,'[]','{\"custom_headers\": []}','[]',238,'2018-10-13 04:14:30','2018-10-13 04:14:30'),(245,'App\\Participant',181,'photos','ORLENYS','ORLENYS.jpeg','image/jpeg','public',13532,'[]','{\"custom_headers\": []}','[]',239,'2018-10-13 04:27:36','2018-10-13 04:27:36'),(246,'App\\Participant',181,'conduct_codes','AUT. ORLENNYS CAMILO','AUT.-ORLENNYS-CAMILO.pdf','application/pdf','public',407481,'[]','{\"custom_headers\": []}','[]',240,'2018-10-13 04:27:36','2018-10-13 04:27:36'),(247,'App\\Participant',181,'first_payments','Pago de inscripción de 24 personas','Pago-de-inscripción-de-24-personas.pdf','application/pdf','public',230621,'[]','{\"custom_headers\": []}','[]',241,'2018-10-13 04:27:36','2018-10-13 04:27:36'),(248,'App\\Participant',181,'last_payments','RECIBO ORLENYS CAMILO','RECIBO-ORLENYS-CAMILO.pdf','application/pdf','public',125258,'[]','{\"custom_headers\": []}','[]',242,'2018-10-13 04:27:36','2018-10-13 04:27:36'),(249,'App\\Participant',183,'photos','Adrian','Adrian.jpeg','image/jpeg','public',10984,'[]','{\"custom_headers\": []}','[]',243,'2018-10-13 04:39:23','2018-10-13 04:39:23'),(250,'App\\Participant',183,'conduct_codes','AUT. BRYAN MOREL','AUT.-BRYAN-MOREL.pdf','application/pdf','public',450867,'[]','{\"custom_headers\": []}','[]',244,'2018-10-13 04:39:23','2018-10-13 04:39:23'),(251,'App\\Participant',183,'first_payments','Recibos Unidos ','Recibos-Unidos-.pdf','application/pdf','public',229709,'[]','{\"custom_headers\": []}','[]',245,'2018-10-13 04:39:23','2018-10-13 04:39:23'),(252,'App\\Participant',183,'last_payments','RECIBOS ADRIANA UREÑA','RECIBOS-ADRIANA-UREÑA.pdf','application/pdf','public',248179,'[]','{\"custom_headers\": []}','[]',246,'2018-10-13 04:39:23','2018-10-13 04:39:23'),(253,'App\\Participant',179,'conduct_codes','camilo','camilo.pdf','application/pdf','public',647890,'[]','{\"custom_headers\": []}','[]',247,'2018-10-13 13:46:02','2018-10-13 13:46:02'),(254,'App\\Participant',179,'first_payments','pago incripcionCILA','pago-incripcionCILA.pdf','application/pdf','public',126955,'[]','{\"custom_headers\": []}','[]',248,'2018-10-13 13:46:02','2018-10-13 13:46:02'),(255,'App\\Participant',182,'conduct_codes','tomas','tomas.pdf','application/pdf','public',649917,'[]','{\"custom_headers\": []}','[]',249,'2018-10-13 13:48:24','2018-10-13 13:48:24'),(256,'App\\Participant',182,'first_payments','pago incripcionCILA','pago-incripcionCILA.pdf','application/pdf','public',126955,'[]','{\"custom_headers\": []}','[]',250,'2018-10-13 13:48:24','2018-10-13 13:48:24'),(257,'App\\Participant',184,'conduct_codes','gabrielle','gabrielle.pdf','application/pdf','public',651089,'[]','{\"custom_headers\": []}','[]',251,'2018-10-13 13:50:12','2018-10-13 13:50:12'),(258,'App\\Participant',184,'first_payments','pago incripcionCILA','pago-incripcionCILA.pdf','application/pdf','public',126955,'[]','{\"custom_headers\": []}','[]',252,'2018-10-13 13:50:12','2018-10-13 13:50:12'),(259,'App\\Participant',185,'first_payments','pago incripcionCILA','pago-incripcionCILA.pdf','application/pdf','public',126955,'[]','{\"custom_headers\": []}','[]',253,'2018-10-13 13:52:02','2018-10-13 13:52:02'),(260,'App\\Participant',105,'conduct_codes','WhatsApp Image 2018-10-13 at 10.55.31 AM','WhatsApp-Image-2018-10-13-at-10.55.31-AM.jpeg','image/jpeg','public',104200,'[]','{\"custom_headers\": []}','[]',254,'2018-10-13 14:58:33','2018-10-13 14:58:33'),(261,'App\\Participant',110,'conduct_codes','WhatsApp Image 2018-10-13 at 10.55.40 AM','WhatsApp-Image-2018-10-13-at-10.55.40-AM.jpeg','image/jpeg','public',121308,'[]','{\"custom_headers\": []}','[]',255,'2018-10-13 14:58:48','2018-10-13 14:58:48'),(262,'App\\Participant',111,'conduct_codes','WhatsApp Image 2018-10-13 at 10.55.38 AM','WhatsApp-Image-2018-10-13-at-10.55.38-AM.jpeg','image/jpeg','public',115837,'[]','{\"custom_headers\": []}','[]',256,'2018-10-13 15:00:11','2018-10-13 15:00:11'),(263,'App\\Participant',103,'conduct_codes','WhatsApp Image 2018-10-13 at 10.55.30 AM','WhatsApp-Image-2018-10-13-at-10.55.30-AM.jpeg','image/jpeg','public',104043,'[]','{\"custom_headers\": []}','[]',257,'2018-10-13 15:00:44','2018-10-13 15:00:44'),(264,'App\\Participant',188,'photos','WhatsApp Image 2018-10-13 at 12.02.46 PM','WhatsApp-Image-2018-10-13-at-12.02.46-PM.jpeg','image/jpeg','public',116571,'[]','{\"custom_headers\": []}','[]',258,'2018-10-13 16:19:12','2018-10-13 16:19:12'),(265,'App\\Participant',189,'photos','RUT','RUT.jpeg','image/jpeg','public',181100,'[]','{\"custom_headers\": []}','[]',259,'2018-10-13 16:26:15','2018-10-13 16:26:15'),(266,'App\\Participant',189,'conduct_codes','WhatsApp Image 2018-10-13 at 10.55.29 AM','WhatsApp-Image-2018-10-13-at-10.55.29-AM.jpeg','image/jpeg','public',114851,'[]','{\"custom_headers\": []}','[]',260,'2018-10-13 16:26:15','2018-10-13 16:26:15'),(267,'App\\Participant',189,'first_payments','WhatsApp Image 2018-09-28 at 10.18.17 AM','WhatsApp-Image-2018-09-28-at-10.18.17-AM.jpeg','image/jpeg','public',29645,'[]','{\"custom_headers\": []}','[]',261,'2018-10-13 16:26:15','2018-10-13 16:26:15'),(268,'App\\Participant',190,'photos','cfd8b428-d037-4bea-9712-86661e98cac4','cfd8b428-d037-4bea-9712-86661e98cac4.jpeg','image/jpeg','public',13414,'[]','{\"custom_headers\": []}','[]',262,'2018-10-13 16:32:33','2018-10-13 16:32:33'),(269,'App\\Participant',190,'conduct_codes','WhatsApp Image 2018-10-13 at 10.55.28 AM','WhatsApp-Image-2018-10-13-at-10.55.28-AM.jpeg','image/jpeg','public',112851,'[]','{\"custom_headers\": []}','[]',263,'2018-10-13 16:32:33','2018-10-13 16:32:33'),(271,'App\\Participant',104,'conduct_codes','WhatsApp Image 2018-10-13 at 10.55.30 AM (1)','WhatsApp-Image-2018-10-13-at-10.55.30-AM-(1).jpeg','image/jpeg','public',111258,'[]','{\"custom_headers\": []}','[]',265,'2018-10-13 16:35:56','2018-10-13 16:35:56'),(274,'App\\Participant',114,'conduct_codes','WhatsApp Image 2018-10-13 at 10.55.38 AM (1)','WhatsApp-Image-2018-10-13-at-10.55.38-AM-(1).jpeg','image/jpeg','public',114570,'[]','{\"custom_headers\": []}','[]',267,'2018-10-13 16:40:47','2018-10-13 16:40:47'),(275,'App\\Participant',115,'conduct_codes','WhatsApp Image 2018-10-13 at 10.55.39 AM (1)','WhatsApp-Image-2018-10-13-at-10.55.39-AM-(1).jpeg','image/jpeg','public',97487,'[]','{\"custom_headers\": []}','[]',268,'2018-10-13 16:41:45','2018-10-13 16:41:45'),(276,'App\\Participant',118,'conduct_codes','WhatsApp Image 2018-10-13 at 10.55.38 AM (2)','WhatsApp-Image-2018-10-13-at-10.55.38-AM-(2).jpeg','image/jpeg','public',104122,'[]','{\"custom_headers\": []}','[]',269,'2018-10-13 16:42:52','2018-10-13 16:42:52'),(277,'App\\Participant',155,'conduct_codes','WhatsApp Image 2018-10-13 at 10.55.29 AM (1)','WhatsApp-Image-2018-10-13-at-10.55.29-AM-(1).jpeg','image/jpeg','public',100766,'[]','{\"custom_headers\": []}','[]',270,'2018-10-13 16:45:48','2018-10-13 16:45:48'),(278,'App\\Participant',156,'conduct_codes','WhatsApp Image 2018-10-13 at 10.55.32 AM','WhatsApp-Image-2018-10-13-at-10.55.32-AM.jpeg','image/jpeg','public',114520,'[]','{\"custom_headers\": []}','[]',271,'2018-10-13 16:47:36','2018-10-13 16:47:36'),(279,'App\\Participant',156,'first_payments','MARIA','MARIA.JPG','image/jpeg','public',479287,'[]','{\"custom_headers\": []}','[]',272,'2018-10-13 16:47:36','2018-10-13 16:47:36'),(280,'App\\Participant',157,'conduct_codes','WhatsApp Image 2018-10-13 at 10.55.33 AM','WhatsApp-Image-2018-10-13-at-10.55.33-AM.jpeg','image/jpeg','public',108710,'[]','{\"custom_headers\": []}','[]',273,'2018-10-13 16:48:30','2018-10-13 16:48:30'),(281,'App\\Participant',157,'first_payments','janiluz','janiluz.jpeg','image/jpeg','public',171983,'[]','{\"custom_headers\": []}','[]',274,'2018-10-13 16:48:30','2018-10-13 16:48:30'),(282,'App\\Participant',186,'conduct_codes','WhatsApp Image 2018-10-13 at 10.55.36 AM (2)','WhatsApp-Image-2018-10-13-at-10.55.36-AM-(2).jpeg','image/jpeg','public',105080,'[]','{\"custom_headers\": []}','[]',275,'2018-10-13 16:49:15','2018-10-13 16:49:15'),(283,'App\\Participant',186,'first_payments','XAVIER','XAVIER.jpeg','image/jpeg','public',151151,'[]','{\"custom_headers\": []}','[]',276,'2018-10-13 16:49:15','2018-10-13 16:49:15'),(284,'App\\Participant',187,'conduct_codes','WhatsApp Image 2018-10-13 at 10.55.36 AM (3)','WhatsApp-Image-2018-10-13-at-10.55.36-AM-(3).jpeg','image/jpeg','public',112040,'[]','{\"custom_headers\": []}','[]',277,'2018-10-13 16:50:09','2018-10-13 16:50:09'),(285,'App\\Participant',187,'first_payments','DIEGO POLANCO','DIEGO-POLANCO.jpeg','image/jpeg','public',190996,'[]','{\"custom_headers\": []}','[]',278,'2018-10-13 16:50:09','2018-10-13 16:50:09'),(286,'App\\Participant',191,'conduct_codes','WhatsApp Image 2018-10-13 at 10.55.34 AM (1)','WhatsApp-Image-2018-10-13-at-10.55.34-AM-(1).jpeg','image/jpeg','public',94179,'[]','{\"custom_headers\": []}','[]',279,'2018-10-13 16:54:58','2018-10-13 16:54:58'),(287,'App\\Participant',191,'first_payments','ELINA','ELINA.jpeg','image/jpeg','public',150064,'[]','{\"custom_headers\": []}','[]',280,'2018-10-13 16:54:58','2018-10-13 16:54:58'),(288,'App\\Participant',192,'photos','alexa','alexa.jpeg','image/jpeg','public',122571,'[]','{\"custom_headers\": []}','[]',281,'2018-10-13 17:00:44','2018-10-13 17:00:44'),(289,'App\\Participant',192,'conduct_codes','WhatsApp Image 2018-10-13 at 10.55.33 AM (1)','WhatsApp-Image-2018-10-13-at-10.55.33-AM-(1).jpeg','image/jpeg','public',88698,'[]','{\"custom_headers\": []}','[]',282,'2018-10-13 17:00:44','2018-10-13 17:00:44'),(291,'App\\Participant',110,'first_payments','WhatsApp Image 2018-09-26 at 3.50.11 PM (1)','WhatsApp-Image-2018-09-26-at-3.50.11-PM-(1).jpeg','image/jpeg','public',94263,'[]','{\"custom_headers\": []}','[]',284,'2018-10-13 17:13:55','2018-10-13 17:13:55'),(292,'App\\Participant',113,'first_payments','WhatsApp Image 2018-09-28 at 12.37.43 PM','WhatsApp-Image-2018-09-28-at-12.37.43-PM.jpeg','image/jpeg','public',372539,'[]','{\"custom_headers\": []}','[]',285,'2018-10-13 17:18:52','2018-10-13 17:18:52'),(293,'App\\Participant',193,'conduct_codes','WhatsApp Image 2018-10-13 at 10.55.34 AM (2)','WhatsApp-Image-2018-10-13-at-10.55.34-AM-(2).jpeg','image/jpeg','public',92459,'[]','{\"custom_headers\": []}','[]',286,'2018-10-13 17:30:39','2018-10-13 17:30:39'),(294,'App\\Participant',193,'first_payments','CORAL COMPLETIVO','CORAL-COMPLETIVO.jpeg','image/jpeg','public',189202,'[]','{\"custom_headers\": []}','[]',287,'2018-10-13 17:30:39','2018-10-13 17:30:39'),(295,'App\\Participant',193,'last_payments','CORAL COMPLETIVO','CORAL-COMPLETIVO.jpeg','image/jpeg','public',189202,'[]','{\"custom_headers\": []}','[]',288,'2018-10-13 17:30:39','2018-10-13 17:30:39'),(296,'App\\Participant',186,'last_payments','xavier completo','xavier-completo.jpeg','image/jpeg','public',321672,'[]','{\"custom_headers\": []}','[]',289,'2018-10-13 17:31:37','2018-10-13 17:31:37'),(298,'App\\Participant',194,'photos','ANA','ANA.jpeg','image/jpeg','public',101377,'[]','{\"custom_headers\": []}','[]',291,'2018-10-13 18:11:24','2018-10-13 18:11:24'),(299,'App\\Participant',194,'conduct_codes','WhatsApp Image 2018-10-13 at 10.55.37 AM (1)','WhatsApp-Image-2018-10-13-at-10.55.37-AM-(1).jpeg','image/jpeg','public',93360,'[]','{\"custom_headers\": []}','[]',292,'2018-10-13 18:11:24','2018-10-13 18:11:24'),(300,'App\\Participant',194,'first_payments','ANA KARINA','ANA-KARINA.jpeg','image/jpeg','public',467531,'[]','{\"custom_headers\": []}','[]',293,'2018-10-13 18:11:24','2018-10-13 18:11:24'),(301,'App\\Participant',195,'conduct_codes','WhatsApp Image 2018-10-13 at 10.55.36 AM (4)','WhatsApp-Image-2018-10-13-at-10.55.36-AM-(4).jpeg','image/jpeg','public',113427,'[]','{\"custom_headers\": []}','[]',294,'2018-10-13 18:36:34','2018-10-13 18:36:34'),(302,'App\\Participant',195,'first_payments','MATIAS','MATIAS.jpeg','image/jpeg','public',249042,'[]','{\"custom_headers\": []}','[]',295,'2018-10-13 18:36:34','2018-10-13 18:36:34'),(303,'App\\Participant',195,'last_payments','MATIAS COMPLETO','MATIAS-COMPLETO.jpeg','image/jpeg','public',174786,'[]','{\"custom_headers\": []}','[]',296,'2018-10-13 18:36:34','2018-10-13 18:36:34'),(304,'App\\Participant',196,'conduct_codes','WhatsApp Image 2018-10-13 at 10.55.32 AM (1)','WhatsApp-Image-2018-10-13-at-10.55.32-AM-(1).jpeg','image/jpeg','public',116010,'[]','{\"custom_headers\": []}','[]',297,'2018-10-13 20:23:01','2018-10-13 20:23:01'),(305,'App\\Participant',196,'first_payments','DIEGO PATETE 1','DIEGO-PATETE-1.jpeg','image/jpeg','public',251788,'[]','{\"custom_headers\": []}','[]',298,'2018-10-13 20:23:01','2018-10-13 20:23:01'),(307,'App\\Participant',195,'photos','WhatsApp Image 2018-10-13 at 4.29.36 PM','WhatsApp-Image-2018-10-13-at-4.29.36-PM.jpeg','image/jpeg','public',71999,'[]','{\"custom_headers\": []}','[]',300,'2018-10-13 20:29:55','2018-10-13 20:29:55'),(308,'App\\Participant',197,'conduct_codes','WhatsApp Image 2018-10-13 at 10.55.33 AM (2)','WhatsApp-Image-2018-10-13-at-10.55.33-AM-(2).jpeg','image/jpeg','public',110169,'[]','{\"custom_headers\": []}','[]',301,'2018-10-13 20:36:17','2018-10-13 20:36:17'),(311,'App\\Participant',198,'conduct_codes','WhatsApp Image 2018-10-13 at 10.55.35 AM','WhatsApp-Image-2018-10-13-at-10.55.35-AM.jpeg','image/jpeg','public',106751,'[]','{\"custom_headers\": []}','[]',304,'2018-10-13 20:46:21','2018-10-13 20:46:21'),(312,'App\\Participant',198,'first_payments','JOAQUIN','JOAQUIN.jpeg','image/jpeg','public',157048,'[]','{\"custom_headers\": []}','[]',305,'2018-10-13 20:46:21','2018-10-13 20:46:21'),(313,'App\\Participant',198,'photos','WhatsApp Image 2018-10-13 at 4.29.36 PM (1)','WhatsApp-Image-2018-10-13-at-4.29.36-PM-(1).jpeg','image/jpeg','public',66803,'[]','{\"custom_headers\": []}','[]',306,'2018-10-13 20:48:11','2018-10-13 20:48:11'),(314,'App\\Participant',199,'photos','JOSE EMILIO','JOSE-EMILIO.jpeg','image/jpeg','public',131911,'[]','{\"custom_headers\": []}','[]',307,'2018-10-13 21:06:24','2018-10-13 21:06:24'),(315,'App\\Participant',199,'conduct_codes','WhatsApp Image 2018-10-13 at 10.55.37 AM (2)','WhatsApp-Image-2018-10-13-at-10.55.37-AM-(2).jpeg','image/jpeg','public',118393,'[]','{\"custom_headers\": []}','[]',308,'2018-10-13 21:06:24','2018-10-13 21:06:24'),(316,'App\\Participant',199,'first_payments','JOSE EMILIO (1)','JOSE-EMILIO-(1).jpeg','image/jpeg','public',197248,'[]','{\"custom_headers\": []}','[]',309,'2018-10-13 21:06:24','2018-10-13 21:06:24'),(317,'App\\Participant',111,'first_payments','CARLOS ALONSO INSCRIP','CARLOS-ALONSO-INSCRIP.jpeg','image/jpeg','public',254280,'[]','{\"custom_headers\": []}','[]',310,'2018-10-13 21:09:02','2018-10-13 21:09:02'),(318,'App\\Participant',113,'conduct_codes','WhatsApp Image 2018-10-13 at 10.55.39 AM (2)','WhatsApp-Image-2018-10-13-at-10.55.39-AM-(2).jpeg','image/jpeg','public',101573,'[]','{\"custom_headers\": []}','[]',311,'2018-10-13 21:09:51','2018-10-13 21:09:51'),(319,'App\\Participant',193,'photos','CORAL (1)','CORAL-(1).jpeg','image/jpeg','public',166209,'[]','{\"custom_headers\": []}','[]',312,'2018-10-13 21:15:12','2018-10-13 21:15:12'),(320,'App\\Participant',191,'photos','elina (2)','elina-(2).jpeg','image/jpeg','public',74139,'[]','{\"custom_headers\": []}','[]',313,'2018-10-13 21:15:38','2018-10-13 21:15:38'),(321,'App\\Participant',186,'photos','WhatsApp Image 2018-10-13 at 5.20.07 PM','WhatsApp-Image-2018-10-13-at-5.20.07-PM.jpeg','image/jpeg','public',69196,'[]','{\"custom_headers\": []}','[]',314,'2018-10-13 21:21:13','2018-10-13 21:21:13'),(322,'App\\Participant',187,'photos','WhatsApp Image 2018-10-13 at 4.29.36 PM (2)','WhatsApp-Image-2018-10-13-at-4.29.36-PM-(2).jpeg','image/jpeg','public',95595,'[]','{\"custom_headers\": []}','[]',315,'2018-10-13 21:23:34','2018-10-13 21:23:34'),(323,'App\\Participant',187,'last_payments','diego Polanco completo','diego-Polanco-completo.jpeg','image/jpeg','public',188335,'[]','{\"custom_headers\": []}','[]',316,'2018-10-13 21:24:17','2018-10-13 21:24:17'),(324,'App\\Participant',200,'conduct_codes','WhatsApp Image 2018-10-13 at 10.55.28 AM (1)','WhatsApp-Image-2018-10-13-at-10.55.28-AM-(1).jpeg','image/jpeg','public',114712,'[]','{\"custom_headers\": []}','[]',317,'2018-10-13 21:49:41','2018-10-13 21:49:41'),(325,'App\\Participant',200,'first_payments','ERWIN','ERWIN.jpeg','image/jpeg','public',146018,'[]','{\"custom_headers\": []}','[]',318,'2018-10-13 21:49:41','2018-10-13 21:49:41'),(326,'App\\Participant',201,'photos','Screenshot_2018-10-13-00-41-20-1','Screenshot_2018-10-13-00-41-20-1.png','image/png','public',240681,'[]','{\"custom_headers\": []}','[]',319,'2018-10-13 23:36:29','2018-10-13 23:36:29'),(327,'App\\Participant',201,'conduct_codes','AUT. NILEVE MEDINA','AUT.-NILEVE-MEDINA.pdf','application/pdf','public',409295,'[]','{\"custom_headers\": []}','[]',320,'2018-10-13 23:36:29','2018-10-13 23:36:29'),(328,'App\\Participant',201,'first_payments','Pago de inscripción de 24 personas','Pago-de-inscripción-de-24-personas.pdf','application/pdf','public',230621,'[]','{\"custom_headers\": []}','[]',321,'2018-10-13 23:36:29','2018-10-13 23:36:29'),(329,'App\\Participant',201,'last_payments','Recibo Nyvele Medina','Recibo-Nyvele-Medina.pdf','application/pdf','public',102055,'[]','{\"custom_headers\": []}','[]',322,'2018-10-13 23:36:29','2018-10-13 23:36:29'),(330,'App\\Participant',202,'photos','ALFONSINA','ALFONSINA.jpeg','image/jpeg','public',13889,'[]','{\"custom_headers\": []}','[]',323,'2018-10-13 23:42:24','2018-10-13 23:42:24'),(331,'App\\Participant',202,'conduct_codes','AUT. ALFONSINA ISALBEL HERNANDEZ.','AUT.-ALFONSINA-ISALBEL-HERNANDEZ..pdf','application/pdf','public',409693,'[]','{\"custom_headers\": []}','[]',324,'2018-10-13 23:42:24','2018-10-13 23:42:24'),(332,'App\\Participant',202,'first_payments','Pago de inscripción de 24 personas','Pago-de-inscripción-de-24-personas.pdf','application/pdf','public',230621,'[]','{\"custom_headers\": []}','[]',325,'2018-10-13 23:42:24','2018-10-13 23:42:24'),(334,'App\\Participant',174,'photos','Screenshot_2018-10-13-00-42-20-1','Screenshot_2018-10-13-00-42-20-1.png','image/png','public',223689,'[]','{\"custom_headers\": []}','[]',327,'2018-10-14 01:28:52','2018-10-14 01:28:52'),(335,'App\\Participant',204,'photos','LUIS','LUIS.jpeg','image/jpeg','public',9609,'[]','{\"custom_headers\": []}','[]',328,'2018-10-14 02:02:06','2018-10-14 02:02:06'),(336,'App\\Participant',204,'conduct_codes','Luis A.','Luis-A..pdf','application/pdf','public',463330,'[]','{\"custom_headers\": []}','[]',329,'2018-10-14 02:02:06','2018-10-14 02:02:06'),(337,'App\\Participant',204,'first_payments','Pago de inscripción de 24 personas','Pago-de-inscripción-de-24-personas.pdf','application/pdf','public',230621,'[]','{\"custom_headers\": []}','[]',330,'2018-10-14 02:02:06','2018-10-14 02:02:06'),(338,'App\\Participant',204,'last_payments','PAGO FINAL DE LOS ADOR Y COMPLETIVO DE LAS HABITACIONES DE LOS VARONES','PAGO-FINAL-DE-LOS-ADOR-Y-COMPLETIVO-DE-LAS-HABITACIONES-DE-LOS-VARONES.pdf','application/pdf','public',235986,'[]','{\"custom_headers\": []}','[]',331,'2018-10-14 02:02:06','2018-10-14 02:02:06'),(340,'App\\Participant',203,'last_payments','WhatsApp Image 2018-10-13 at 9.53.19 PM','WhatsApp-Image-2018-10-13-at-9.53.19-PM.jpeg','image/jpeg','public',82286,'[]','{\"custom_headers\": []}','[]',332,'2018-10-14 02:10:50','2018-10-14 02:10:50'),(341,'App\\Participant',205,'photos','WhatsApp Image 2018-10-13 at 9.50.11 PM','WhatsApp-Image-2018-10-13-at-9.50.11-PM.jpeg','image/jpeg','public',36504,'[]','{\"custom_headers\": []}','[]',333,'2018-10-14 02:20:11','2018-10-14 02:20:11'),(343,'App\\Participant',207,'last_payments','WhatsApp Image 2018-10-13 at 9.34.28 PM','WhatsApp-Image-2018-10-13-at-9.34.28-PM.jpeg','image/jpeg','public',52490,'[]','{\"custom_headers\": []}','[]',335,'2018-10-14 02:53:43','2018-10-14 02:53:43'),(344,'App\\Participant',208,'first_payments','WhatsApp Image 2018-10-13 at 9.35.38 PM','WhatsApp-Image-2018-10-13-at-9.35.38-PM.jpeg','image/jpeg','public',55954,'[]','{\"custom_headers\": []}','[]',336,'2018-10-14 03:25:19','2018-10-14 03:25:19'),(345,'App\\Participant',208,'last_payments','WhatsApp Image 2018-10-13 at 9.35.00 PM','WhatsApp-Image-2018-10-13-at-9.35.00-PM.jpeg','image/jpeg','public',37477,'[]','{\"custom_headers\": []}','[]',337,'2018-10-14 03:25:19','2018-10-14 03:25:19'),(346,'App\\Participant',210,'photos','mori','mori.jpeg','image/jpeg','public',86536,'[]','{\"custom_headers\": []}','[]',338,'2018-10-14 03:32:54','2018-10-14 03:32:54'),(347,'App\\Participant',211,'photos','WhatsApp Image 2018-10-13 at 11.34.11 PM','WhatsApp-Image-2018-10-13-at-11.34.11-PM.jpeg','image/jpeg','public',2614,'[]','{\"custom_headers\": []}','[]',339,'2018-10-14 03:46:31','2018-10-14 03:46:31'),(349,'App\\Participant',212,'photos','elian','elian.jpeg','image/jpeg','public',64502,'[]','{\"custom_headers\": []}','[]',341,'2018-10-14 04:10:34','2018-10-14 04:10:34'),(352,'App\\Participant',214,'first_payments','WhatsApp Image 2018-10-13 at 9.36.08 PM','WhatsApp-Image-2018-10-13-at-9.36.08-PM.jpeg','image/jpeg','public',212342,'[]','{\"custom_headers\": []}','[]',343,'2018-10-14 04:22:55','2018-10-14 04:22:55'),(353,'App\\Participant',203,'photos','MM','MM.jpeg','image/jpeg','public',234589,'[]','{\"custom_headers\": []}','[]',344,'2018-10-14 04:58:16','2018-10-14 04:58:16'),(354,'App\\Participant',78,'conduct_codes','194b4942-0c6e-4634-878b-eebdf42d67b2','194b4942-0c6e-4634-878b-eebdf42d67b2.JPG','image/jpeg','public',97195,'[]','{\"custom_headers\": []}','[]',345,'2018-10-14 13:22:24','2018-10-14 13:22:24'),(355,'App\\Participant',78,'first_payments','b34cfd05-ae2d-48e1-9d8a-ab51fa1d59b6','b34cfd05-ae2d-48e1-9d8a-ab51fa1d59b6.JPG','image/jpeg','public',65385,'[]','{\"custom_headers\": []}','[]',346,'2018-10-14 13:22:24','2018-10-14 13:22:24'),(356,'App\\Participant',78,'last_payments','4a1cb6d3-822f-42b2-86d1-3c5aff3d8148','4a1cb6d3-822f-42b2-86d1-3c5aff3d8148.JPG','image/jpeg','public',61124,'[]','{\"custom_headers\": []}','[]',347,'2018-10-14 13:22:24','2018-10-14 13:22:24'),(357,'App\\Participant',78,'photos','IMG_9423','IMG_9423.jpg','image/jpeg','public',471237,'[]','{\"custom_headers\": []}','[]',348,'2018-10-14 13:24:38','2018-10-14 13:24:38'),(358,'App\\Participant',87,'conduct_codes','WhatsApp Image 2018-10-14 at 6.00.01 PM','WhatsApp-Image-2018-10-14-at-6.00.01-PM.jpeg','image/jpeg','public',117481,'[]','{\"custom_headers\": []}','[]',349,'2018-10-14 22:02:49','2018-10-14 22:02:49'),(359,'App\\Participant',87,'last_payments','WhatsApp Image 2018-10-14 at 5.58.53 PM','WhatsApp-Image-2018-10-14-at-5.58.53-PM.jpeg','image/jpeg','public',100476,'[]','{\"custom_headers\": []}','[]',350,'2018-10-14 22:02:49','2018-10-14 22:02:49'),(360,'App\\Participant',215,'photos','WhatsApp Image 2018-10-14 at 1.22.21 PM','WhatsApp-Image-2018-10-14-at-1.22.21-PM.jpeg','image/jpeg','public',57562,'[]','{\"custom_headers\": []}','[]',351,'2018-10-15 01:26:38','2018-10-15 01:26:38'),(361,'App\\Participant',215,'conduct_codes','AUT. MANLIO QUIÑONEZ','AUT.-MANLIO-QUIÑONEZ.pdf','application/pdf','public',409688,'[]','{\"custom_headers\": []}','[]',352,'2018-10-15 01:26:38','2018-10-15 01:26:38'),(362,'App\\Participant',215,'first_payments','Recibos Unidos ','Recibos-Unidos-.pdf','application/pdf','public',229709,'[]','{\"custom_headers\": []}','[]',353,'2018-10-15 01:26:38','2018-10-15 01:26:38'),(363,'App\\Participant',215,'last_payments','RECIBO MANLIO QUIÑONES','RECIBO-MANLIO-QUIÑONES.pdf','application/pdf','public',122408,'[]','{\"custom_headers\": []}','[]',354,'2018-10-15 01:26:38','2018-10-15 01:26:38'),(364,'App\\Participant',170,'first_payments','Recibos Unidos ','Recibos-Unidos-.pdf','application/pdf','public',229709,'[]','{\"custom_headers\": []}','[]',355,'2018-10-15 01:30:23','2018-10-15 01:30:23'),(365,'App\\Participant',180,'photos','JAKE','JAKE.jpeg','image/jpeg','public',15081,'[]','{\"custom_headers\": []}','[]',356,'2018-10-15 06:32:33','2018-10-15 06:32:33'),(366,'App\\Participant',177,'photos','ISAMAR','ISAMAR.jpeg','image/jpeg','public',21096,'[]','{\"custom_headers\": []}','[]',357,'2018-10-15 06:36:43','2018-10-15 06:36:43'),(367,'App\\Participant',158,'photos','MARILOY','MARILOY.jpeg','image/jpeg','public',26424,'[]','{\"custom_headers\": []}','[]',358,'2018-10-15 06:38:29','2018-10-15 06:38:29'),(368,'App\\Participant',176,'photos','KAREN','KAREN.jpeg','image/jpeg','public',19665,'[]','{\"custom_headers\": []}','[]',359,'2018-10-15 06:40:21','2018-10-15 06:40:21'),(369,'App\\Participant',173,'photos','ILEANA','ILEANA.jpeg','image/jpeg','public',21951,'[]','{\"custom_headers\": []}','[]',360,'2018-10-15 06:41:57','2018-10-15 06:41:57'),(370,'App\\Participant',168,'photos','LILIAN','LILIAN.jpeg','image/jpeg','public',12360,'[]','{\"custom_headers\": []}','[]',361,'2018-10-15 06:43:25','2018-10-15 06:43:25'),(371,'App\\Participant',169,'photos','DARIANNA','DARIANNA.jpeg','image/jpeg','public',8923,'[]','{\"custom_headers\": []}','[]',362,'2018-10-15 06:44:45','2018-10-15 06:44:45'),(373,'App\\Participant',83,'photos','jijij','jijij.JPG','image/jpeg','public',24909,'[]','{\"custom_headers\": []}','[]',363,'2018-10-15 07:34:31','2018-10-15 07:34:31'),(374,'App\\Participant',216,'photos','047 Lender Leyba','047-Lender-Leyba.jpg','image/jpeg','public',1001631,'[]','{\"custom_headers\": []}','[]',364,'2018-10-15 11:35:32','2018-10-15 11:35:32'),(378,'App\\Participant',79,'photos','Capture popi','Capture-popi.PNG','image/png','public',72251,'[]','{\"custom_headers\": []}','[]',367,'2018-10-15 12:09:28','2018-10-15 12:09:28'),(379,'App\\Participant',49,'last_payments','pago final','pago-final.jpg','image/jpeg','public',224309,'[]','{\"custom_headers\": []}','[]',368,'2018-10-15 12:11:51','2018-10-15 12:11:51'),(380,'App\\Participant',87,'photos','CILA OSCAR','CILA-OSCAR.jpg','image/jpeg','public',45889,'[]','{\"custom_headers\": []}','[]',369,'2018-10-15 12:12:28','2018-10-15 12:12:28'),(381,'App\\Participant',79,'conduct_codes','pago 1','pago-1.jpg','image/jpeg','public',328896,'[]','{\"custom_headers\": []}','[]',370,'2018-10-15 12:13:54','2018-10-15 12:13:54'),(382,'App\\Participant',221,'photos','027 Carolina Rosario','027-Carolina-Rosario.jpg','image/jpeg','public',619774,'[]','{\"custom_headers\": []}','[]',371,'2018-10-15 12:14:44','2018-10-15 12:14:44'),(383,'App\\Participant',221,'conduct_codes','Compromiso Carolina Rosario Mi Colegio','Compromiso-Carolina-Rosario-Mi-Colegio.jpg','image/jpeg','public',268568,'[]','{\"custom_headers\": []}','[]',372,'2018-10-15 12:14:44','2018-10-15 12:14:44'),(384,'App\\Participant',221,'first_payments','Inscripción Carolina Rosario Mi Colegio','Inscripción-Carolina-Rosario-Mi-Colegio.jpg','image/jpeg','public',64392,'[]','{\"custom_headers\": []}','[]',373,'2018-10-15 12:14:44','2018-10-15 12:14:44'),(385,'App\\Participant',221,'last_payments','Completivo pago Carolina Rosario Mi Colegio','Completivo-pago-Carolina-Rosario-Mi-Colegio.jpg','image/jpeg','public',66282,'[]','{\"custom_headers\": []}','[]',374,'2018-10-15 12:14:44','2018-10-15 12:14:44'),(386,'App\\Participant',222,'photos','CILA cara','CILA-cara.PNG','image/png','public',198845,'[]','{\"custom_headers\": []}','[]',375,'2018-10-15 12:18:31','2018-10-15 12:18:31'),(387,'App\\Participant',222,'first_payments','CILA pago inicial','CILA-pago-inicial.PNG','image/png','public',99315,'[]','{\"custom_headers\": []}','[]',376,'2018-10-15 12:18:31','2018-10-15 12:18:31'),(388,'App\\Participant',222,'last_payments','CILA pago final','CILA-pago-final.PNG','image/png','public',259009,'[]','{\"custom_headers\": []}','[]',377,'2018-10-15 12:18:31','2018-10-15 12:18:31'),(389,'App\\Participant',223,'photos','Snapseed','Snapseed.jpeg','image/jpeg','public',725289,'[]','{\"custom_headers\": []}','[]',378,'2018-10-15 12:18:40','2018-10-15 12:18:40'),(390,'App\\Participant',223,'first_payments','foto cila TB2','foto-cila-TB2.jpg','image/jpeg','public',101650,'[]','{\"custom_headers\": []}','[]',379,'2018-10-15 12:18:40','2018-10-15 12:18:40'),(391,'App\\Participant',223,'last_payments','foto cila TB','foto-cila-TB.jpg','image/jpeg','public',101650,'[]','{\"custom_headers\": []}','[]',380,'2018-10-15 12:18:40','2018-10-15 12:18:40'),(392,'App\\Participant',43,'conduct_codes','Autorizacion Melody','Autorizacion-Melody.docx','application/vnd.openxmlformats-officedocument.wordprocessingml.document','public',864652,'[]','{\"custom_headers\": []}','[]',381,'2018-10-15 12:20:11','2018-10-15 12:20:11'),(393,'App\\Participant',41,'conduct_codes','Autorizacion Kathia','Autorizacion-Kathia.docx','application/vnd.openxmlformats-officedocument.wordprocessingml.document','public',875050,'[]','{\"custom_headers\": []}','[]',382,'2018-10-15 12:22:43','2018-10-15 12:22:43'),(394,'App\\Participant',38,'conduct_codes','Autorizacion Dahiane','Autorizacion-Dahiane.docx','application/vnd.openxmlformats-officedocument.wordprocessingml.document','public',845180,'[]','{\"custom_headers\": []}','[]',383,'2018-10-15 12:24:23','2018-10-15 12:24:23'),(395,'App\\Participant',224,'photos','028 Nicole Antigua','028-Nicole-Antigua.jpg','image/jpeg','public',592020,'[]','{\"custom_headers\": []}','[]',384,'2018-10-15 12:24:46','2018-10-15 12:24:46'),(396,'App\\Participant',224,'conduct_codes','028 Nicole Antigua Compromiso','028-Nicole-Antigua-Compromiso.jpg','image/jpeg','public',284555,'[]','{\"custom_headers\": []}','[]',385,'2018-10-15 12:24:46','2018-10-15 12:24:46'),(397,'App\\Participant',224,'first_payments','028 Nicole Antigua pago inscripcion','028-Nicole-Antigua-pago-inscripcion.jpg','image/jpeg','public',71093,'[]','{\"custom_headers\": []}','[]',386,'2018-10-15 12:24:46','2018-10-15 12:24:46'),(398,'App\\Participant',224,'last_payments','028 Nicole Antigua pago completivo','028-Nicole-Antigua-pago-completivo.jpg','image/jpeg','public',88481,'[]','{\"custom_headers\": []}','[]',387,'2018-10-15 12:24:46','2018-10-15 12:24:46'),(399,'App\\Participant',107,'photos','cila pic','cila-pic.PNG','image/png','public',290116,'[]','{\"custom_headers\": []}','[]',388,'2018-10-15 12:31:04','2018-10-15 12:31:04'),(400,'App\\Participant',225,'photos','Cila foto','Cila-foto.jpg','image/jpeg','public',21823,'[]','{\"custom_headers\": []}','[]',389,'2018-10-15 12:31:18','2018-10-15 12:31:18'),(401,'App\\Participant',225,'conduct_codes','rsz_codigo_de_conducta_luis','rsz_codigo_de_conducta_luis.png','image/png','public',481368,'[]','{\"custom_headers\": []}','[]',390,'2018-10-15 12:31:18','2018-10-15 12:31:18'),(402,'App\\Participant',225,'first_payments','Pago inicial luis','Pago-inicial-luis.png','image/jpeg','public',109263,'[]','{\"custom_headers\": []}','[]',391,'2018-10-15 12:31:18','2018-10-15 12:31:18'),(403,'App\\Participant',86,'conduct_codes','rsz_20181012_112138','rsz_20181012_112138.jpg','image/jpeg','public',136023,'[]','{\"custom_headers\": []}','[]',392,'2018-10-15 12:33:22','2018-10-15 12:33:22'),(404,'App\\Participant',44,'conduct_codes','Autorizacion Alexa Ramirez','Autorizacion-Alexa-Ramirez.docx','application/vnd.openxmlformats-officedocument.wordprocessingml.document','public',844733,'[]','{\"custom_headers\": []}','[]',393,'2018-10-15 12:34:06','2018-10-15 12:34:06'),(405,'App\\Participant',48,'conduct_codes','Autorizacion Yong Mo','Autorizacion-Yong-Mo.docx','application/vnd.openxmlformats-officedocument.wordprocessingml.document','public',782351,'[]','{\"custom_headers\": []}','[]',394,'2018-10-15 12:36:23','2018-10-15 12:36:23'),(406,'App\\Participant',219,'conduct_codes','IMG_1439 (1)','IMG_1439-(1).JPG','image/jpeg','public',176779,'[]','{\"custom_headers\": []}','[]',395,'2018-10-15 12:37:57','2018-10-15 12:37:57'),(407,'App\\Participant',219,'first_payments','IMG_1437 (2)','IMG_1437-(2).PNG','image/png','public',248460,'[]','{\"custom_headers\": []}','[]',396,'2018-10-15 12:37:57','2018-10-15 12:37:57'),(408,'App\\Participant',45,'conduct_codes','Autorizacion Hicler Silvestre','Autorizacion-Hicler-Silvestre.docx','application/vnd.openxmlformats-officedocument.wordprocessingml.document','public',792770,'[]','{\"custom_headers\": []}','[]',397,'2018-10-15 12:38:34','2018-10-15 12:38:34'),(409,'App\\Participant',227,'photos','045 Carol Díaz','045-Carol-Díaz.jpg','image/jpeg','public',267153,'[]','{\"custom_headers\": []}','[]',398,'2018-10-15 12:40:34','2018-10-15 12:40:34'),(410,'App\\Participant',227,'conduct_codes','045 Carol Díaz compromiso','045-Carol-Díaz-compromiso.jpg','image/jpeg','public',251055,'[]','{\"custom_headers\": []}','[]',399,'2018-10-15 12:40:34','2018-10-15 12:40:34'),(411,'App\\Participant',227,'first_payments','045 Carol Díaz pago inicial','045-Carol-Díaz-pago-inicial.jpg','image/jpeg','public',73525,'[]','{\"custom_headers\": []}','[]',400,'2018-10-15 12:40:34','2018-10-15 12:40:34'),(412,'App\\Participant',227,'last_payments','045 Carol Díaz pago completivo','045-Carol-Díaz-pago-completivo.jpg','image/jpeg','public',84076,'[]','{\"custom_headers\": []}','[]',401,'2018-10-15 12:40:34','2018-10-15 12:40:34'),(413,'App\\Participant',47,'conduct_codes','Autorizacion Enmanuel Tavarez','Autorizacion-Enmanuel-Tavarez.docx','application/vnd.openxmlformats-officedocument.wordprocessingml.document','public',799115,'[]','{\"custom_headers\": []}','[]',402,'2018-10-15 12:40:44','2018-10-15 12:40:44'),(414,'App\\Participant',42,'conduct_codes','Autorizacion Nataly Batista','Autorizacion-Nataly-Batista.docx','application/vnd.openxmlformats-officedocument.wordprocessingml.document','public',874733,'[]','{\"custom_headers\": []}','[]',403,'2018-10-15 12:41:54','2018-10-15 12:41:54'),(415,'App\\Participant',39,'conduct_codes','Autorizacion Nicole Rodriguez','Autorizacion-Nicole-Rodriguez.docx','application/vnd.openxmlformats-officedocument.wordprocessingml.document','public',847482,'[]','{\"custom_headers\": []}','[]',404,'2018-10-15 12:45:36','2018-10-15 12:45:36'),(417,'App\\Participant',46,'conduct_codes','Autorizacion Juan Julio Gonzalez','Autorizacion-Juan-Julio-Gonzalez.docx','application/vnd.openxmlformats-officedocument.wordprocessingml.document','public',853477,'[]','{\"custom_headers\": []}','[]',406,'2018-10-15 12:47:50','2018-10-15 12:47:50'),(418,'App\\Participant',230,'conduct_codes','029 Camila Ramírez compromiso','029-Camila-Ramírez-compromiso.jpg','image/jpeg','public',273437,'[]','{\"custom_headers\": []}','[]',407,'2018-10-15 12:47:52','2018-10-15 12:47:52'),(419,'App\\Participant',230,'first_payments','029 Camila Ramírez pago inicial','029-Camila-Ramírez-pago-inicial.jpg','image/jpeg','public',48390,'[]','{\"custom_headers\": []}','[]',408,'2018-10-15 12:47:52','2018-10-15 12:47:52'),(420,'App\\Participant',230,'last_payments','029 Camila Ramírez pago completivo','029-Camila-Ramírez-pago-completivo.jpg','image/jpeg','public',165791,'[]','{\"custom_headers\": []}','[]',409,'2018-10-15 12:47:52','2018-10-15 12:47:52'),(421,'App\\Participant',230,'photos','029 Camila Ramírez','029-Camila-Ramírez.jpg','image/jpeg','public',698053,'[]','{\"custom_headers\": []}','[]',410,'2018-10-15 12:48:22','2018-10-15 12:48:22'),(422,'App\\Participant',40,'conduct_codes','Autorizacion Liz Mo','Autorizacion-Liz-Mo.docx','application/vnd.openxmlformats-officedocument.wordprocessingml.document','public',864433,'[]','{\"custom_headers\": []}','[]',411,'2018-10-15 12:49:41','2018-10-15 12:49:41'),(423,'App\\Participant',219,'photos','IMG_6060','IMG_6060.jpg','image/jpeg','public',60993,'[]','{\"custom_headers\": []}','[]',412,'2018-10-15 12:51:24','2018-10-15 12:51:24'),(424,'App\\Participant',231,'photos','rsz_1img_20180512_141245','rsz_1img_20180512_141245.jpg','image/jpeg','public',54381,'[]','{\"custom_headers\": []}','[]',413,'2018-10-15 12:51:32','2018-10-15 12:51:32'),(425,'App\\Participant',47,'last_payments','Pago Final Enmanuel Tavarez','Pago-Final-Enmanuel-Tavarez.jpg','image/jpeg','public',44649,'[]','{\"custom_headers\": []}','[]',414,'2018-10-15 12:51:42','2018-10-15 12:51:42'),(427,'App\\Participant',40,'first_payments','pago Inscripcion Liz Mo','pago-Inscripcion-Liz-Mo.jpg','image/jpeg','public',99656,'[]','{\"custom_headers\": []}','[]',416,'2018-10-15 12:54:01','2018-10-15 12:54:01'),(428,'App\\Participant',220,'photos','rsz_img_1443_1','rsz_img_1443_1.jpg','image/jpeg','public',31086,'[]','{\"custom_headers\": []}','[]',417,'2018-10-15 12:54:03','2018-10-15 12:54:03'),(429,'App\\Participant',220,'conduct_codes','rsz_img_2504','rsz_img_2504.jpg','image/jpeg','public',20877,'[]','{\"custom_headers\": []}','[]',418,'2018-10-15 12:55:57','2018-10-15 12:55:57'),(430,'App\\Participant',232,'photos','030 Víctor Julián','030-Víctor-Julián.jpg','image/jpeg','public',624508,'[]','{\"custom_headers\": []}','[]',419,'2018-10-15 12:57:40','2018-10-15 12:57:40'),(431,'App\\Participant',232,'conduct_codes','030 Víctor Julián compromiso','030-Víctor-Julián-compromiso.jpg','image/jpeg','public',262998,'[]','{\"custom_headers\": []}','[]',420,'2018-10-15 12:57:40','2018-10-15 12:57:40'),(432,'App\\Participant',232,'first_payments','030 Víctor Julián pago inicial','030-Víctor-Julián-pago-inicial.jpg','image/jpeg','public',47238,'[]','{\"custom_headers\": []}','[]',421,'2018-10-15 12:57:40','2018-10-15 12:57:40'),(433,'App\\Participant',232,'last_payments','030 Víctor Julián pago compeltivo','030-Víctor-Julián-pago-compeltivo.jpg','image/jpeg','public',49789,'[]','{\"custom_headers\": []}','[]',422,'2018-10-15 12:57:40','2018-10-15 12:57:40'),(435,'App\\Participant',217,'photos','IMG_20181015_085948','IMG_20181015_085948.jpg','image/jpeg','public',767888,'[]','{\"custom_headers\": []}','[]',424,'2018-10-15 13:09:29','2018-10-15 13:09:29'),(436,'App\\Participant',228,'conduct_codes','IMG_6020 (2)','IMG_6020-(2).jpg','image/jpeg','public',26834,'[]','{\"custom_headers\": []}','[]',425,'2018-10-15 13:12:10','2018-10-15 13:12:10'),(438,'App\\Participant',228,'first_payments','IMG_5564','IMG_5564.jpg','image/jpeg','public',312417,'[]','{\"custom_headers\": []}','[]',426,'2018-10-15 13:12:30','2018-10-15 13:12:30'),(439,'App\\Participant',233,'conduct_codes','031 Rodrigo Pellerano compromiso','031-Rodrigo-Pellerano-compromiso.jpg','image/jpeg','public',259260,'[]','{\"custom_headers\": []}','[]',427,'2018-10-15 13:21:17','2018-10-15 13:21:17'),(440,'App\\Participant',233,'first_payments','031 Rodrigo Pellerano pago inicial','031-Rodrigo-Pellerano-pago-inicial.jpg','image/jpeg','public',86521,'[]','{\"custom_headers\": []}','[]',428,'2018-10-15 13:21:17','2018-10-15 13:21:17'),(441,'App\\Participant',233,'last_payments','031 Rodrigo Pellerano pago completivo','031-Rodrigo-Pellerano-pago-completivo.jpg','image/jpeg','public',104943,'[]','{\"custom_headers\": []}','[]',429,'2018-10-15 13:21:17','2018-10-15 13:21:17'),(444,'App\\Participant',229,'conduct_codes','IMG_6019 (1)','IMG_6019-(1).jpg','image/jpeg','public',26518,'[]','{\"custom_headers\": []}','[]',431,'2018-10-15 13:29:48','2018-10-15 13:29:48'),(445,'App\\Participant',229,'first_payments','IMG_5565','IMG_5565.jpg','image/jpeg','public',335996,'[]','{\"custom_headers\": []}','[]',432,'2018-10-15 13:29:48','2018-10-15 13:29:48'),(449,'App\\Participant',237,'photos','046 Claudio Celestino','046-Claudio-Celestino.jpg','image/jpeg','public',50973,'[]','{\"custom_headers\": []}','[]',434,'2018-10-15 14:28:03','2018-10-15 14:28:03'),(450,'App\\Participant',237,'conduct_codes','046 Claudio Celestino compromiso','046-Claudio-Celestino-compromiso.jpg','image/jpeg','public',257851,'[]','{\"custom_headers\": []}','[]',435,'2018-10-15 14:28:03','2018-10-15 14:28:03'),(451,'App\\Participant',237,'first_payments','046 Claudio Celestino pago inicial','046-Claudio-Celestino-pago-inicial.jpg','image/jpeg','public',91841,'[]','{\"custom_headers\": []}','[]',436,'2018-10-15 14:28:03','2018-10-15 14:28:03'),(452,'App\\Participant',237,'last_payments','046 Claudio Celestino pago completivo','046-Claudio-Celestino-pago-completivo.jpg','image/jpeg','public',99565,'[]','{\"custom_headers\": []}','[]',437,'2018-10-15 14:28:03','2018-10-15 14:28:03'),(453,'App\\Participant',240,'photos','032 María Rosa','032-María-Rosa.jpg','image/jpeg','public',552967,'[]','{\"custom_headers\": []}','[]',438,'2018-10-15 14:36:53','2018-10-15 14:36:53'),(454,'App\\Participant',240,'conduct_codes','032 María Rosa compromiso','032-María-Rosa-compromiso.jpg','image/jpeg','public',261529,'[]','{\"custom_headers\": []}','[]',439,'2018-10-15 14:36:53','2018-10-15 14:36:53'),(455,'App\\Participant',240,'first_payments','032 María Rosa pago inicial','032-María-Rosa-pago-inicial.jpg','image/jpeg','public',59237,'[]','{\"custom_headers\": []}','[]',440,'2018-10-15 14:36:53','2018-10-15 14:36:53'),(456,'App\\Participant',240,'last_payments','032 María Rosa pago completivo','032-María-Rosa-pago-completivo.jpg','image/jpeg','public',73785,'[]','{\"custom_headers\": []}','[]',441,'2018-10-15 14:36:53','2018-10-15 14:36:53'),(457,'App\\Participant',233,'photos','031 Rodrigo Pellerano','031-Rodrigo-Pellerano.jpg','image/jpeg','public',586681,'[]','{\"custom_headers\": []}','[]',442,'2018-10-15 14:37:18','2018-10-15 14:37:18'),(458,'App\\Participant',242,'photos','Samuel','Samuel.jpg','image/jpeg','public',8288,'[]','{\"custom_headers\": []}','[]',443,'2018-10-15 14:44:18','2018-10-15 14:44:18'),(459,'App\\Participant',243,'photos','041 Adrian Eusebio','041-Adrian-Eusebio.jpg','image/jpeg','public',228552,'[]','{\"custom_headers\": []}','[]',444,'2018-10-15 14:45:46','2018-10-15 14:45:46'),(460,'App\\Participant',243,'conduct_codes','041 Adrian Eusebio compromiso','041-Adrian-Eusebio-compromiso.jpg','image/jpeg','public',245967,'[]','{\"custom_headers\": []}','[]',445,'2018-10-15 14:45:46','2018-10-15 14:45:46'),(461,'App\\Participant',243,'first_payments','041 Adrian Eusebio pago inicial','041-Adrian-Eusebio-pago-inicial.jpg','image/jpeg','public',55611,'[]','{\"custom_headers\": []}','[]',446,'2018-10-15 14:45:46','2018-10-15 14:45:46'),(462,'App\\Participant',243,'last_payments','041 Adrian Eusebio pago completivo','041-Adrian-Eusebio-pago-completivo.jpg','image/jpeg','public',78529,'[]','{\"custom_headers\": []}','[]',447,'2018-10-15 14:45:46','2018-10-15 14:45:46'),(463,'App\\Participant',244,'photos','Ambar','Ambar.jpg','image/jpeg','public',6693,'[]','{\"custom_headers\": []}','[]',448,'2018-10-15 14:48:14','2018-10-15 14:48:14'),(464,'App\\Participant',248,'photos','042 Augusto Rosario','042-Augusto-Rosario.jpg','image/jpeg','public',205505,'[]','{\"custom_headers\": []}','[]',449,'2018-10-15 14:54:37','2018-10-15 14:54:37'),(465,'App\\Participant',248,'conduct_codes','042 Augusto Rosario compromiso','042-Augusto-Rosario-compromiso.jpg','image/jpeg','public',244466,'[]','{\"custom_headers\": []}','[]',450,'2018-10-15 14:54:37','2018-10-15 14:54:37'),(466,'App\\Participant',248,'first_payments','042 Augusto Rosario pago inicial','042-Augusto-Rosario-pago-inicial.jpg','image/jpeg','public',31946,'[]','{\"custom_headers\": []}','[]',451,'2018-10-15 14:54:37','2018-10-15 14:54:37'),(467,'App\\Participant',248,'last_payments','042 Augusto Rosario pago completivo','042-Augusto-Rosario-pago-completivo.jpg','image/jpeg','public',70134,'[]','{\"custom_headers\": []}','[]',452,'2018-10-15 14:54:37','2018-10-15 14:54:37'),(468,'App\\Participant',249,'photos','Joel','Joel.jpg','image/jpeg','public',6467,'[]','{\"custom_headers\": []}','[]',453,'2018-10-15 14:54:42','2018-10-15 14:54:42'),(470,'App\\Participant',252,'photos','km','km.jpg','image/jpeg','public',8653,'[]','{\"custom_headers\": []}','[]',455,'2018-10-15 14:58:30','2018-10-15 14:58:30'),(472,'App\\Participant',254,'photos','rsz_image-25 (1)','rsz_image-25-(1).jpg','image/jpeg','public',57035,'[]','{\"custom_headers\": []}','[]',457,'2018-10-15 15:00:02','2018-10-15 15:00:02'),(476,'App\\Participant',259,'conduct_codes','035 Juan Antonio Suberví compromiso','035-Juan-Antonio-Suberví-compromiso.jpg','image/jpeg','public',276834,'[]','{\"custom_headers\": []}','[]',461,'2018-10-15 15:04:58','2018-10-15 15:04:58'),(477,'App\\Participant',259,'first_payments','035 Juan Antonio Suberví pago inicial','035-Juan-Antonio-Suberví-pago-inicial.jpg','image/jpeg','public',77248,'[]','{\"custom_headers\": []}','[]',462,'2018-10-15 15:04:58','2018-10-15 15:04:58'),(478,'App\\Participant',259,'last_payments','035 Juan Antonio Suberví pago completivo','035-Juan-Antonio-Suberví-pago-completivo.jpg','image/jpeg','public',132776,'[]','{\"custom_headers\": []}','[]',463,'2018-10-15 15:04:58','2018-10-15 15:04:58'),(479,'App\\Participant',260,'photos','rsz_image-14','rsz_image-14.jpg','image/jpeg','public',66150,'[]','{\"custom_headers\": []}','[]',464,'2018-10-15 15:05:07','2018-10-15 15:05:07'),(482,'App\\Participant',266,'photos','rsz_sabrina2','rsz_sabrina2.jpg','image/jpeg','public',71065,'[]','{\"custom_headers\": []}','[]',467,'2018-10-15 15:12:33','2018-10-15 15:12:33'),(485,'App\\Participant',270,'photos','rsz_image-26','rsz_image-26.jpg','image/jpeg','public',68261,'[]','{\"custom_headers\": []}','[]',468,'2018-10-15 15:14:54','2018-10-15 15:14:54'),(486,'App\\Participant',269,'photos','rsz_image-31','rsz_image-31.jpg','image/jpeg','public',69271,'[]','{\"custom_headers\": []}','[]',469,'2018-10-15 15:15:37','2018-10-15 15:15:37'),(487,'App\\Participant',271,'photos','karla','karla.jpg','image/jpeg','public',8751,'[]','{\"custom_headers\": []}','[]',470,'2018-10-15 15:16:28','2018-10-15 15:16:28'),(488,'App\\Participant',273,'photos','rsz_andreysi','rsz_andreysi.jpg','image/jpeg','public',69535,'[]','{\"custom_headers\": []}','[]',471,'2018-10-15 15:21:01','2018-10-15 15:21:01'),(489,'App\\Participant',275,'photos','rsz_image-30','rsz_image-30.jpg','image/jpeg','public',69278,'[]','{\"custom_headers\": []}','[]',472,'2018-10-15 15:23:07','2018-10-15 15:23:07'),(490,'App\\Participant',276,'photos','jame','jame.jpg','image/jpeg','public',10285,'[]','{\"custom_headers\": []}','[]',473,'2018-10-15 15:23:57','2018-10-15 15:23:57'),(491,'App\\Participant',277,'photos','rsz_image-32','rsz_image-32.jpg','image/jpeg','public',73743,'[]','{\"custom_headers\": []}','[]',474,'2018-10-15 15:25:45','2018-10-15 15:25:45'),(492,'App\\Participant',278,'photos','WhatsApp Image 2018-10-15 at 11.21.40 AM','WhatsApp-Image-2018-10-15-at-11.21.40-AM.jpg','image/jpeg','public',14536,'[]','{\"custom_headers\": []}','[]',475,'2018-10-15 15:28:40','2018-10-15 15:28:40'),(494,'App\\Participant',280,'photos','rsz_8image-33','rsz_8image-33.jpg','image/jpeg','public',78111,'[]','{\"custom_headers\": []}','[]',477,'2018-10-15 15:32:46','2018-10-15 15:32:46'),(496,'App\\Participant',282,'photos','rsz_image-36','rsz_image-36.jpg','image/jpeg','public',68898,'[]','{\"custom_headers\": []}','[]',479,'2018-10-15 15:40:14','2018-10-15 15:40:14'),(497,'App\\Participant',283,'photos','036 Lía Díaz','036-Lía-Díaz.jpg','image/jpeg','public',663408,'[]','{\"custom_headers\": []}','[]',480,'2018-10-15 16:09:06','2018-10-15 16:09:06'),(498,'App\\Participant',283,'conduct_codes','036 Lía Díaz compromiso','036-Lía-Díaz-compromiso.jpg','image/jpeg','public',254553,'[]','{\"custom_headers\": []}','[]',481,'2018-10-15 16:09:06','2018-10-15 16:09:06'),(499,'App\\Participant',283,'first_payments','036 Lía Díaz pago inicial','036-Lía-Díaz-pago-inicial.jpg','image/jpeg','public',62996,'[]','{\"custom_headers\": []}','[]',482,'2018-10-15 16:09:06','2018-10-15 16:09:06'),(500,'App\\Participant',283,'last_payments','036 Lía Díaz pago completivo','036-Lía-Díaz-pago-completivo.jpg','image/jpeg','public',56670,'[]','{\"custom_headers\": []}','[]',483,'2018-10-15 16:09:06','2018-10-15 16:09:06'),(501,'App\\Participant',285,'photos','037 Tanya Carranza','037-Tanya-Carranza.jpg','image/jpeg','public',225384,'[]','{\"custom_headers\": []}','[]',484,'2018-10-15 16:16:25','2018-10-15 16:16:25'),(502,'App\\Participant',285,'conduct_codes','037 Tanya Carranza compromiso','037-Tanya-Carranza-compromiso.jpg','image/jpeg','public',247008,'[]','{\"custom_headers\": []}','[]',485,'2018-10-15 16:16:25','2018-10-15 16:16:25'),(503,'App\\Participant',285,'first_payments','037 Tanya Carranza pago inicial','037-Tanya-Carranza-pago-inicial.jpg','image/jpeg','public',59225,'[]','{\"custom_headers\": []}','[]',486,'2018-10-15 16:16:25','2018-10-15 16:16:25'),(504,'App\\Participant',285,'last_payments','037 Tanya Carranza pago completivo','037-Tanya-Carranza-pago-completivo.jpg','image/jpeg','public',69352,'[]','{\"custom_headers\": []}','[]',487,'2018-10-15 16:16:25','2018-10-15 16:16:25'),(505,'App\\Participant',284,'first_payments','D92677A1-ECD2-4EE7-A60D-41191B325835','D92677A1-ECD2-4EE7-A60D-41191B325835.jpeg','image/jpeg','public',43073,'[]','{\"custom_headers\": []}','[]',488,'2018-10-15 16:18:00','2018-10-15 16:18:00'),(507,'App\\Participant',284,'conduct_codes','9896F214-CEB3-4716-BBA1-356C3C93F4DF','9896F214-CEB3-4716-BBA1-356C3C93F4DF.jpeg','image/jpeg','public',190008,'[]','{\"custom_headers\": []}','[]',489,'2018-10-15 16:20:57','2018-10-15 16:20:57'),(508,'App\\Participant',286,'photos','039 Javier Pina','039-Javier-Pina.jpg','image/jpeg','public',273648,'[]','{\"custom_headers\": []}','[]',490,'2018-10-15 16:23:13','2018-10-15 16:23:13'),(509,'App\\Participant',286,'conduct_codes','039 Javier Pina compromiso','039-Javier-Pina-compromiso.jpg','image/jpeg','public',248611,'[]','{\"custom_headers\": []}','[]',491,'2018-10-15 16:23:13','2018-10-15 16:23:13'),(510,'App\\Participant',286,'first_payments','039 Javier Pina pago inicial','039-Javier-Pina-pago-inicial.jpg','image/jpeg','public',32153,'[]','{\"custom_headers\": []}','[]',492,'2018-10-15 16:23:13','2018-10-15 16:23:13'),(511,'App\\Participant',286,'last_payments','039 Javier Pina pago completivo','039-Javier-Pina-pago-completivo.jpg','image/jpeg','public',87061,'[]','{\"custom_headers\": []}','[]',493,'2018-10-15 16:23:13','2018-10-15 16:23:13'),(512,'App\\Participant',287,'photos','040 Víctor Montalvo','040-Víctor-Montalvo.jpg','image/jpeg','public',278437,'[]','{\"custom_headers\": []}','[]',494,'2018-10-15 16:29:05','2018-10-15 16:29:05'),(513,'App\\Participant',287,'conduct_codes','040 Víctor Montalvo compromiso','040-Víctor-Montalvo-compromiso.jpg','image/jpeg','public',246933,'[]','{\"custom_headers\": []}','[]',495,'2018-10-15 16:29:05','2018-10-15 16:29:05'),(514,'App\\Participant',287,'first_payments','040 Víctor Montalvo pago inicial','040-Víctor-Montalvo-pago-inicial.jpg','image/jpeg','public',78828,'[]','{\"custom_headers\": []}','[]',496,'2018-10-15 16:29:05','2018-10-15 16:29:05'),(515,'App\\Participant',287,'last_payments','040 Víctor Montalvo pago completivo','040-Víctor-Montalvo-pago-completivo.jpg','image/jpeg','public',141526,'[]','{\"custom_headers\": []}','[]',497,'2018-10-15 16:29:05','2018-10-15 16:29:05'),(516,'App\\Participant',288,'photos','043 Diego Miranda','043-Diego-Miranda.jpg','image/jpeg','public',266636,'[]','{\"custom_headers\": []}','[]',498,'2018-10-15 16:36:26','2018-10-15 16:36:26'),(517,'App\\Participant',288,'conduct_codes','043 Diego Miranda compromiso','043-Diego-Miranda-compromiso.jpg','image/jpeg','public',240928,'[]','{\"custom_headers\": []}','[]',499,'2018-10-15 16:36:26','2018-10-15 16:36:26'),(518,'App\\Participant',288,'first_payments','043 Diego Miranda pago inicial','043-Diego-Miranda-pago-inicial.jpg','image/jpeg','public',71164,'[]','{\"custom_headers\": []}','[]',500,'2018-10-15 16:36:26','2018-10-15 16:36:26'),(519,'App\\Participant',288,'last_payments','043 Diego Miranda pago completivo','043-Diego-Miranda-pago-completivo.jpg','image/jpeg','public',127575,'[]','{\"custom_headers\": []}','[]',501,'2018-10-15 16:36:26','2018-10-15 16:36:26'),(521,'App\\Participant',289,'photos','044 Edwardo Baldera','044-Edwardo-Baldera.jpg','image/jpeg','public',217444,'[]','{\"custom_headers\": []}','[]',503,'2018-10-15 16:42:00','2018-10-15 16:42:00'),(522,'App\\Participant',289,'conduct_codes','044 Edwardo Baldera compromiso','044-Edwardo-Baldera-compromiso.jpg','image/jpeg','public',250672,'[]','{\"custom_headers\": []}','[]',504,'2018-10-15 16:42:00','2018-10-15 16:42:00'),(523,'App\\Participant',289,'first_payments','044 Edwardo Baldera pago inicial','044-Edwardo-Baldera-pago-inicial.jpg','image/jpeg','public',49448,'[]','{\"custom_headers\": []}','[]',505,'2018-10-15 16:42:00','2018-10-15 16:42:00'),(524,'App\\Participant',289,'last_payments','044 Edwardo Baldera pago completivo','044-Edwardo-Baldera-pago-completivo.jpg','image/jpeg','public',65970,'[]','{\"custom_headers\": []}','[]',506,'2018-10-15 16:42:00','2018-10-15 16:42:00'),(525,'App\\Participant',290,'photos','033 Alexa Falconer','033-Alexa-Falconer.jpg','image/jpeg','public',538883,'[]','{\"custom_headers\": []}','[]',507,'2018-10-15 16:48:44','2018-10-15 16:48:44'),(526,'App\\Participant',290,'conduct_codes','033 Alexa Falconer compromiso','033-Alexa-Falconer-compromiso.jpg','image/jpeg','public',255391,'[]','{\"custom_headers\": []}','[]',508,'2018-10-15 16:48:44','2018-10-15 16:48:44'),(527,'App\\Participant',290,'first_payments','033 Alexa Falconer pago inicial','033-Alexa-Falconer-pago-inicial.jpg','image/jpeg','public',85502,'[]','{\"custom_headers\": []}','[]',509,'2018-10-15 16:48:44','2018-10-15 16:48:44'),(528,'App\\Participant',290,'last_payments','033 Alexa Falconer pago completivo','033-Alexa-Falconer-pago-completivo.jpg','image/jpeg','public',85272,'[]','{\"custom_headers\": []}','[]',510,'2018-10-15 16:48:44','2018-10-15 16:48:44'),(529,'App\\Participant',291,'photos','034 Alejandra Herrera','034-Alejandra-Herrera.jpg','image/jpeg','public',434639,'[]','{\"custom_headers\": []}','[]',511,'2018-10-15 17:02:55','2018-10-15 17:02:55'),(530,'App\\Participant',291,'conduct_codes','034 Alejandra Herrera compromiso','034-Alejandra-Herrera-compromiso.jpg','image/jpeg','public',253680,'[]','{\"custom_headers\": []}','[]',512,'2018-10-15 17:02:55','2018-10-15 17:02:55'),(531,'App\\Participant',291,'first_payments','034 Alejandra Herrera pago inicial','034-Alejandra-Herrera-pago-inicial.jpg','image/jpeg','public',82516,'[]','{\"custom_headers\": []}','[]',513,'2018-10-15 17:02:55','2018-10-15 17:02:55'),(532,'App\\Participant',291,'last_payments','034 Alejandra Herrera pago completivo','034-Alejandra-Herrera-pago-completivo.jpg','image/jpeg','public',137787,'[]','{\"custom_headers\": []}','[]',514,'2018-10-15 17:02:55','2018-10-15 17:02:55'),(533,'App\\Participant',292,'photos','rsz_1rsz_arianna3','rsz_1rsz_arianna3.jpg','image/jpeg','public',10546,'[]','{\"custom_headers\": []}','[]',515,'2018-10-15 17:09:00','2018-10-15 17:09:00'),(534,'App\\Participant',292,'first_payments','colegio','colegio.pdf','application/pdf','public',255929,'[]','{\"custom_headers\": []}','[]',516,'2018-10-15 17:09:00','2018-10-15 17:09:00'),(535,'App\\Participant',292,'last_payments','arianna (2)','arianna-(2).pdf','application/pdf','public',182017,'[]','{\"custom_headers\": []}','[]',517,'2018-10-15 17:09:00','2018-10-15 17:09:00'),(536,'App\\Participant',293,'photos','rsz_1jose_manuel','rsz_1jose_manuel.jpg','image/jpeg','public',41207,'[]','{\"custom_headers\": []}','[]',518,'2018-10-15 17:11:37','2018-10-15 17:11:37'),(537,'App\\Participant',293,'conduct_codes','SCAN 7 Jose Manuel','SCAN-7-Jose-Manuel.pdf','application/pdf','public',536334,'[]','{\"custom_headers\": []}','[]',519,'2018-10-15 17:11:37','2018-10-15 17:11:37'),(538,'App\\Participant',293,'first_payments','COMPROBANTES del colegio','COMPROBANTES-del-colegio.pdf','application/pdf','public',255929,'[]','{\"custom_headers\": []}','[]',520,'2018-10-15 17:11:37','2018-10-15 17:11:37'),(539,'App\\Participant',293,'last_payments','COMPROBANTES  jose M.','COMPROBANTES--jose-M..pdf','application/pdf','public',197823,'[]','{\"custom_headers\": []}','[]',521,'2018-10-15 17:11:37','2018-10-15 17:11:37'),(540,'App\\Participant',294,'photos','rsz_5a3d028f-2d90-485f-82dd-e53d5f847e49_1','rsz_5a3d028f-2d90-485f-82dd-e53d5f847e49_1.jpg','image/jpeg','public',91814,'[]','{\"custom_headers\": []}','[]',522,'2018-10-15 17:14:02','2018-10-15 17:14:02'),(541,'App\\Participant',294,'conduct_codes','victor','victor.pdf','application/pdf','public',523141,'[]','{\"custom_headers\": []}','[]',523,'2018-10-15 17:14:02','2018-10-15 17:14:02'),(542,'App\\Participant',294,'first_payments','colegio','colegio.pdf','application/pdf','public',255929,'[]','{\"custom_headers\": []}','[]',524,'2018-10-15 17:14:02','2018-10-15 17:14:02'),(543,'App\\Participant',294,'last_payments','victor (2)','victor-(2).pdf','application/pdf','public',160716,'[]','{\"custom_headers\": []}','[]',525,'2018-10-15 17:14:02','2018-10-15 17:14:02'),(544,'App\\Participant',295,'photos','rsz_ephren','rsz_ephren.jpg','image/jpeg','public',94701,'[]','{\"custom_headers\": []}','[]',526,'2018-10-15 17:16:14','2018-10-15 17:16:14'),(545,'App\\Participant',295,'conduct_codes','SCAN 5 ephren','SCAN-5-ephren.pdf','application/pdf','public',509414,'[]','{\"custom_headers\": []}','[]',527,'2018-10-15 17:16:14','2018-10-15 17:16:14'),(546,'App\\Participant',295,'first_payments','COMPROBANTES del colegio','COMPROBANTES-del-colegio.pdf','application/pdf','public',255929,'[]','{\"custom_headers\": []}','[]',528,'2018-10-15 17:16:14','2018-10-15 17:16:14'),(547,'App\\Participant',295,'last_payments','COMPROBANTES ephren y shanelle','COMPROBANTES-ephren-y-shanelle.pdf','application/pdf','public',158493,'[]','{\"custom_headers\": []}','[]',529,'2018-10-15 17:16:14','2018-10-15 17:16:14'),(548,'App\\Participant',296,'photos','rsz_1rsz_img-6634','rsz_1rsz_img-6634.jpg','image/jpeg','public',9164,'[]','{\"custom_headers\": []}','[]',530,'2018-10-15 17:25:13','2018-10-15 17:25:13'),(549,'App\\Participant',296,'conduct_codes','paula','paula.pdf','application/pdf','public',557500,'[]','{\"custom_headers\": []}','[]',531,'2018-10-15 17:25:13','2018-10-15 17:25:13'),(550,'App\\Participant',296,'first_payments','colegio','colegio.pdf','application/pdf','public',255929,'[]','{\"custom_headers\": []}','[]',532,'2018-10-15 17:25:13','2018-10-15 17:25:13'),(551,'App\\Participant',296,'last_payments','paula (2)','paula-(2).pdf','application/pdf','public',166952,'[]','{\"custom_headers\": []}','[]',533,'2018-10-15 17:25:13','2018-10-15 17:25:13'),(552,'App\\Participant',297,'photos','rsz_rafael','rsz_rafael.jpg','image/jpeg','public',86982,'[]','{\"custom_headers\": []}','[]',534,'2018-10-15 17:25:38','2018-10-15 17:25:38'),(553,'App\\Participant',297,'conduct_codes','SCAN 8 rafael','SCAN-8-rafael.pdf','application/pdf','public',528693,'[]','{\"custom_headers\": []}','[]',535,'2018-10-15 17:25:38','2018-10-15 17:25:38'),(554,'App\\Participant',297,'first_payments','COMPROBANTES del colegio','COMPROBANTES-del-colegio.pdf','application/pdf','public',255929,'[]','{\"custom_headers\": []}','[]',536,'2018-10-15 17:25:38','2018-10-15 17:25:38'),(555,'App\\Participant',297,'last_payments','COMPROBANTES rafael','COMPROBANTES-rafael.pdf','application/pdf','public',172268,'[]','{\"custom_headers\": []}','[]',537,'2018-10-15 17:25:38','2018-10-15 17:25:38'),(556,'App\\Participant',299,'photos','rsz_shanelle','rsz_shanelle.jpg','image/jpeg','public',76382,'[]','{\"custom_headers\": []}','[]',538,'2018-10-15 17:32:38','2018-10-15 17:32:38'),(557,'App\\Participant',299,'conduct_codes','SCAN 11 shanelle','SCAN-11-shanelle.pdf','application/pdf','public',511918,'[]','{\"custom_headers\": []}','[]',539,'2018-10-15 17:32:38','2018-10-15 17:32:38'),(558,'App\\Participant',299,'first_payments','COMPROBANTES del colegio','COMPROBANTES-del-colegio.pdf','application/pdf','public',255929,'[]','{\"custom_headers\": []}','[]',540,'2018-10-15 17:32:38','2018-10-15 17:32:38'),(559,'App\\Participant',299,'last_payments','COMPROBANTES ephren y shanelle','COMPROBANTES-ephren-y-shanelle.pdf','application/pdf','public',158493,'[]','{\"custom_headers\": []}','[]',541,'2018-10-15 17:32:38','2018-10-15 17:32:38'),(560,'App\\Participant',50,'photos','IMG-20181015-WA0031','IMG-20181015-WA0031.jpg','image/jpeg','public',60155,'[]','{\"custom_headers\": []}','[]',542,'2018-10-15 17:43:51','2018-10-15 17:43:51'),(561,'App\\Participant',284,'photos','E5148A08-95FE-44A7-A7F8-DD0B251F9763','E5148A08-95FE-44A7-A7F8-DD0B251F9763.jpeg','image/jpeg','public',200543,'[]','{\"custom_headers\": []}','[]',543,'2018-10-15 18:31:44','2018-10-15 18:31:44'),(563,'App\\Participant',59,'conduct_codes','Capture','Capture.PNG','image/png','public',191731,'[]','{\"custom_headers\": []}','[]',545,'2018-10-15 18:40:13','2018-10-15 18:40:13'),(564,'App\\Participant',81,'last_payments','IMG-20181015-WA0004','IMG-20181015-WA0004.jpg','image/jpeg','public',59529,'[]','{\"custom_headers\": []}','[]',546,'2018-10-15 18:41:52','2018-10-15 18:41:52'),(566,'App\\Participant',222,'conduct_codes','Contrato','Contrato.PNG','image/png','public',425409,'[]','{\"custom_headers\": []}','[]',548,'2018-10-15 18:47:53','2018-10-15 18:47:53'),(567,'App\\Participant',228,'photos','IMG_2478','IMG_2478.jpg','image/jpeg','public',25562,'[]','{\"custom_headers\": []}','[]',549,'2018-10-15 18:48:03','2018-10-15 18:48:03'),(568,'App\\Participant',109,'last_payments','rsz_pago__final','rsz_pago__final.png','image/png','public',54266,'[]','{\"custom_headers\": []}','[]',550,'2018-10-15 18:50:55','2018-10-15 18:50:55'),(569,'App\\Participant',306,'photos','rsz_cavagliano','rsz_cavagliano.jpg','image/jpeg','public',28378,'[]','{\"custom_headers\": []}','[]',551,'2018-10-15 18:58:55','2018-10-15 18:58:55'),(570,'App\\Participant',306,'conduct_codes','Cavagliano Conducta','Cavagliano-Conducta.pdf','application/pdf','public',612991,'[]','{\"custom_headers\": []}','[]',552,'2018-10-15 18:58:55','2018-10-15 18:58:55'),(571,'App\\Participant',306,'first_payments','Pago Completo Cavagliano','Pago-Completo-Cavagliano.jpg','image/jpeg','public',146888,'[]','{\"custom_headers\": []}','[]',553,'2018-10-15 18:58:55','2018-10-15 18:58:55'),(572,'App\\Participant',306,'last_payments','Pago Completo Cavagliano','Pago-Completo-Cavagliano.jpg','image/jpeg','public',146888,'[]','{\"custom_headers\": []}','[]',554,'2018-10-15 18:58:55','2018-10-15 18:58:55'),(577,'App\\Participant',312,'photos','rsz_wu','rsz_wu.jpg','image/jpeg','public',27516,'[]','{\"custom_headers\": []}','[]',559,'2018-10-15 19:05:16','2018-10-15 19:05:16'),(578,'App\\Participant',312,'conduct_codes','Wu Conducta','Wu-Conducta.pdf','application/pdf','public',610107,'[]','{\"custom_headers\": []}','[]',560,'2018-10-15 19:05:16','2018-10-15 19:05:16'),(579,'App\\Participant',312,'first_payments','Wu 1er Pago','Wu-1er-Pago.pdf','application/pdf','public',110641,'[]','{\"custom_headers\": []}','[]',561,'2018-10-15 19:05:16','2018-10-15 19:05:16'),(580,'App\\Participant',312,'last_payments','Wu 2do Pago','Wu-2do-Pago.pdf','application/pdf','public',135542,'[]','{\"custom_headers\": []}','[]',562,'2018-10-15 19:05:16','2018-10-15 19:05:16'),(581,'App\\Participant',315,'photos','rsz_michelén','rsz_michelén.jpg','image/jpeg','public',43881,'[]','{\"custom_headers\": []}','[]',563,'2018-10-15 19:11:59','2018-10-15 19:11:59'),(585,'App\\Participant',315,'conduct_codes','Michelén Conducta','Michelén-Conducta.pdf','application/pdf','public',610300,'[]','{\"custom_headers\": []}','[]',567,'2018-10-15 19:12:59','2018-10-15 19:12:59'),(586,'App\\Participant',315,'first_payments','Pago Completo','Pago-Completo.png','image/png','public',65359,'[]','{\"custom_headers\": []}','[]',568,'2018-10-15 19:12:59','2018-10-15 19:12:59'),(587,'App\\Participant',315,'last_payments','Pago Completo','Pago-Completo.png','image/png','public',65359,'[]','{\"custom_headers\": []}','[]',569,'2018-10-15 19:12:59','2018-10-15 19:12:59'),(588,'App\\Participant',316,'photos','image1 (2)','image1-(2).jpeg','image/jpeg','public',55932,'[]','{\"custom_headers\": []}','[]',570,'2018-10-15 19:13:32','2018-10-15 19:13:32'),(589,'App\\Participant',316,'conduct_codes','Ayala Conducta','Ayala-Conducta.pdf','application/pdf','public',609921,'[]','{\"custom_headers\": []}','[]',571,'2018-10-15 19:13:32','2018-10-15 19:13:32'),(590,'App\\Participant',316,'first_payments','Ayala 1er Pago','Ayala-1er-Pago.jpg','image/jpeg','public',119046,'[]','{\"custom_headers\": []}','[]',572,'2018-10-15 19:13:32','2018-10-15 19:13:32'),(591,'App\\Participant',316,'last_payments','Ayala 2do Pago','Ayala-2do-Pago.jpg','image/jpeg','public',112237,'[]','{\"custom_headers\": []}','[]',573,'2018-10-15 19:13:32','2018-10-15 19:13:32'),(592,'App\\Participant',46,'first_payments','IMG-20181015-WA0038','IMG-20181015-WA0038.jpg','image/jpeg','public',66034,'[]','{\"custom_headers\": []}','[]',574,'2018-10-15 19:15:02','2018-10-15 19:15:02'),(593,'App\\Participant',63,'photos','2BAF98CD-EC62-420D-BA06-CAF1306587C5','2BAF98CD-EC62-420D-BA06-CAF1306587C5.jpeg','image/jpeg','public',12920,'[]','{\"custom_headers\": []}','[]',575,'2018-10-15 19:29:39','2018-10-15 19:29:39'),(594,'App\\Participant',322,'photos','rsz_noemi','rsz_noemi.jpg','image/jpeg','public',23869,'[]','{\"custom_headers\": []}','[]',576,'2018-10-15 19:36:10','2018-10-15 19:36:10'),(595,'App\\Participant',322,'conduct_codes','Santos Conducta','Santos-Conducta.pdf','application/pdf','public',610477,'[]','{\"custom_headers\": []}','[]',577,'2018-10-15 19:36:10','2018-10-15 19:36:10'),(596,'App\\Participant',322,'first_payments','Eduardo 1er Pago','Eduardo-1er-Pago.pdf','application/pdf','public',178814,'[]','{\"custom_headers\": []}','[]',578,'2018-10-15 19:36:10','2018-10-15 19:36:10'),(597,'App\\Participant',322,'last_payments','IMG-20181012-WA0000','IMG-20181012-WA0000.jpg','image/jpeg','public',83292,'[]','{\"custom_headers\": []}','[]',579,'2018-10-15 19:36:10','2018-10-15 19:36:10'),(598,'App\\Participant',324,'photos','rsz_img_20181011_145947_4','rsz_img_20181011_145947_4.jpg','image/jpeg','public',61646,'[]','{\"custom_headers\": []}','[]',580,'2018-10-15 19:41:19','2018-10-15 19:41:19'),(599,'App\\Participant',324,'conduct_codes','Aysha Conducta','Aysha-Conducta.pdf','application/pdf','public',613360,'[]','{\"custom_headers\": []}','[]',581,'2018-10-15 19:41:19','2018-10-15 19:41:19'),(600,'App\\Participant',324,'first_payments','1er Pago Aysha','1er-Pago-Aysha.png','image/png','public',120167,'[]','{\"custom_headers\": []}','[]',582,'2018-10-15 19:41:19','2018-10-15 19:41:19'),(601,'App\\Participant',324,'last_payments','Aysha 2do Pago','Aysha-2do-Pago.jpg','image/jpeg','public',58141,'[]','{\"custom_headers\": []}','[]',583,'2018-10-15 19:41:19','2018-10-15 19:41:19'),(603,'App\\Participant',325,'photos','rsz_liyuan','rsz_liyuan.jpg','image/jpeg','public',52234,'[]','{\"custom_headers\": []}','[]',585,'2018-10-15 19:49:57','2018-10-15 19:49:57'),(607,'App\\Participant',325,'conduct_codes','Liyuan Conducta','Liyuan-Conducta.pdf','application/pdf','public',610146,'[]','{\"custom_headers\": []}','[]',589,'2018-10-15 19:50:54','2018-10-15 19:50:54'),(608,'App\\Participant',325,'first_payments','Liyuan Comprobantes Completo','Liyuan-Comprobantes-Completo.pdf','application/pdf','public',126754,'[]','{\"custom_headers\": []}','[]',590,'2018-10-15 19:50:54','2018-10-15 19:50:54'),(609,'App\\Participant',325,'last_payments','Liyuan Comprobantes Completo','Liyuan-Comprobantes-Completo.pdf','application/pdf','public',126754,'[]','{\"custom_headers\": []}','[]',591,'2018-10-15 19:50:54','2018-10-15 19:50:54'),(610,'App\\Participant',327,'photos','048 Jennifer Rincón','048-Jennifer-Rincón.jpg','image/jpeg','public',677060,'[]','{\"custom_headers\": []}','[]',592,'2018-10-15 20:12:11','2018-10-15 20:12:11'),(613,'App\\Participant',4,'conduct_codes','michael','michael.jpg','image/jpeg','public',742783,'[]','{\"custom_headers\": []}','[]',595,'2018-10-15 20:25:17','2018-10-15 20:25:17'),(614,'App\\Participant',308,'photos','002 Victoria Azar','002-Victoria-Azar.jpg','image/jpeg','public',725847,'[]','{\"custom_headers\": []}','[]',596,'2018-10-15 20:25:43','2018-10-15 20:25:43'),(616,'App\\Participant',5,'photos','angelgabriel','angelgabriel.jpg','image/jpeg','public',79217,'[]','{\"custom_headers\": []}','[]',598,'2018-10-15 20:26:54','2018-10-15 20:26:54'),(617,'App\\Participant',5,'conduct_codes','angel','angel.jpg','image/jpeg','public',771378,'[]','{\"custom_headers\": []}','[]',599,'2018-10-15 20:26:54','2018-10-15 20:26:54'),(618,'App\\Participant',308,'conduct_codes','002 Victoria Azar compromiso','002-Victoria-Azar-compromiso.jpg','image/jpeg','public',265342,'[]','{\"custom_headers\": []}','[]',600,'2018-10-15 20:28:57','2018-10-15 20:28:57'),(619,'App\\Participant',308,'first_payments','002 Victoria Azar pago inicial','002-Victoria-Azar-pago-inicial.jpg','image/jpeg','public',96590,'[]','{\"custom_headers\": []}','[]',601,'2018-10-15 20:28:57','2018-10-15 20:28:57'),(620,'App\\Participant',308,'last_payments','002 Victoria Azar pago completivo','002-Victoria-Azar-pago-completivo.jpg','image/jpeg','public',78524,'[]','{\"custom_headers\": []}','[]',602,'2018-10-15 20:28:57','2018-10-15 20:28:57'),(621,'App\\Participant',217,'last_payments','001 Cynthia Abreu pago','001-Cynthia-Abreu-pago.jpg','image/jpeg','public',72429,'[]','{\"custom_headers\": []}','[]',603,'2018-10-15 20:33:43','2018-10-15 20:33:43'),(622,'App\\Participant',309,'conduct_codes','026 Pamela Pereyra compromiso','026-Pamela-Pereyra-compromiso.jpg','image/jpeg','public',256778,'[]','{\"custom_headers\": []}','[]',604,'2018-10-15 20:37:15','2018-10-15 20:37:15'),(623,'App\\Participant',309,'first_payments','026 Pamela Pereyra pago inicial','026-Pamela-Pereyra-pago-inicial.jpg','image/jpeg','public',62170,'[]','{\"custom_headers\": []}','[]',605,'2018-10-15 20:37:15','2018-10-15 20:37:15'),(624,'App\\Participant',309,'last_payments','026 Pamela Pereyra pago completivo','026-Pamela-Pereyra-pago-completivo.jpg','image/jpeg','public',89681,'[]','{\"custom_headers\": []}','[]',606,'2018-10-15 20:37:15','2018-10-15 20:37:15'),(625,'App\\Participant',309,'photos','026 Pamela Pereyra','026-Pamela-Pereyra.jpg','image/jpeg','public',346867,'[]','{\"custom_headers\": []}','[]',607,'2018-10-15 20:37:59','2018-10-15 20:37:59'),(626,'App\\Participant',300,'photos','008 Jorge Risk','008-Jorge-Risk.jpg','image/jpeg','public',896942,'[]','{\"custom_headers\": []}','[]',608,'2018-10-15 20:39:53','2018-10-15 20:39:53'),(627,'App\\Participant',300,'conduct_codes','008 Jorge Risk compromiso','008-Jorge-Risk-compromiso.jpg','image/jpeg','public',250171,'[]','{\"custom_headers\": []}','[]',609,'2018-10-15 20:43:23','2018-10-15 20:43:23'),(628,'App\\Participant',300,'first_payments','008 Jorge Risk pago inicial','008-Jorge-Risk-pago-inicial.jpg','image/jpeg','public',63286,'[]','{\"custom_headers\": []}','[]',610,'2018-10-15 20:43:23','2018-10-15 20:43:23'),(629,'App\\Participant',300,'last_payments','008 Jorge Risk pago completivo','008-Jorge-Risk-pago-completivo.jpg','image/jpeg','public',103447,'[]','{\"custom_headers\": []}','[]',611,'2018-10-15 20:43:23','2018-10-15 20:43:23'),(630,'App\\Participant',40,'last_payments','IMG-20181015-WA0056','IMG-20181015-WA0056.jpg','image/jpeg','public',90812,'[]','{\"custom_headers\": []}','[]',612,'2018-10-15 20:46:07','2018-10-15 20:46:07'),(631,'App\\Participant',48,'last_payments','IMG-20181015-WA0057','IMG-20181015-WA0057.jpg','image/jpeg','public',99830,'[]','{\"custom_headers\": []}','[]',613,'2018-10-15 20:46:41','2018-10-15 20:46:41'),(632,'App\\Participant',301,'photos','022 Francisco Comas','022-Francisco-Comas.jpg','image/jpeg','public',335673,'[]','{\"custom_headers\": []}','[]',614,'2018-10-15 20:52:30','2018-10-15 20:52:30'),(633,'App\\Participant',301,'conduct_codes','022 Francisco Comas compromiso','022-Francisco-Comas-compromiso.jpg','image/jpeg','public',247324,'[]','{\"custom_headers\": []}','[]',615,'2018-10-15 20:52:30','2018-10-15 20:52:30'),(634,'App\\Participant',301,'first_payments','022 Francisco Comas pago inicial','022-Francisco-Comas-pago-inicial.jpg','image/jpeg','public',59219,'[]','{\"custom_headers\": []}','[]',616,'2018-10-15 20:52:30','2018-10-15 20:52:30'),(635,'App\\Participant',301,'last_payments','022 Francisco Comas pago completivo','022-Francisco-Comas-pago-completivo.jpg','image/jpeg','public',58308,'[]','{\"custom_headers\": []}','[]',617,'2018-10-15 20:52:30','2018-10-15 20:52:30'),(636,'App\\Participant',108,'photos','CF49AF65-85AE-4D32-BBDD-7EB93D9E40A2','CF49AF65-85AE-4D32-BBDD-7EB93D9E40A2.jpeg','image/jpeg','public',16322,'[]','{\"custom_headers\": []}','[]',618,'2018-10-15 20:55:03','2018-10-15 20:55:03'),(637,'App\\Participant',302,'conduct_codes','007 Lía Silva compromiso','007-Lía-Silva-compromiso.jpg','image/jpeg','public',262687,'[]','{\"custom_headers\": []}','[]',619,'2018-10-15 20:58:09','2018-10-15 20:58:09'),(638,'App\\Participant',302,'first_payments','007 Lía Silva pago inicial','007-Lía-Silva-pago-inicial.jpg','image/jpeg','public',43992,'[]','{\"custom_headers\": []}','[]',620,'2018-10-15 20:58:09','2018-10-15 20:58:09'),(639,'App\\Participant',302,'last_payments','007 Lía Silva pago completivo','007-Lía-Silva-pago-completivo.jpg','image/jpeg','public',37035,'[]','{\"custom_headers\": []}','[]',621,'2018-10-15 20:58:09','2018-10-15 20:58:09'),(641,'App\\Participant',6,'conduct_codes','bianca','bianca.jpg','image/jpeg','public',762974,'[]','{\"custom_headers\": []}','[]',623,'2018-10-15 20:58:30','2018-10-15 20:58:30'),(642,'App\\Participant',8,'photos','hillary','hillary.jpg','image/jpeg','public',83152,'[]','{\"custom_headers\": []}','[]',624,'2018-10-15 20:59:35','2018-10-15 20:59:35'),(643,'App\\Participant',8,'conduct_codes','hillary','hillary.jpg','image/jpeg','public',802584,'[]','{\"custom_headers\": []}','[]',625,'2018-10-15 20:59:35','2018-10-15 20:59:35'),(644,'App\\Participant',344,'photos','cila 2018','cila-2018.jpeg','image/jpeg','public',14551,'[]','{\"custom_headers\": []}','[]',626,'2018-10-15 21:00:06','2018-10-15 21:00:06'),(645,'App\\Participant',344,'conduct_codes','conducta 2','conducta-2.jpeg','image/jpeg','public',192778,'[]','{\"custom_headers\": []}','[]',627,'2018-10-15 21:00:06','2018-10-15 21:00:06'),(646,'App\\Participant',344,'first_payments','pago cila','pago-cila.jpeg','image/jpeg','public',47871,'[]','{\"custom_headers\": []}','[]',628,'2018-10-15 21:00:06','2018-10-15 21:00:06'),(647,'App\\Participant',344,'last_payments','pc218','pc218.jpeg','image/jpeg','public',46112,'[]','{\"custom_headers\": []}','[]',629,'2018-10-15 21:00:06','2018-10-15 21:00:06'),(648,'App\\Participant',302,'photos','007 Lía Silva','007-Lía-Silva.jpg','image/jpeg','public',881452,'[]','{\"custom_headers\": []}','[]',630,'2018-10-15 21:00:19','2018-10-15 21:00:19'),(649,'App\\Participant',303,'photos','005 Sebastián Rodríguez','005-Sebastián-Rodríguez.jpg','image/jpeg','public',650914,'[]','{\"custom_headers\": []}','[]',631,'2018-10-15 21:04:40','2018-10-15 21:04:40'),(650,'App\\Participant',303,'conduct_codes','005 Sebastián Rodríguez compromiso','005-Sebastián-Rodríguez-compromiso.jpg','image/jpeg','public',249905,'[]','{\"custom_headers\": []}','[]',632,'2018-10-15 21:04:40','2018-10-15 21:04:40'),(651,'App\\Participant',303,'first_payments','005 Sebastián Rodríguez pago inicial','005-Sebastián-Rodríguez-pago-inicial.jpg','image/jpeg','public',43009,'[]','{\"custom_headers\": []}','[]',633,'2018-10-15 21:04:40','2018-10-15 21:04:40'),(652,'App\\Participant',303,'last_payments','005 Sebastián Rodríguez pago completivo','005-Sebastián-Rodríguez-pago-completivo.jpg','image/jpeg','public',44676,'[]','{\"custom_headers\": []}','[]',634,'2018-10-15 21:04:40','2018-10-15 21:04:40'),(653,'App\\Participant',305,'photos','017 Gonzalo Mora','017-Gonzalo-Mora.jpg','image/jpeg','public',326988,'[]','{\"custom_headers\": []}','[]',635,'2018-10-15 21:12:39','2018-10-15 21:12:39'),(654,'App\\Participant',305,'conduct_codes','017 Gonzalo Mora compromiso','017-Gonzalo-Mora-compromiso.jpg','image/jpeg','public',251629,'[]','{\"custom_headers\": []}','[]',636,'2018-10-15 21:12:39','2018-10-15 21:12:39'),(655,'App\\Participant',305,'first_payments','017 Gonzalo Mora pago inicial','017-Gonzalo-Mora-pago-inicial.jpg','image/jpeg','public',126742,'[]','{\"custom_headers\": []}','[]',637,'2018-10-15 21:12:39','2018-10-15 21:12:39'),(656,'App\\Participant',305,'last_payments','017 Gonzalo Mora pago completivo','017-Gonzalo-Mora-pago-completivo.jpg','image/jpeg','public',44862,'[]','{\"custom_headers\": []}','[]',638,'2018-10-15 21:12:39','2018-10-15 21:12:39'),(657,'App\\Participant',304,'photos','018 Tomás Gil','018-Tomás-Gil.jpg','image/jpeg','public',432424,'[]','{\"custom_headers\": []}','[]',639,'2018-10-15 21:17:16','2018-10-15 21:17:16'),(658,'App\\Participant',304,'conduct_codes','018 Tomás Gil compromiso','018-Tomás-Gil-compromiso.jpg','image/jpeg','public',255346,'[]','{\"custom_headers\": []}','[]',640,'2018-10-15 21:17:16','2018-10-15 21:17:16'),(659,'App\\Participant',304,'last_payments','018 Tomás Gil pago completivo','018-Tomás-Gil-pago-completivo.jpg','image/jpeg','public',47041,'[]','{\"custom_headers\": []}','[]',641,'2018-10-15 21:17:16','2018-10-15 21:17:16'),(661,'App\\Participant',4,'photos','michael','michael.jpg','image/jpeg','public',102398,'[]','{\"custom_headers\": []}','[]',642,'2018-10-15 21:25:49','2018-10-15 21:25:49'),(665,'App\\Participant',11,'photos','farali','farali.jpg','image/jpeg','public',76534,'[]','{\"custom_headers\": []}','[]',646,'2018-10-15 21:28:32','2018-10-15 21:28:32'),(666,'App\\Participant',11,'conduct_codes','farali','farali.jpg','image/jpeg','public',743478,'[]','{\"custom_headers\": []}','[]',647,'2018-10-15 21:28:32','2018-10-15 21:28:32'),(669,'App\\Participant',310,'conduct_codes','014 Tomás Lebrón compromiso','014-Tomás-Lebrón-compromiso.jpg','image/jpeg','public',249943,'[]','{\"custom_headers\": []}','[]',650,'2018-10-15 21:29:59','2018-10-15 21:29:59'),(670,'App\\Participant',310,'first_payments','014 Tomás Lebrón pago inicial','014-Tomás-Lebrón-pago-inicial.jpg','image/jpeg','public',64124,'[]','{\"custom_headers\": []}','[]',651,'2018-10-15 21:29:59','2018-10-15 21:29:59'),(671,'App\\Participant',310,'last_payments','014 Tomás Lebrón pago completivo','014-Tomás-Lebrón-pago-completivo.jpg','image/jpeg','public',48542,'[]','{\"custom_headers\": []}','[]',652,'2018-10-15 21:29:59','2018-10-15 21:29:59'),(672,'App\\Participant',310,'photos','014 Tomás Lebrón','014-Tomás-Lebrón.jpg','image/jpeg','public',801206,'[]','{\"custom_headers\": []}','[]',653,'2018-10-15 21:30:13','2018-10-15 21:30:13'),(673,'App\\Participant',313,'photos','013 Isabella O\'Reilly','013-Isabella-O\'Reilly.jpg','image/jpeg','public',559989,'[]','{\"custom_headers\": []}','[]',654,'2018-10-15 21:42:45','2018-10-15 21:42:45'),(674,'App\\Participant',313,'conduct_codes','013 Isabella O\'Reilly compromiso','013-Isabella-O\'Reilly-compromiso.jpg','image/jpeg','public',250616,'[]','{\"custom_headers\": []}','[]',655,'2018-10-15 21:42:45','2018-10-15 21:42:45'),(675,'App\\Participant',313,'first_payments','Pago inicial A. Ricardo, Maria e Isabella O\'Reilly','Pago-inicial-A.-Ricardo,-Maria-e-Isabella-O\'Reilly.jpg','image/jpeg','public',74487,'[]','{\"custom_headers\": []}','[]',656,'2018-10-15 21:42:45','2018-10-15 21:42:45'),(676,'App\\Participant',313,'last_payments','Pago completivo O\'Reilly Cott, incluida madre','Pago-completivo-O\'Reilly-Cott,-incluida-madre.jpeg','image/jpeg','public',85105,'[]','{\"custom_headers\": []}','[]',657,'2018-10-15 21:42:45','2018-10-15 21:42:45'),(677,'App\\Participant',16,'photos','camilareyes','camilareyes.jpg','image/jpeg','public',72289,'[]','{\"custom_headers\": []}','[]',658,'2018-10-15 21:43:17','2018-10-15 21:43:17'),(678,'App\\Participant',16,'conduct_codes','camilagonzalez','camilagonzalez.jpg','image/jpeg','public',735479,'[]','{\"custom_headers\": []}','[]',659,'2018-10-15 21:43:17','2018-10-15 21:43:17'),(679,'App\\Participant',17,'photos','jaydalie','jaydalie.jpg','image/jpeg','public',75657,'[]','{\"custom_headers\": []}','[]',660,'2018-10-15 21:43:58','2018-10-15 21:43:58'),(680,'App\\Participant',17,'conduct_codes','jaydalie','jaydalie.jpg','image/jpeg','public',793119,'[]','{\"custom_headers\": []}','[]',661,'2018-10-15 21:43:58','2018-10-15 21:43:58'),(681,'App\\Participant',19,'photos','isabella','isabella.jpg','image/jpeg','public',85341,'[]','{\"custom_headers\": []}','[]',662,'2018-10-15 21:46:19','2018-10-15 21:46:19'),(682,'App\\Participant',19,'conduct_codes','isabel','isabel.jpg','image/jpeg','public',773307,'[]','{\"custom_headers\": []}','[]',663,'2018-10-15 21:46:19','2018-10-15 21:46:19'),(684,'App\\Participant',22,'conduct_codes','jolette','jolette.jpg','image/jpeg','public',728860,'[]','{\"custom_headers\": []}','[]',665,'2018-10-15 21:47:11','2018-10-15 21:47:11'),(688,'App\\Participant',23,'conduct_codes','angel','angel.jpg','image/jpeg','public',771378,'[]','{\"custom_headers\": []}','[]',669,'2018-10-15 21:49:12','2018-10-15 21:49:12'),(689,'App\\Participant',24,'photos','darlenys','darlenys.jpg','image/jpeg','public',86866,'[]','{\"custom_headers\": []}','[]',670,'2018-10-15 21:49:50','2018-10-15 21:49:50'),(690,'App\\Participant',24,'conduct_codes','darlenys','darlenys.jpg','image/jpeg','public',736135,'[]','{\"custom_headers\": []}','[]',671,'2018-10-15 21:49:50','2018-10-15 21:49:50'),(691,'App\\Participant',25,'photos','christian','christian.jpg','image/jpeg','public',84088,'[]','{\"custom_headers\": []}','[]',672,'2018-10-15 21:50:23','2018-10-15 21:50:23'),(692,'App\\Participant',25,'conduct_codes','cristian','cristian.jpg','image/jpeg','public',705765,'[]','{\"custom_headers\": []}','[]',673,'2018-10-15 21:50:23','2018-10-15 21:50:23'),(695,'App\\Participant',28,'photos','mauro','mauro.jpg','image/jpeg','public',68310,'[]','{\"custom_headers\": []}','[]',676,'2018-10-15 21:51:46','2018-10-15 21:51:46'),(696,'App\\Participant',28,'conduct_codes','mauro','mauro.jpg','image/jpeg','public',809865,'[]','{\"custom_headers\": []}','[]',677,'2018-10-15 21:51:46','2018-10-15 21:51:46'),(697,'App\\Participant',345,'photos','arly','arly.jpg','image/jpeg','public',45955,'[]','{\"custom_headers\": []}','[]',678,'2018-10-15 22:03:41','2018-10-15 22:03:41'),(698,'App\\Participant',348,'photos','ashly','ashly.jpg','image/jpeg','public',43321,'[]','{\"custom_headers\": []}','[]',679,'2018-10-15 22:13:15','2018-10-15 22:13:15'),(699,'App\\Participant',346,'photos','edison','edison.jpg','image/jpeg','public',43734,'[]','{\"custom_headers\": []}','[]',680,'2018-10-15 22:13:41','2018-10-15 22:13:41'),(700,'App\\Participant',347,'photos','desiree','desiree.jpg','image/jpeg','public',46589,'[]','{\"custom_headers\": []}','[]',681,'2018-10-15 22:14:00','2018-10-15 22:14:00'),(701,'App\\Participant',349,'photos','FireFoto (2)_opt','FireFoto-(2)_opt.jpg','image/jpeg','public',55651,'[]','{\"custom_headers\": []}','[]',682,'2018-10-15 22:14:43','2018-10-15 22:14:43'),(702,'App\\Participant',349,'conduct_codes','Conducta Uribe','Conducta-Uribe.pdf','application/pdf','public',405457,'[]','{\"custom_headers\": []}','[]',683,'2018-10-15 22:14:43','2018-10-15 22:14:43'),(703,'App\\Participant',349,'first_payments','result','result.jpg','image/jpeg','public',31178,'[]','{\"custom_headers\": []}','[]',684,'2018-10-15 22:14:43','2018-10-15 22:14:43'),(704,'App\\Participant',349,'last_payments','Comprobante de pago ADOR1','Comprobante-de-pago-ADOR1.pdf','application/pdf','public',429095,'[]','{\"custom_headers\": []}','[]',685,'2018-10-15 22:14:43','2018-10-15 22:14:43'),(705,'App\\Participant',350,'photos','ernesto-2x2','ernesto-2x2.jpg','image/jpeg','public',39875,'[]','{\"custom_headers\": []}','[]',686,'2018-10-15 22:20:51','2018-10-15 22:20:51'),(706,'App\\Participant',351,'photos','Foto','Foto.jpg','image/jpeg','public',22921,'[]','{\"custom_headers\": []}','[]',687,'2018-10-15 22:23:47','2018-10-15 22:23:47'),(709,'App\\Participant',352,'photos','result (2)','result-(2).jpg','image/jpeg','public',50025,'[]','{\"custom_headers\": []}','[]',690,'2018-10-15 22:30:06','2018-10-15 22:30:06'),(710,'App\\Participant',352,'conduct_codes','Horikawa Conducta','Horikawa-Conducta.pdf','application/pdf','public',610662,'[]','{\"custom_headers\": []}','[]',691,'2018-10-15 22:30:06','2018-10-15 22:30:06'),(711,'App\\Participant',352,'first_payments','result (1)','result-(1).jpg','image/jpeg','public',78242,'[]','{\"custom_headers\": []}','[]',692,'2018-10-15 22:30:06','2018-10-15 22:30:06'),(712,'App\\Participant',352,'last_payments','result (1)','result-(1).jpg','image/jpeg','public',78242,'[]','{\"custom_headers\": []}','[]',693,'2018-10-15 22:30:06','2018-10-15 22:30:06'),(713,'App\\Participant',346,'last_payments','WhatsApp Image 2018-10-12 at 1.43.35 PM','WhatsApp-Image-2018-10-12-at-1.43.35-PM.jpeg','image/jpeg','public',99533,'[]','{\"custom_headers\": []}','[]',694,'2018-10-15 22:32:38','2018-10-15 22:32:38'),(715,'App\\Participant',347,'last_payments','WhatsApp Image 2018-10-12 at 1.43.35 PM (1)','WhatsApp-Image-2018-10-12-at-1.43.35-PM-(1).jpeg','image/jpeg','public',43310,'[]','{\"custom_headers\": []}','[]',696,'2018-10-15 22:33:31','2018-10-15 22:33:31'),(716,'App\\Participant',345,'last_payments','WhatsApp Image 2018-10-12 at 1.43.34 PM','WhatsApp-Image-2018-10-12-at-1.43.34-PM.jpeg','image/jpeg','public',62340,'[]','{\"custom_headers\": []}','[]',697,'2018-10-15 22:33:55','2018-10-15 22:33:55'),(717,'App\\Participant',284,'last_payments','2DD2CA71-124F-4F88-8D1E-EECB5A70D633','2DD2CA71-124F-4F88-8D1E-EECB5A70D633.jpeg','image/jpeg','public',39828,'[]','{\"custom_headers\": []}','[]',698,'2018-10-15 22:34:15','2018-10-15 22:34:15'),(718,'App\\Participant',348,'first_payments','WhatsApp Image 2018-10-15 at 6.40.18 PM','WhatsApp-Image-2018-10-15-at-6.40.18-PM.jpeg','image/jpeg','public',95946,'[]','{\"custom_headers\": []}','[]',699,'2018-10-15 22:42:39','2018-10-15 22:42:39'),(719,'App\\Participant',348,'last_payments','WhatsApp Image 2018-10-15 at 6.40.19 PM','WhatsApp-Image-2018-10-15-at-6.40.19-PM.jpeg','image/jpeg','public',121092,'[]','{\"custom_headers\": []}','[]',700,'2018-10-15 22:42:39','2018-10-15 22:42:39'),(720,'App\\Participant',353,'photos','astrid','astrid.jpg','image/jpeg','public',85713,'[]','{\"custom_headers\": []}','[]',701,'2018-10-15 23:18:11','2018-10-15 23:18:11'),(721,'App\\Participant',353,'conduct_codes','astrid','astrid.jpg','image/jpeg','public',784983,'[]','{\"custom_headers\": []}','[]',702,'2018-10-15 23:18:11','2018-10-15 23:18:11'),(722,'App\\Participant',353,'first_payments','WhatsApp Image 2018-10-15 at 6.50.20 PM (1)','WhatsApp-Image-2018-10-15-at-6.50.20-PM-(1).jpeg','image/jpeg','public',87548,'[]','{\"custom_headers\": []}','[]',703,'2018-10-15 23:18:11','2018-10-15 23:18:11'),(724,'App\\Participant',354,'photos','maria','maria.jpg','image/jpeg','public',85526,'[]','{\"custom_headers\": []}','[]',705,'2018-10-15 23:23:36','2018-10-15 23:23:36'),(725,'App\\Participant',354,'conduct_codes','maria','maria.jpg','image/jpeg','public',706377,'[]','{\"custom_headers\": []}','[]',706,'2018-10-15 23:23:36','2018-10-15 23:23:36'),(726,'App\\Participant',354,'last_payments','WhatsApp Image 2018-10-15 at 6.36.20 PM','WhatsApp-Image-2018-10-15-at-6.36.20-PM.jpeg','image/jpeg','public',69053,'[]','{\"custom_headers\": []}','[]',707,'2018-10-15 23:23:36','2018-10-15 23:23:36'),(727,'App\\Participant',49,'photos','rsz_foto_m_1','rsz_foto_m_1.jpg','image/jpeg','public',12889,'[]','{\"custom_headers\": []}','[]',708,'2018-10-15 23:55:55','2018-10-15 23:55:55'),(728,'App\\Participant',49,'conduct_codes','rsz_1img_8299','rsz_1img_8299.jpg','image/jpeg','public',20299,'[]','{\"custom_headers\": []}','[]',709,'2018-10-15 23:55:55','2018-10-15 23:55:55'),(729,'App\\Participant',226,'conduct_codes','Document (19)','Document-(19).docx','application/vnd.openxmlformats-officedocument.wordprocessingml.document','public',863990,'[]','{\"custom_headers\": []}','[]',710,'2018-10-15 23:57:35','2018-10-15 23:57:35'),(732,'App\\Participant',218,'photos','Foto-Funglode','Foto-Funglode.jpg','image/jpeg','public',49878,'[]','{\"custom_headers\": []}','[]',713,'2018-10-16 00:34:15','2018-10-16 00:34:15'),(733,'App\\Participant',361,'first_payments','WhatsApp Image 2018-10-15 at 12.58.54 PM','WhatsApp-Image-2018-10-15-at-12.58.54-PM.jpeg','image/jpeg','public',85522,'[]','{\"custom_headers\": []}','[]',714,'2018-10-16 01:44:18','2018-10-16 01:44:18'),(734,'App\\Participant',361,'last_payments','WhatsApp Image 2018-10-15 at 12.58.54 PM','WhatsApp-Image-2018-10-15-at-12.58.54-PM.jpeg','image/jpeg','public',85522,'[]','{\"custom_headers\": []}','[]',715,'2018-10-16 01:44:18','2018-10-16 01:44:18'),(740,'App\\Participant',371,'conduct_codes','ANU-RD','ANU-RD.jpg','image/jpeg','public',217616,'[]','{\"custom_headers\": []}','[]',721,'2018-10-16 02:00:33','2018-10-16 02:00:33'),(741,'App\\Participant',371,'first_payments','ANU-RD','ANU-RD.jpg','image/jpeg','public',217616,'[]','{\"custom_headers\": []}','[]',722,'2018-10-16 02:00:33','2018-10-16 02:00:33'),(742,'App\\Participant',371,'last_payments','ANU-RD','ANU-RD.jpg','image/jpeg','public',217616,'[]','{\"custom_headers\": []}','[]',723,'2018-10-16 02:00:33','2018-10-16 02:00:33'),(743,'App\\Participant',368,'first_payments','WhatsApp Image 2018-10-15 at 12.29.03 PM','WhatsApp-Image-2018-10-15-at-12.29.03-PM.jpeg','image/jpeg','public',113825,'[]','{\"custom_headers\": []}','[]',724,'2018-10-16 02:00:42','2018-10-16 02:00:42'),(744,'App\\Participant',368,'last_payments','WhatsApp Image 2018-10-15 at 12.29.29 PM','WhatsApp-Image-2018-10-15-at-12.29.29-PM.jpeg','image/jpeg','public',93999,'[]','{\"custom_headers\": []}','[]',725,'2018-10-16 02:00:42','2018-10-16 02:00:42'),(746,'App\\Participant',372,'photos','rsz_11509536-4a81-4ec0-b011-385e583009c0_-_eliana_velazquez','rsz_11509536-4a81-4ec0-b011-385e583009c0_-_eliana_velazquez.jpg','image/jpeg','public',16416,'[]','{\"custom_headers\": []}','[]',727,'2018-10-16 02:04:22','2018-10-16 02:04:22'),(747,'App\\Participant',372,'conduct_codes','ANU-RD','ANU-RD.jpg','image/jpeg','public',217616,'[]','{\"custom_headers\": []}','[]',728,'2018-10-16 02:04:22','2018-10-16 02:04:22'),(748,'App\\Participant',372,'first_payments','ANU-RD','ANU-RD.jpg','image/jpeg','public',217616,'[]','{\"custom_headers\": []}','[]',729,'2018-10-16 02:04:22','2018-10-16 02:04:22'),(749,'App\\Participant',372,'last_payments','ANU-RD','ANU-RD.jpg','image/jpeg','public',217616,'[]','{\"custom_headers\": []}','[]',730,'2018-10-16 02:04:22','2018-10-16 02:04:22'),(750,'App\\Participant',356,'first_payments','WhatsApp Image 2018-10-15 at 12.22.41 PM','WhatsApp-Image-2018-10-15-at-12.22.41-PM.jpeg','image/jpeg','public',83568,'[]','{\"custom_headers\": []}','[]',731,'2018-10-16 02:04:47','2018-10-16 02:04:47'),(752,'App\\Participant',367,'first_payments','WhatsApp Image 2018-10-15 at 12.15.48 PM','WhatsApp-Image-2018-10-15-at-12.15.48-PM.jpeg','image/jpeg','public',80210,'[]','{\"custom_headers\": []}','[]',733,'2018-10-16 02:06:59','2018-10-16 02:06:59'),(753,'App\\Participant',367,'last_payments','WhatsApp Image 2018-10-15 at 12.15.48 PM','WhatsApp-Image-2018-10-15-at-12.15.48-PM.jpeg','image/jpeg','public',80210,'[]','{\"custom_headers\": []}','[]',734,'2018-10-16 02:06:59','2018-10-16 02:06:59'),(754,'App\\Participant',370,'first_payments','WhatsApp Image 2018-10-15 at 12.05.57 PM','WhatsApp-Image-2018-10-15-at-12.05.57-PM.jpeg','image/jpeg','public',91875,'[]','{\"custom_headers\": []}','[]',735,'2018-10-16 02:09:00','2018-10-16 02:09:00'),(755,'App\\Participant',370,'last_payments','WhatsApp Image 2018-10-15 at 12.06.03 PM','WhatsApp-Image-2018-10-15-at-12.06.03-PM.jpeg','image/jpeg','public',74671,'[]','{\"custom_headers\": []}','[]',736,'2018-10-16 02:09:00','2018-10-16 02:09:00'),(756,'App\\Participant',373,'photos','960EEC42-4B0C-416A-9C91-FD16BCBBE416 - Amado Trinidad','960EEC42-4B0C-416A-9C91-FD16BCBBE416---Amado-Trinidad.jpeg','image/jpeg','public',331764,'[]','{\"custom_headers\": []}','[]',737,'2018-10-16 02:10:30','2018-10-16 02:10:30'),(757,'App\\Participant',373,'conduct_codes','ANU-RD','ANU-RD.jpg','image/jpeg','public',217616,'[]','{\"custom_headers\": []}','[]',738,'2018-10-16 02:10:30','2018-10-16 02:10:30'),(758,'App\\Participant',373,'first_payments','ANU-RD','ANU-RD.jpg','image/jpeg','public',217616,'[]','{\"custom_headers\": []}','[]',739,'2018-10-16 02:10:30','2018-10-16 02:10:30'),(759,'App\\Participant',373,'last_payments','ANU-RD','ANU-RD.jpg','image/jpeg','public',217616,'[]','{\"custom_headers\": []}','[]',740,'2018-10-16 02:10:30','2018-10-16 02:10:30'),(760,'App\\Participant',375,'photos','D67525D3-070F-43D8-9830-1BF3C196FD05 - Rafael Perez Cano','D67525D3-070F-43D8-9830-1BF3C196FD05---Rafael-Perez-Cano.jpeg','image/jpeg','public',237469,'[]','{\"custom_headers\": []}','[]',741,'2018-10-16 02:14:51','2018-10-16 02:14:51'),(761,'App\\Participant',375,'conduct_codes','ANU-RD','ANU-RD.jpg','image/jpeg','public',217616,'[]','{\"custom_headers\": []}','[]',742,'2018-10-16 02:14:51','2018-10-16 02:14:51'),(762,'App\\Participant',375,'first_payments','ANU-RD','ANU-RD.jpg','image/jpeg','public',217616,'[]','{\"custom_headers\": []}','[]',743,'2018-10-16 02:14:51','2018-10-16 02:14:51'),(763,'App\\Participant',375,'last_payments','ANU-RD','ANU-RD.jpg','image/jpeg','public',217616,'[]','{\"custom_headers\": []}','[]',744,'2018-10-16 02:14:51','2018-10-16 02:14:51'),(764,'App\\Participant',376,'photos','C95CC148-2B51-4FE5-B169-57A9CBEE48F7 - Sissy Oller','C95CC148-2B51-4FE5-B169-57A9CBEE48F7---Sissy-Oller.jpeg','image/jpeg','public',148423,'[]','{\"custom_headers\": []}','[]',745,'2018-10-16 02:26:15','2018-10-16 02:26:15'),(765,'App\\Participant',376,'conduct_codes','ANU-RD','ANU-RD.jpg','image/jpeg','public',217616,'[]','{\"custom_headers\": []}','[]',746,'2018-10-16 02:26:15','2018-10-16 02:26:15'),(766,'App\\Participant',376,'first_payments','ANU-RD','ANU-RD.jpg','image/jpeg','public',217616,'[]','{\"custom_headers\": []}','[]',747,'2018-10-16 02:26:15','2018-10-16 02:26:15'),(767,'App\\Participant',376,'last_payments','ANU-RD','ANU-RD.jpg','image/jpeg','public',217616,'[]','{\"custom_headers\": []}','[]',748,'2018-10-16 02:26:15','2018-10-16 02:26:15'),(772,'App\\Participant',357,'first_payments','WhatsApp Image 2018-10-15 at 11.50.29 AM','WhatsApp-Image-2018-10-15-at-11.50.29-AM.jpeg','image/jpeg','public',82517,'[]','{\"custom_headers\": []}','[]',753,'2018-10-16 02:29:21','2018-10-16 02:29:21'),(773,'App\\Participant',357,'last_payments','WhatsApp Image 2018-10-15 at 11.50.29 AM','WhatsApp-Image-2018-10-15-at-11.50.29-AM.jpeg','image/jpeg','public',82517,'[]','{\"custom_headers\": []}','[]',754,'2018-10-16 02:29:21','2018-10-16 02:29:21'),(774,'App\\Participant',362,'first_payments','WhatsApp Image 2018-10-15 at 12.31.58 PM','WhatsApp-Image-2018-10-15-at-12.31.58-PM.jpeg','image/jpeg','public',67211,'[]','{\"custom_headers\": []}','[]',755,'2018-10-16 02:30:52','2018-10-16 02:30:52'),(775,'App\\Participant',362,'last_payments','WhatsApp Image 2018-10-15 at 12.31.58 PM','WhatsApp-Image-2018-10-15-at-12.31.58-PM.jpeg','image/jpeg','public',67211,'[]','{\"custom_headers\": []}','[]',756,'2018-10-16 02:30:52','2018-10-16 02:30:52'),(776,'App\\Participant',374,'first_payments','WhatsApp Image 2018-10-15 at 12.09.44 PM','WhatsApp-Image-2018-10-15-at-12.09.44-PM.jpeg','image/jpeg','public',86564,'[]','{\"custom_headers\": []}','[]',757,'2018-10-16 02:38:04','2018-10-16 02:38:04'),(777,'App\\Participant',374,'last_payments','WhatsApp Image 2018-10-15 at 12.09.44 PM','WhatsApp-Image-2018-10-15-at-12.09.44-PM.jpeg','image/jpeg','public',86564,'[]','{\"custom_headers\": []}','[]',758,'2018-10-16 02:38:04','2018-10-16 02:38:04'),(778,'App\\Participant',377,'first_payments','WhatsApp Image 2018-10-15 at 12.01.54 PM','WhatsApp-Image-2018-10-15-at-12.01.54-PM.jpeg','image/jpeg','public',71498,'[]','{\"custom_headers\": []}','[]',759,'2018-10-16 02:40:02','2018-10-16 02:40:02'),(781,'App\\Participant',378,'conduct_codes','ANU-RD','ANU-RD.jpg','image/jpeg','public',217616,'[]','{\"custom_headers\": []}','[]',762,'2018-10-16 02:55:49','2018-10-16 02:55:49'),(782,'App\\Participant',378,'first_payments','ANU-RD','ANU-RD.jpg','image/jpeg','public',217616,'[]','{\"custom_headers\": []}','[]',763,'2018-10-16 02:55:49','2018-10-16 02:55:49'),(783,'App\\Participant',378,'last_payments','ANU-RD','ANU-RD.jpg','image/jpeg','public',217616,'[]','{\"custom_headers\": []}','[]',764,'2018-10-16 02:55:49','2018-10-16 02:55:49'),(784,'App\\Participant',379,'photos','SRP - PIC - Sabrina Rivas','SRP---PIC---Sabrina-Rivas.jpg','image/jpeg','public',143110,'[]','{\"custom_headers\": []}','[]',765,'2018-10-16 03:01:04','2018-10-16 03:01:04'),(785,'App\\Participant',379,'conduct_codes','ANU-RD','ANU-RD.jpg','image/jpeg','public',217616,'[]','{\"custom_headers\": []}','[]',766,'2018-10-16 03:01:04','2018-10-16 03:01:04'),(786,'App\\Participant',379,'first_payments','ANU-RD','ANU-RD.jpg','image/jpeg','public',217616,'[]','{\"custom_headers\": []}','[]',767,'2018-10-16 03:01:04','2018-10-16 03:01:04'),(787,'App\\Participant',379,'last_payments','ANU-RD','ANU-RD.jpg','image/jpeg','public',217616,'[]','{\"custom_headers\": []}','[]',768,'2018-10-16 03:01:04','2018-10-16 03:01:04'),(788,'App\\Participant',378,'photos','6A5A1537-A485-48F2-8E49-09C4015670A6 - CSNU MINUME 2018','6A5A1537-A485-48F2-8E49-09C4015670A6---CSNU-MINUME-2018.png','image/png','public',808150,'[]','{\"custom_headers\": []}','[]',769,'2018-10-16 03:01:48','2018-10-16 03:01:48'),(789,'App\\Participant',380,'photos','IMG-20181013-WA0050-1','IMG-20181013-WA0050-1.jpg','image/jpeg','public',121425,'[]','{\"custom_headers\": []}','[]',770,'2018-10-16 03:45:26','2018-10-16 03:45:26'),(790,'App\\Participant',380,'conduct_codes','AUT. ADOR, GISSEL ROSARIO','AUT.-ADOR,-GISSEL-ROSARIO.pdf','application/pdf','public',409577,'[]','{\"custom_headers\": []}','[]',771,'2018-10-16 03:45:26','2018-10-16 03:45:26'),(791,'App\\Participant',380,'first_payments','descarga','descarga.jpg','image/jpeg','public',11290,'[]','{\"custom_headers\": []}','[]',772,'2018-10-16 03:45:26','2018-10-16 03:45:26'),(792,'App\\Participant',380,'last_payments','descarga','descarga.jpg','image/jpeg','public',11290,'[]','{\"custom_headers\": []}','[]',773,'2018-10-16 03:45:26','2018-10-16 03:45:26'),(793,'App\\Participant',356,'photos','20181012_105030','20181012_105030.jpg','image/jpeg','public',610874,'[]','{\"custom_headers\": []}','[]',774,'2018-10-16 11:06:16','2018-10-16 11:06:16'),(794,'App\\Participant',317,'photos','006 Yraisa Florián','006-Yraisa-Florián.jpg','image/jpeg','public',488068,'[]','{\"custom_headers\": []}','[]',775,'2018-10-16 11:06:22','2018-10-16 11:06:22'),(795,'App\\Participant',317,'conduct_codes','006 Yraisa Florián compromiso','006-Yraisa-Florián-compromiso.jpg','image/jpeg','public',253885,'[]','{\"custom_headers\": []}','[]',776,'2018-10-16 11:06:22','2018-10-16 11:06:22'),(796,'App\\Participant',317,'first_payments','006 Yraisa Florián pago inicial','006-Yraisa-Florián-pago-inicial.jpg','image/jpeg','public',133637,'[]','{\"custom_headers\": []}','[]',777,'2018-10-16 11:06:22','2018-10-16 11:06:22'),(797,'App\\Participant',317,'last_payments','006 Yraisa Florián pago completivo','006-Yraisa-Florián-pago-completivo.jpg','image/jpeg','public',100784,'[]','{\"custom_headers\": []}','[]',778,'2018-10-16 11:06:22','2018-10-16 11:06:22'),(798,'App\\Participant',357,'photos','20181012_105224','20181012_105224.jpg','image/jpeg','public',650748,'[]','{\"custom_headers\": []}','[]',779,'2018-10-16 11:07:41','2018-10-16 11:07:41'),(799,'App\\Participant',358,'photos','20181012_104902','20181012_104902.jpg','image/jpeg','public',514053,'[]','{\"custom_headers\": []}','[]',780,'2018-10-16 11:08:47','2018-10-16 11:08:47'),(800,'App\\Participant',359,'photos','20181012_104618','20181012_104618.jpg','image/jpeg','public',646949,'[]','{\"custom_headers\": []}','[]',781,'2018-10-16 11:10:08','2018-10-16 11:10:08'),(801,'App\\Participant',360,'photos','20181012_104247','20181012_104247.jpg','image/jpeg','public',508544,'[]','{\"custom_headers\": []}','[]',782,'2018-10-16 11:11:16','2018-10-16 11:11:16'),(802,'App\\Participant',320,'photos','009 Pamela Peña','009-Pamela-Peña.jpg','image/jpeg','public',502515,'[]','{\"custom_headers\": []}','[]',783,'2018-10-16 11:11:53','2018-10-16 11:11:53'),(803,'App\\Participant',320,'conduct_codes','009 Pamela Peña compromiso','009-Pamela-Peña-compromiso.jpg','image/jpeg','public',248131,'[]','{\"custom_headers\": []}','[]',784,'2018-10-16 11:11:53','2018-10-16 11:11:53'),(804,'App\\Participant',320,'first_payments','009 Pamela Peña pago inicial','009-Pamela-Peña-pago-inicial.jpg','image/jpeg','public',100020,'[]','{\"custom_headers\": []}','[]',785,'2018-10-16 11:11:53','2018-10-16 11:11:53'),(805,'App\\Participant',320,'last_payments','009 Pamela Peña pago completivo','009-Pamela-Peña-pago-completivo.jpg','image/jpeg','public',101848,'[]','{\"custom_headers\": []}','[]',786,'2018-10-16 11:11:53','2018-10-16 11:11:53'),(806,'App\\Participant',363,'photos','20181012_104108','20181012_104108.jpg','image/jpeg','public',595278,'[]','{\"custom_headers\": []}','[]',787,'2018-10-16 11:12:36','2018-10-16 11:12:36'),(807,'App\\Participant',365,'photos','20181012_104115','20181012_104115.jpg','image/jpeg','public',491993,'[]','{\"custom_headers\": []}','[]',788,'2018-10-16 11:13:56','2018-10-16 11:13:56'),(808,'App\\Participant',367,'photos','20181012_104307','20181012_104307.jpg','image/jpeg','public',638166,'[]','{\"custom_headers\": []}','[]',789,'2018-10-16 11:15:37','2018-10-16 11:15:37'),(809,'App\\Participant',368,'photos','20181012_104123','20181012_104123.jpg','image/jpeg','public',420737,'[]','{\"custom_headers\": []}','[]',790,'2018-10-16 11:16:35','2018-10-16 11:16:35'),(810,'App\\Participant',377,'photos','20181012_105208','20181012_105208.jpg','image/jpeg','public',556360,'[]','{\"custom_headers\": []}','[]',791,'2018-10-16 11:19:11','2018-10-16 11:19:11'),(811,'App\\Participant',381,'photos','025 Rachel Zaglul','025-Rachel-Zaglul.jpg','image/jpeg','public',356898,'[]','{\"custom_headers\": []}','[]',792,'2018-10-16 11:22:01','2018-10-16 11:22:01'),(812,'App\\Participant',381,'conduct_codes','025 Rachel Zaglul compromiso','025-Rachel-Zaglul-compromiso.jpg','image/jpeg','public',244451,'[]','{\"custom_headers\": []}','[]',793,'2018-10-16 11:22:01','2018-10-16 11:22:01'),(813,'App\\Participant',381,'first_payments','025 Rachel Zaglul pago inicial','025-Rachel-Zaglul-pago-inicial.jpg','image/jpeg','public',87225,'[]','{\"custom_headers\": []}','[]',794,'2018-10-16 11:22:01','2018-10-16 11:22:01'),(814,'App\\Participant',381,'last_payments','025 Rachel Zaglul pago completivo','025-Rachel-Zaglul-pago-completivo.jpg','image/jpeg','public',126114,'[]','{\"custom_headers\": []}','[]',795,'2018-10-16 11:22:01','2018-10-16 11:22:01'),(815,'App\\Participant',369,'photos','20181012_105018','20181012_105018.jpg','image/jpeg','public',568010,'[]','{\"custom_headers\": []}','[]',796,'2018-10-16 11:22:06','2018-10-16 11:22:06'),(816,'App\\Participant',382,'photos','010 Nicole Melo','010-Nicole-Melo.jpg','image/jpeg','public',452046,'[]','{\"custom_headers\": []}','[]',797,'2018-10-16 11:31:21','2018-10-16 11:31:21'),(817,'App\\Participant',382,'conduct_codes','010 Nicole Melo compromiso','010-Nicole-Melo-compromiso.jpg','image/jpeg','public',253801,'[]','{\"custom_headers\": []}','[]',798,'2018-10-16 11:31:21','2018-10-16 11:31:21'),(818,'App\\Participant',382,'first_payments','010 Nicole Melo pago inicial','010-Nicole-Melo-pago-inicial.jpg','image/jpeg','public',54127,'[]','{\"custom_headers\": []}','[]',799,'2018-10-16 11:31:21','2018-10-16 11:31:21'),(819,'App\\Participant',382,'last_payments','010 Nicole Melo pago completivo','010-Nicole-Melo-pago-completivo.jpg','image/jpeg','public',102480,'[]','{\"custom_headers\": []}','[]',800,'2018-10-16 11:31:21','2018-10-16 11:31:21'),(820,'App\\Participant',383,'photos','011 Lía Paradas','011-Lía-Paradas.jpg','image/jpeg','public',516803,'[]','{\"custom_headers\": []}','[]',801,'2018-10-16 12:05:13','2018-10-16 12:05:13'),(821,'App\\Participant',383,'conduct_codes','011 Lía Paradas compromiso','011-Lía-Paradas-compromiso.jpg','image/jpeg','public',249319,'[]','{\"custom_headers\": []}','[]',802,'2018-10-16 12:05:13','2018-10-16 12:05:13'),(822,'App\\Participant',383,'first_payments','011 Lía Paradas pago inicial','011-Lía-Paradas-pago-inicial.jpg','image/jpeg','public',146760,'[]','{\"custom_headers\": []}','[]',803,'2018-10-16 12:05:13','2018-10-16 12:05:13'),(823,'App\\Participant',383,'last_payments','011 Lía Paradas pago completivo','011-Lía-Paradas-pago-completivo.jpg','image/jpeg','public',127894,'[]','{\"custom_headers\": []}','[]',804,'2018-10-16 12:05:13','2018-10-16 12:05:13'),(824,'App\\Participant',389,'photos','rsz_sarah','rsz_sarah.jpg','image/jpeg','public',84893,'[]','{\"custom_headers\": []}','[]',805,'2018-10-16 13:58:48','2018-10-16 13:58:48'),(825,'App\\Participant',387,'photos','IMG-20181015-WA0018','IMG-20181015-WA0018.jpg','image/jpeg','public',71536,'[]','{\"custom_headers\": []}','[]',806,'2018-10-16 13:58:53','2018-10-16 13:58:53'),(826,'App\\Participant',385,'photos','IMG-20181015-WA0021','IMG-20181015-WA0021.jpg','image/jpeg','public',73812,'[]','{\"custom_headers\": []}','[]',807,'2018-10-16 13:59:27','2018-10-16 13:59:27'),(827,'App\\Participant',384,'photos','20181012_104519','20181012_104519.jpg','image/jpeg','public',888216,'[]','{\"custom_headers\": []}','[]',808,'2018-10-16 14:03:32','2018-10-16 14:03:32'),(829,'App\\Participant',389,'first_payments','rsz_sarah_y_armando','rsz_sarah_y_armando.jpg','image/jpeg','public',10769,'[]','{\"custom_headers\": []}','[]',809,'2018-10-16 14:07:13','2018-10-16 14:07:13'),(830,'App\\Participant',226,'photos','9C8A5F74-8455-4AB0-8E84-F91867D4DEC6','9C8A5F74-8455-4AB0-8E84-F91867D4DEC6.jpeg','image/jpeg','public',203384,'[]','{\"custom_headers\": []}','[]',810,'2018-10-16 14:11:53','2018-10-16 14:11:53'),(832,'App\\Participant',226,'first_payments','D727A8FF-8FB0-4C99-9E7F-E1975FE4CD6E','D727A8FF-8FB0-4C99-9E7F-E1975FE4CD6E.jpeg','image/jpeg','public',127480,'[]','{\"custom_headers\": []}','[]',812,'2018-10-16 14:12:22','2018-10-16 14:12:22'),(833,'App\\Participant',226,'last_payments','86FAF15A-BDAC-41B5-849D-537A381F08E4','86FAF15A-BDAC-41B5-849D-537A381F08E4.jpeg','image/jpeg','public',227810,'[]','{\"custom_headers\": []}','[]',813,'2018-10-16 14:12:22','2018-10-16 14:12:22'),(834,'App\\Participant',392,'first_payments','021 Oscar Brea pago inicial','021-Oscar-Brea-pago-inicial.jpg','image/jpeg','public',73761,'[]','{\"custom_headers\": []}','[]',814,'2018-10-16 14:28:41','2018-10-16 14:28:41'),(835,'App\\Participant',392,'last_payments','021 Oscar Brea pago completivo','021-Oscar-Brea-pago-completivo.jpg','image/jpeg','public',134753,'[]','{\"custom_headers\": []}','[]',815,'2018-10-16 14:28:41','2018-10-16 14:28:41'),(836,'App\\Participant',392,'photos','021 Oscar Brea','021-Oscar-Brea.jpg','image/jpeg','public',406260,'[]','{\"custom_headers\": []}','[]',816,'2018-10-16 14:29:25','2018-10-16 14:29:25'),(837,'App\\Participant',395,'photos','rsz_salome','rsz_salome.jpg','image/jpeg','public',102004,'[]','{\"custom_headers\": []}','[]',817,'2018-10-16 14:53:31','2018-10-16 14:53:31'),(839,'App\\Participant',395,'conduct_codes','rsz_salome_vega','rsz_salome_vega.jpg','image/jpeg','public',139022,'[]','{\"custom_headers\": []}','[]',819,'2018-10-16 15:17:01','2018-10-16 15:17:01'),(840,'App\\Participant',405,'photos','rsz_jose_','rsz_jose_.jpg','image/jpeg','public',93386,'[]','{\"custom_headers\": []}','[]',820,'2018-10-16 15:24:04','2018-10-16 15:24:04'),(841,'App\\Participant',405,'conduct_codes','rsz_jose_fernando_ciprian','rsz_jose_fernando_ciprian.jpg','image/jpeg','public',133149,'[]','{\"custom_headers\": []}','[]',821,'2018-10-16 15:28:33','2018-10-16 15:28:33'),(842,'App\\Participant',405,'first_payments','rsz_recibo_inician_jose_fernando','rsz_recibo_inician_jose_fernando.jpg','image/jpeg','public',9326,'[]','{\"custom_headers\": []}','[]',822,'2018-10-16 15:29:34','2018-10-16 15:29:34'),(843,'App\\Participant',395,'first_payments','rsz_recibo_salome_vega','rsz_recibo_salome_vega.jpg','image/jpeg','public',12310,'[]','{\"custom_headers\": []}','[]',823,'2018-10-16 15:37:38','2018-10-16 15:37:38'),(844,'App\\Participant',405,'last_payments','rsz_recibo_familia_2','rsz_recibo_familia_2.jpg','image/jpeg','public',10808,'[]','{\"custom_headers\": []}','[]',824,'2018-10-16 15:43:27','2018-10-16 15:43:27'),(845,'App\\Participant',406,'photos','rsz_claudia_ciprian_foto','rsz_claudia_ciprian_foto.jpg','image/jpeg','public',90048,'[]','{\"custom_headers\": []}','[]',825,'2018-10-16 16:04:26','2018-10-16 16:04:26'),(846,'App\\Participant',406,'conduct_codes','rsz_claudia_ciprian','rsz_claudia_ciprian.jpg','image/jpeg','public',133194,'[]','{\"custom_headers\": []}','[]',826,'2018-10-16 16:07:35','2018-10-16 16:07:35'),(847,'App\\Participant',406,'first_payments','rsz_recibo_familia_2','rsz_recibo_familia_2.jpg','image/jpeg','public',10808,'[]','{\"custom_headers\": []}','[]',827,'2018-10-16 16:07:35','2018-10-16 16:07:35'),(848,'App\\Participant',406,'last_payments','rsz_familia_ciprian_paredes','rsz_familia_ciprian_paredes.jpg','image/jpeg','public',9981,'[]','{\"custom_headers\": []}','[]',828,'2018-10-16 16:07:35','2018-10-16 16:07:35'),(850,'App\\Participant',407,'last_payments','CILA04 001','CILA04-001.jpg','image/jpeg','public',336594,'[]','{\"custom_headers\": []}','[]',830,'2018-10-16 16:13:04','2018-10-16 16:13:04'),(851,'App\\Participant',408,'conduct_codes','rsz_laura_ciprian','rsz_laura_ciprian.jpg','image/jpeg','public',137842,'[]','{\"custom_headers\": []}','[]',831,'2018-10-16 16:13:35','2018-10-16 16:13:35'),(852,'App\\Participant',408,'first_payments','rsz_recibo_familia_2','rsz_recibo_familia_2.jpg','image/jpeg','public',10808,'[]','{\"custom_headers\": []}','[]',832,'2018-10-16 16:13:35','2018-10-16 16:13:35'),(853,'App\\Participant',408,'last_payments','rsz_familia_ciprian_paredes','rsz_familia_ciprian_paredes.jpg','image/jpeg','public',9981,'[]','{\"custom_headers\": []}','[]',833,'2018-10-16 16:13:35','2018-10-16 16:13:35'),(854,'App\\Participant',408,'photos','rsz_1laura_ciprian','rsz_1laura_ciprian.jpg','image/jpeg','public',86346,'[]','{\"custom_headers\": []}','[]',834,'2018-10-16 16:15:08','2018-10-16 16:15:08'),(855,'App\\Participant',400,'photos','Belgica Foto','Belgica-Foto.JPG','image/jpeg','public',119398,'[]','{\"custom_headers\": []}','[]',835,'2018-10-16 16:16:55','2018-10-16 16:16:55'),(856,'App\\Participant',400,'conduct_codes','rsz_belgica_paredes (1)','rsz_belgica_paredes-(1).jpg','image/jpeg','public',135467,'[]','{\"custom_headers\": []}','[]',836,'2018-10-16 16:19:20','2018-10-16 16:19:20'),(858,'App\\Participant',410,'last_payments','CILA 2018 001','CILA-2018-001.jpg','image/jpeg','public',355950,'[]','{\"custom_headers\": []}','[]',838,'2018-10-16 16:24:32','2018-10-16 16:24:32'),(859,'App\\Participant',388,'conduct_codes','rsz_jharol_fernandez','rsz_jharol_fernandez.jpg','image/jpeg','public',134752,'[]','{\"custom_headers\": []}','[]',839,'2018-10-16 16:24:42','2018-10-16 16:24:42'),(860,'App\\Participant',413,'first_payments','rsz_recibo_familia_2','rsz_recibo_familia_2.jpg','image/jpeg','public',10808,'[]','{\"custom_headers\": []}','[]',840,'2018-10-16 16:37:37','2018-10-16 16:37:37'),(861,'App\\Participant',413,'last_payments','rsz_familia_ciprian_paredes','rsz_familia_ciprian_paredes.jpg','image/jpeg','public',9981,'[]','{\"custom_headers\": []}','[]',841,'2018-10-16 16:37:37','2018-10-16 16:37:37'),(863,'App\\Participant',393,'photos','020 Manuel Moreta','020-Manuel-Moreta.jpg','image/jpeg','public',439879,'[]','{\"custom_headers\": []}','[]',843,'2018-10-16 16:42:22','2018-10-16 16:42:22'),(864,'App\\Participant',393,'conduct_codes','020 Manuel Moreta compromiso','020-Manuel-Moreta-compromiso.jpg','image/jpeg','public',254140,'[]','{\"custom_headers\": []}','[]',844,'2018-10-16 16:42:22','2018-10-16 16:42:22'),(865,'App\\Participant',393,'first_payments','020 Manuel Moreta pago inicial','020-Manuel-Moreta-pago-inicial.jpg','image/jpeg','public',96839,'[]','{\"custom_headers\": []}','[]',845,'2018-10-16 16:42:22','2018-10-16 16:42:22'),(866,'App\\Participant',393,'last_payments','020 Manuel Moreta pago completivo','020-Manuel-Moreta-pago-completivo.jpg','image/jpeg','public',132870,'[]','{\"custom_headers\": []}','[]',846,'2018-10-16 16:42:22','2018-10-16 16:42:22'),(867,'App\\Participant',388,'photos','rsz_foto_jharold_fernandez','rsz_foto_jharold_fernandez.jpg','image/jpeg','public',77959,'[]','{\"custom_headers\": []}','[]',847,'2018-10-16 16:42:39','2018-10-16 16:42:39'),(868,'App\\Participant',415,'photos','6E1518F7-B57B-4D67-9C3E-2AE51FE84DD0','6E1518F7-B57B-4D67-9C3E-2AE51FE84DD0.jpg','image/jpeg','public',138041,'[]','{\"custom_headers\": []}','[]',848,'2018-10-16 16:45:57','2018-10-16 16:45:57'),(869,'App\\Participant',298,'photos','rsz_1rsz_1img-6636 (1)','rsz_1rsz_1img-6636-(1).jpg','image/jpeg','public',7127,'[]','{\"custom_headers\": []}','[]',849,'2018-10-16 16:47:09','2018-10-16 16:47:09'),(871,'App\\Participant',298,'last_payments','METRO TOURS','METRO-TOURS.pdf','application/pdf','public',337220,'[]','{\"custom_headers\": []}','[]',851,'2018-10-16 16:49:20','2018-10-16 16:49:20'),(872,'App\\Participant',298,'first_payments','COMPROBANTES 8','COMPROBANTES-8.pdf','application/pdf','public',255929,'[]','{\"custom_headers\": []}','[]',852,'2018-10-16 16:49:50','2018-10-16 16:49:50'),(873,'App\\Participant',298,'conduct_codes','SCAN 4','SCAN-4.pdf','application/pdf','public',552859,'[]','{\"custom_headers\": []}','[]',853,'2018-10-16 16:50:05','2018-10-16 16:50:05'),(874,'App\\Participant',413,'conduct_codes','rsz_july_paredes','rsz_july_paredes.jpg','image/jpeg','public',143109,'[]','{\"custom_headers\": []}','[]',854,'2018-10-16 16:55:08','2018-10-16 16:55:08'),(875,'App\\Participant',423,'photos','IMG-6632 (1) (1)','IMG-6632-(1)-(1).jpg','image/jpeg','public',17806,'[]','{\"custom_headers\": []}','[]',855,'2018-10-16 16:57:46','2018-10-16 16:57:46'),(876,'App\\Participant',423,'conduct_codes','SCAN 9','SCAN-9.pdf','application/pdf','public',539588,'[]','{\"custom_headers\": []}','[]',856,'2018-10-16 16:57:46','2018-10-16 16:57:46'),(877,'App\\Participant',423,'first_payments','COMPROBANTES 8','COMPROBANTES-8.pdf','application/pdf','public',255929,'[]','{\"custom_headers\": []}','[]',857,'2018-10-16 16:57:46','2018-10-16 16:57:46'),(878,'App\\Participant',423,'last_payments','Scan','Scan.jpg','image/jpeg','public',94900,'[]','{\"custom_headers\": []}','[]',858,'2018-10-16 16:57:46','2018-10-16 16:57:46'),(879,'App\\Participant',422,'photos','rsz_foto_armando_pena','rsz_foto_armando_pena.jpg','image/jpeg','public',92357,'[]','{\"custom_headers\": []}','[]',859,'2018-10-16 16:58:59','2018-10-16 16:58:59'),(880,'App\\Participant',422,'conduct_codes','rsz_armando_peña','rsz_armando_peña.jpg','image/jpeg','public',456175,'[]','{\"custom_headers\": []}','[]',860,'2018-10-16 17:01:15','2018-10-16 17:01:15'),(881,'App\\Participant',422,'last_payments','Sarah y Armando','Sarah-y-Armando.JPG','image/jpeg','public',67523,'[]','{\"custom_headers\": []}','[]',861,'2018-10-16 17:01:44','2018-10-16 17:01:44'),(884,'App\\Participant',426,'photos','90d69864-d4e9-4a30-aeb9-c9735a158c6a (1)','90d69864-d4e9-4a30-aeb9-c9735a158c6a-(1).jpg','image/jpeg','public',32263,'[]','{\"custom_headers\": []}','[]',864,'2018-10-16 17:06:43','2018-10-16 17:06:43'),(885,'App\\Participant',426,'conduct_codes','SCAN 1','SCAN-1.pdf','application/pdf','public',535838,'[]','{\"custom_headers\": []}','[]',865,'2018-10-16 17:06:43','2018-10-16 17:06:43'),(886,'App\\Participant',426,'first_payments','COMPROBANTES 8','COMPROBANTES-8.pdf','application/pdf','public',255929,'[]','{\"custom_headers\": []}','[]',866,'2018-10-16 17:06:43','2018-10-16 17:06:43'),(887,'App\\Participant',426,'last_payments','PHOTO-2018-10-15-13-39-20 (1)','PHOTO-2018-10-15-13-39-20-(1).jpg','image/jpeg','public',95718,'[]','{\"custom_headers\": []}','[]',867,'2018-10-16 17:06:43','2018-10-16 17:06:43'),(888,'App\\Participant',425,'first_payments','rsz_familia_ciprian_paredes','rsz_familia_ciprian_paredes.jpg','image/jpeg','public',9981,'[]','{\"custom_headers\": []}','[]',868,'2018-10-16 17:07:19','2018-10-16 17:07:19'),(889,'App\\Participant',425,'last_payments','rsz_recibo_inician_jose_fernando','rsz_recibo_inician_jose_fernando.jpg','image/jpeg','public',9326,'[]','{\"custom_headers\": []}','[]',869,'2018-10-16 17:07:19','2018-10-16 17:07:19'),(890,'App\\Participant',388,'first_payments','rsz_recibo_jharold','rsz_recibo_jharold.jpg','image/jpeg','public',17203,'[]','{\"custom_headers\": []}','[]',870,'2018-10-16 17:09:17','2018-10-16 17:09:17'),(891,'App\\Participant',427,'photos','ramona (1)','ramona-(1).jpg','image/jpeg','public',4612,'[]','{\"custom_headers\": []}','[]',871,'2018-10-16 17:10:41','2018-10-16 17:10:41'),(892,'App\\Participant',427,'last_payments','COMPROBANTES 7','COMPROBANTES-7.pdf','application/pdf','public',138037,'[]','{\"custom_headers\": []}','[]',872,'2018-10-16 17:10:41','2018-10-16 17:10:41'),(894,'App\\Participant',428,'last_payments','CILA03 001','CILA03-001.jpg','image/jpeg','public',340239,'[]','{\"custom_headers\": []}','[]',874,'2018-10-16 17:10:50','2018-10-16 17:10:50'),(895,'App\\Participant',424,'last_payments','CILA 2018 001','CILA-2018-001.jpg','image/jpeg','public',355950,'[]','{\"custom_headers\": []}','[]',875,'2018-10-16 17:12:03','2018-10-16 17:12:03'),(896,'App\\Participant',51,'photos','photo','photo.jpg','image/jpeg','public',46977,'[]','{\"custom_headers\": []}','[]',876,'2018-10-16 17:16:41','2018-10-16 17:16:41'),(897,'App\\Participant',37,'photos','IMG_20181016_131543_696','IMG_20181016_131543_696.jpg','image/jpeg','public',172491,'[]','{\"custom_headers\": []}','[]',877,'2018-10-16 17:17:03','2018-10-16 17:17:03'),(898,'App\\Participant',56,'photos','IMG_20181016_131309_789','IMG_20181016_131309_789.JPG','image/jpeg','public',200690,'[]','{\"custom_headers\": []}','[]',878,'2018-10-16 17:17:32','2018-10-16 17:17:32'),(900,'App\\Participant',429,'last_payments','CILA 01 001','CILA-01-001.jpg','image/jpeg','public',339635,'[]','{\"custom_headers\": []}','[]',880,'2018-10-16 17:23:48','2018-10-16 17:23:48'),(901,'App\\Participant',430,'photos','b6c06b68-b1a0-4cd8-8a1b-2487c68df6f5','b6c06b68-b1a0-4cd8-8a1b-2487c68df6f5.jpg','image/jpeg','public',125734,'[]','{\"custom_headers\": []}','[]',881,'2018-10-16 17:26:50','2018-10-16 17:26:50'),(902,'App\\Participant',430,'conduct_codes','Lissa Acevedo Lara','Lissa-Acevedo-Lara.pdf','application/pdf','public',1388733,'[]','{\"custom_headers\": []}','[]',882,'2018-10-16 17:26:50','2018-10-16 17:26:50'),(903,'App\\Participant',430,'first_payments','Pago Inicial Lissa Acevedo Lara','Pago-Inicial-Lissa-Acevedo-Lara.pdf','application/pdf','public',155059,'[]','{\"custom_headers\": []}','[]',883,'2018-10-16 17:26:50','2018-10-16 17:26:50'),(904,'App\\Participant',431,'photos','dalberty','dalberty.jpg','image/jpeg','public',1842271,'[]','{\"custom_headers\": []}','[]',884,'2018-10-16 17:29:58','2018-10-16 17:29:58'),(905,'App\\Participant',432,'photos','giodanis (1)','giodanis-(1).jpg','image/jpeg','public',18276,'[]','{\"custom_headers\": []}','[]',885,'2018-10-16 17:30:23','2018-10-16 17:30:23'),(906,'App\\Participant',432,'conduct_codes','Scan','Scan.pdf','application/pdf','public',566455,'[]','{\"custom_headers\": []}','[]',886,'2018-10-16 17:30:23','2018-10-16 17:30:23'),(907,'App\\Participant',432,'first_payments','COMPROBANTES 8 (1)','COMPROBANTES-8-(1).pdf','application/pdf','public',255929,'[]','{\"custom_headers\": []}','[]',887,'2018-10-16 17:30:23','2018-10-16 17:30:23'),(908,'App\\Participant',432,'last_payments','comprobante giodanis','comprobante-giodanis.jpg','image/jpeg','public',89521,'[]','{\"custom_headers\": []}','[]',888,'2018-10-16 17:30:23','2018-10-16 17:30:23'),(910,'App\\Participant',433,'last_payments','CILA 02 001','CILA-02-001.jpg','image/jpeg','public',342784,'[]','{\"custom_headers\": []}','[]',890,'2018-10-16 17:31:18','2018-10-16 17:31:18'),(911,'App\\Participant',434,'photos','8713a17f-2c4b-479f-b378-0881e4f56948','8713a17f-2c4b-479f-b378-0881e4f56948.jpg','image/jpeg','public',163662,'[]','{\"custom_headers\": []}','[]',891,'2018-10-16 17:35:26','2018-10-16 17:35:26'),(912,'App\\Participant',434,'first_payments','Pago registro del Colegio San Martin de Porres','Pago-registro-del-Colegio-San-Martin-de-Porres.pdf','application/pdf','public',266919,'[]','{\"custom_headers\": []}','[]',892,'2018-10-16 17:35:26','2018-10-16 17:35:26'),(913,'App\\Participant',435,'photos','jdiggle','jdiggle.jpg','image/jpeg','public',1590565,'[]','{\"custom_headers\": []}','[]',893,'2018-10-16 17:35:27','2018-10-16 17:35:27'),(914,'App\\Participant',436,'photos','21022','21022.jpg','image/jpeg','public',1357142,'[]','{\"custom_headers\": []}','[]',894,'2018-10-16 17:40:42','2018-10-16 17:40:42'),(915,'App\\Participant',436,'conduct_codes','Codigo de conducta cila 2018','Codigo-de-conducta-cila-2018.pdf','application/pdf','public',1211635,'[]','{\"custom_headers\": []}','[]',895,'2018-10-16 17:40:42','2018-10-16 17:40:42'),(916,'App\\Participant',436,'first_payments','pago cila 2018','pago-cila-2018.jpg','image/jpeg','public',110268,'[]','{\"custom_headers\": []}','[]',896,'2018-10-16 17:40:42','2018-10-16 17:40:42'),(917,'App\\Participant',437,'photos','21059','21059.jpg','image/jpeg','public',1556325,'[]','{\"custom_headers\": []}','[]',897,'2018-10-16 17:48:24','2018-10-16 17:48:24'),(918,'App\\Participant',437,'conduct_codes','Codigo de conducta cila 2018','Codigo-de-conducta-cila-2018.pdf','application/pdf','public',1211635,'[]','{\"custom_headers\": []}','[]',898,'2018-10-16 17:48:24','2018-10-16 17:48:24'),(919,'App\\Participant',437,'first_payments','pago cila 2018','pago-cila-2018.jpg','image/jpeg','public',110268,'[]','{\"custom_headers\": []}','[]',899,'2018-10-16 17:48:24','2018-10-16 17:48:24'),(920,'App\\Participant',438,'photos','23033','23033.jpg','image/jpeg','public',1814685,'[]','{\"custom_headers\": []}','[]',900,'2018-10-16 18:07:52','2018-10-16 18:07:52'),(921,'App\\Participant',438,'conduct_codes','Codigo de conducta cila 2018','Codigo-de-conducta-cila-2018.pdf','application/pdf','public',1211635,'[]','{\"custom_headers\": []}','[]',901,'2018-10-16 18:07:52','2018-10-16 18:07:52'),(922,'App\\Participant',438,'first_payments','pago cila 2018','pago-cila-2018.jpg','image/jpeg','public',110268,'[]','{\"custom_headers\": []}','[]',902,'2018-10-16 18:07:52','2018-10-16 18:07:52'),(925,'App\\Participant',440,'photos','22060','22060.jpg','image/jpeg','public',1905470,'[]','{\"custom_headers\": []}','[]',905,'2018-10-16 18:11:57','2018-10-16 18:11:57'),(926,'App\\Participant',440,'conduct_codes','Codigo de conducta cila 2018','Codigo-de-conducta-cila-2018.pdf','application/pdf','public',1211635,'[]','{\"custom_headers\": []}','[]',906,'2018-10-16 18:11:57','2018-10-16 18:11:57'),(927,'App\\Participant',440,'first_payments','pago cila 2018','pago-cila-2018.jpg','image/jpeg','public',110268,'[]','{\"custom_headers\": []}','[]',907,'2018-10-16 18:11:57','2018-10-16 18:11:57'),(928,'App\\Participant',441,'photos','0a1234c5-fca3-4782-bd07-65787b32b376','0a1234c5-fca3-4782-bd07-65787b32b376.jpg','image/jpeg','public',113087,'[]','{\"custom_headers\": []}','[]',908,'2018-10-16 18:13:00','2018-10-16 18:13:00'),(929,'App\\Participant',441,'conduct_codes','Yan Carlos Solano Zabala','Yan-Carlos-Solano-Zabala.pdf','application/pdf','public',1390002,'[]','{\"custom_headers\": []}','[]',909,'2018-10-16 18:13:00','2018-10-16 18:13:00'),(930,'App\\Participant',441,'first_payments','Yan 2','Yan-2.pdf','application/pdf','public',2346856,'[]','{\"custom_headers\": []}','[]',910,'2018-10-16 18:13:00','2018-10-16 18:13:00'),(935,'App\\Participant',443,'photos','22023','22023.jpg','image/jpeg','public',1770767,'[]','{\"custom_headers\": []}','[]',911,'2018-10-16 18:14:40','2018-10-16 18:14:40'),(936,'App\\Participant',443,'conduct_codes','Codigo de conducta cila 2018','Codigo-de-conducta-cila-2018.pdf','application/pdf','public',1211635,'[]','{\"custom_headers\": []}','[]',912,'2018-10-16 18:14:40','2018-10-16 18:14:40'),(937,'App\\Participant',443,'first_payments','pago cila 2018','pago-cila-2018.jpg','image/jpeg','public',110268,'[]','{\"custom_headers\": []}','[]',913,'2018-10-16 18:14:40','2018-10-16 18:14:40'),(938,'App\\Participant',445,'photos','22041','22041.jpg','image/jpeg','public',1588588,'[]','{\"custom_headers\": []}','[]',914,'2018-10-16 18:17:45','2018-10-16 18:17:45'),(939,'App\\Participant',445,'conduct_codes','Codigo de conducta cila 2018','Codigo-de-conducta-cila-2018.pdf','application/pdf','public',1211635,'[]','{\"custom_headers\": []}','[]',915,'2018-10-16 18:17:45','2018-10-16 18:17:45'),(940,'App\\Participant',445,'first_payments','pago cila 2018','pago-cila-2018.jpg','image/jpeg','public',110268,'[]','{\"custom_headers\": []}','[]',916,'2018-10-16 18:17:45','2018-10-16 18:17:45'),(941,'App\\Participant',398,'photos','012 Carolynn González','012-Carolynn-González.jpg','image/jpeg','public',435847,'[]','{\"custom_headers\": []}','[]',917,'2018-10-16 18:20:24','2018-10-16 18:20:24'),(942,'App\\Participant',398,'conduct_codes','012 Carolynn González compromiso','012-Carolynn-González-compromiso.jpg','image/jpeg','public',245485,'[]','{\"custom_headers\": []}','[]',918,'2018-10-16 18:20:24','2018-10-16 18:20:24'),(943,'App\\Participant',398,'first_payments','012 Carolynn González pago inicial','012-Carolynn-González-pago-inicial.jpg','image/jpeg','public',115630,'[]','{\"custom_headers\": []}','[]',919,'2018-10-16 18:20:24','2018-10-16 18:20:24'),(944,'App\\Participant',398,'last_payments','012 Carolynn González pago completivo','012-Carolynn-González-pago-completivo.jpg','image/jpeg','public',152181,'[]','{\"custom_headers\": []}','[]',920,'2018-10-16 18:20:24','2018-10-16 18:20:24'),(945,'App\\Participant',447,'photos','19080','19080.jpg','image/jpeg','public',1726965,'[]','{\"custom_headers\": []}','[]',921,'2018-10-16 18:21:51','2018-10-16 18:21:51'),(946,'App\\Participant',447,'conduct_codes','Codigo de conducta cila 2018','Codigo-de-conducta-cila-2018.pdf','application/pdf','public',1211635,'[]','{\"custom_headers\": []}','[]',922,'2018-10-16 18:21:51','2018-10-16 18:21:51'),(947,'App\\Participant',447,'first_payments','pago cila 2018','pago-cila-2018.jpg','image/jpeg','public',110268,'[]','{\"custom_headers\": []}','[]',923,'2018-10-16 18:21:51','2018-10-16 18:21:51'),(948,'App\\Participant',448,'photos','b26931b9-de44-4287-bf1e-827c9972ccec','b26931b9-de44-4287-bf1e-827c9972ccec.jpg','image/jpeg','public',119680,'[]','{\"custom_headers\": []}','[]',924,'2018-10-16 18:23:29','2018-10-16 18:23:29'),(949,'App\\Participant',448,'conduct_codes','David Sepulveda Baez','David-Sepulveda-Baez.pdf','application/pdf','public',1396169,'[]','{\"custom_headers\": []}','[]',925,'2018-10-16 18:23:29','2018-10-16 18:23:29'),(950,'App\\Participant',448,'first_payments','David Sepulveda Baez pago inicial registro','David-Sepulveda-Baez-pago-inicial-registro.jpg','image/jpeg','public',44959,'[]','{\"custom_headers\": []}','[]',926,'2018-10-16 18:23:29','2018-10-16 18:23:29'),(951,'App\\Participant',449,'photos','19045','19045.jpg','image/jpeg','public',1508436,'[]','{\"custom_headers\": []}','[]',927,'2018-10-16 18:24:27','2018-10-16 18:24:27'),(952,'App\\Participant',449,'conduct_codes','Codigo de conducta cila 2018','Codigo-de-conducta-cila-2018.pdf','application/pdf','public',1211635,'[]','{\"custom_headers\": []}','[]',928,'2018-10-16 18:24:27','2018-10-16 18:24:27'),(953,'App\\Participant',449,'first_payments','pago cila 2018','pago-cila-2018.jpg','image/jpeg','public',110268,'[]','{\"custom_headers\": []}','[]',929,'2018-10-16 18:24:27','2018-10-16 18:24:27'),(954,'App\\Participant',414,'photos','foto hermana (2)','foto-hermana-(2).jpg','image/jpeg','public',44104,'[]','{\"custom_headers\": []}','[]',930,'2018-10-16 18:25:14','2018-10-16 18:25:14'),(955,'App\\Participant',399,'photos','015 Víctor Lachapelle','015-Víctor-Lachapelle.jpg','image/jpeg','public',152001,'[]','{\"custom_headers\": []}','[]',931,'2018-10-16 18:25:28','2018-10-16 18:25:28'),(956,'App\\Participant',399,'conduct_codes','015 Víctor Lachapelle compromiso','015-Víctor-Lachapelle-compromiso.jpg','image/jpeg','public',242125,'[]','{\"custom_headers\": []}','[]',932,'2018-10-16 18:25:28','2018-10-16 18:25:28'),(957,'App\\Participant',399,'first_payments','015 Víctor Lachapelle pago inicial','015-Víctor-Lachapelle-pago-inicial.jpg','image/jpeg','public',64030,'[]','{\"custom_headers\": []}','[]',933,'2018-10-16 18:25:28','2018-10-16 18:25:28'),(958,'App\\Participant',399,'last_payments','015 Víctor Lachapelle pago completivo','015-Víctor-Lachapelle-pago-completivo.jpg','image/jpeg','public',117536,'[]','{\"custom_headers\": []}','[]',934,'2018-10-16 18:25:28','2018-10-16 18:25:28'),(959,'App\\Participant',450,'photos','20035','20035.jpg','image/jpeg','public',1768588,'[]','{\"custom_headers\": []}','[]',935,'2018-10-16 18:27:16','2018-10-16 18:27:16'),(960,'App\\Participant',450,'conduct_codes','Codigo de conducta cila 2018','Codigo-de-conducta-cila-2018.pdf','application/pdf','public',1211635,'[]','{\"custom_headers\": []}','[]',936,'2018-10-16 18:27:16','2018-10-16 18:27:16'),(961,'App\\Participant',450,'first_payments','pago cila 2018','pago-cila-2018.jpg','image/jpeg','public',110268,'[]','{\"custom_headers\": []}','[]',937,'2018-10-16 18:27:16','2018-10-16 18:27:16'),(962,'App\\Participant',444,'photos','WhatsApp Image 2018-10-16 at 2.11.18 PM','WhatsApp-Image-2018-10-16-at-2.11.18-PM.jpeg','image/jpeg','public',25157,'[]','{\"custom_headers\": []}','[]',938,'2018-10-16 18:28:59','2018-10-16 18:28:59'),(963,'App\\Participant',401,'photos','023 Laura Pérez','023-Laura-Pérez.jpg','image/jpeg','public',494397,'[]','{\"custom_headers\": []}','[]',939,'2018-10-16 18:29:22','2018-10-16 18:29:22'),(964,'App\\Participant',401,'conduct_codes','023 Laura Pérez compromiso','023-Laura-Pérez-compromiso.jpg','image/jpeg','public',249862,'[]','{\"custom_headers\": []}','[]',940,'2018-10-16 18:29:22','2018-10-16 18:29:22'),(965,'App\\Participant',401,'first_payments','023 Laura Pérez pago inicial','023-Laura-Pérez-pago-inicial.jpg','image/jpeg','public',125975,'[]','{\"custom_headers\": []}','[]',941,'2018-10-16 18:29:22','2018-10-16 18:29:22'),(966,'App\\Participant',401,'last_payments','023 Laura Pérez pago completivo','023-Laura-Pérez-pago-completivo.jpg','image/jpeg','public',107125,'[]','{\"custom_headers\": []}','[]',942,'2018-10-16 18:29:22','2018-10-16 18:29:22'),(967,'App\\Participant',451,'conduct_codes','Codigo de conducta cila 2018','Codigo-de-conducta-cila-2018.pdf','application/pdf','public',1211635,'[]','{\"custom_headers\": []}','[]',943,'2018-10-16 18:29:28','2018-10-16 18:29:28'),(968,'App\\Participant',451,'first_payments','pago cila 2018','pago-cila-2018.jpg','image/jpeg','public',110268,'[]','{\"custom_headers\": []}','[]',944,'2018-10-16 18:29:28','2018-10-16 18:29:28'),(970,'App\\Participant',3,'photos','_DSC0832','_DSC0832.JPG','image/jpeg','public',3926892,'[]','{\"custom_headers\": []}','[]',946,'2018-10-16 18:30:35','2018-10-16 18:30:35'),(972,'App\\Participant',402,'photos','016 Jorge Mora','016-Jorge-Mora.jpg','image/jpeg','public',288008,'[]','{\"custom_headers\": []}','[]',948,'2018-10-16 18:32:42','2018-10-16 18:32:42'),(973,'App\\Participant',402,'conduct_codes','016 Jorge Mora compromiso','016-Jorge-Mora-compromiso.jpg','image/jpeg','public',245665,'[]','{\"custom_headers\": []}','[]',949,'2018-10-16 18:32:42','2018-10-16 18:32:42'),(974,'App\\Participant',402,'first_payments','016 Jorge Mora pago inicial','016-Jorge-Mora-pago-inicial.jpg','image/jpeg','public',119886,'[]','{\"custom_headers\": []}','[]',950,'2018-10-16 18:32:42','2018-10-16 18:32:42'),(975,'App\\Participant',402,'last_payments','016 Jorge Mora pago completivo','016-Jorge-Mora-pago-completivo.jpg','image/jpeg','public',82926,'[]','{\"custom_headers\": []}','[]',951,'2018-10-16 18:32:42','2018-10-16 18:32:42'),(976,'App\\Participant',15,'photos','_DSC0838','_DSC0838.JPG','image/jpeg','public',3985109,'[]','{\"custom_headers\": []}','[]',952,'2018-10-16 18:33:13','2018-10-16 18:33:13'),(977,'App\\Participant',452,'photos','24011','24011.jpg','image/jpeg','public',1453059,'[]','{\"custom_headers\": []}','[]',953,'2018-10-16 18:34:17','2018-10-16 18:34:17'),(978,'App\\Participant',452,'conduct_codes','Codigo de conducta cila 2018','Codigo-de-conducta-cila-2018.pdf','application/pdf','public',1211635,'[]','{\"custom_headers\": []}','[]',954,'2018-10-16 18:34:17','2018-10-16 18:34:17'),(979,'App\\Participant',452,'first_payments','pago cila 2018','pago-cila-2018.jpg','image/jpeg','public',110268,'[]','{\"custom_headers\": []}','[]',955,'2018-10-16 18:34:17','2018-10-16 18:34:17'),(980,'App\\Participant',403,'photos','024 Amelia Delgado','024-Amelia-Delgado.jpg','image/jpeg','public',442157,'[]','{\"custom_headers\": []}','[]',956,'2018-10-16 18:37:40','2018-10-16 18:37:40'),(981,'App\\Participant',403,'conduct_codes','024 Amelia Delgado compromiso','024-Amelia-Delgado-compromiso.jpg','image/jpeg','public',252138,'[]','{\"custom_headers\": []}','[]',957,'2018-10-16 18:37:40','2018-10-16 18:37:40'),(982,'App\\Participant',403,'first_payments','024 Amelia Delgado pago inicial','024-Amelia-Delgado-pago-inicial.jpg','image/jpeg','public',105849,'[]','{\"custom_headers\": []}','[]',958,'2018-10-16 18:37:40','2018-10-16 18:37:40'),(983,'App\\Participant',403,'last_payments','024 Amelia Delgado pago completivo','024-Amelia-Delgado-pago-completivo.jpg','image/jpeg','public',97173,'[]','{\"custom_headers\": []}','[]',959,'2018-10-16 18:37:40','2018-10-16 18:37:40'),(984,'App\\Participant',453,'photos','24016','24016.jpg','image/jpeg','public',1673733,'[]','{\"custom_headers\": []}','[]',960,'2018-10-16 18:37:48','2018-10-16 18:37:48'),(985,'App\\Participant',453,'conduct_codes','Codigo de conducta cila 2018','Codigo-de-conducta-cila-2018.pdf','application/pdf','public',1211635,'[]','{\"custom_headers\": []}','[]',961,'2018-10-16 18:37:48','2018-10-16 18:37:48'),(986,'App\\Participant',453,'first_payments','pago cila 2018','pago-cila-2018.jpg','image/jpeg','public',110268,'[]','{\"custom_headers\": []}','[]',962,'2018-10-16 18:37:48','2018-10-16 18:37:48'),(987,'App\\Participant',454,'photos','24021','24021.jpg','image/jpeg','public',1951598,'[]','{\"custom_headers\": []}','[]',963,'2018-10-16 18:41:08','2018-10-16 18:41:08'),(988,'App\\Participant',454,'conduct_codes','Codigo de conducta cila 2018','Codigo-de-conducta-cila-2018.pdf','application/pdf','public',1211635,'[]','{\"custom_headers\": []}','[]',964,'2018-10-16 18:41:08','2018-10-16 18:41:08'),(989,'App\\Participant',454,'first_payments','pago cila 2018','pago-cila-2018.jpg','image/jpeg','public',110268,'[]','{\"custom_headers\": []}','[]',965,'2018-10-16 18:41:08','2018-10-16 18:41:08'),(990,'App\\Participant',404,'photos','019 Isabella Espinal','019-Isabella-Espinal.jpg','image/jpeg','public',402434,'[]','{\"custom_headers\": []}','[]',966,'2018-10-16 18:41:25','2018-10-16 18:41:25'),(991,'App\\Participant',404,'conduct_codes','019 Isabella Espinal compromiso','019-Isabella-Espinal-compromiso.jpg','image/jpeg','public',248759,'[]','{\"custom_headers\": []}','[]',967,'2018-10-16 18:41:25','2018-10-16 18:41:25'),(992,'App\\Participant',404,'first_payments','019 Isabella Espinal pago inicial','019-Isabella-Espinal-pago-inicial.jpg','image/jpeg','public',107969,'[]','{\"custom_headers\": []}','[]',968,'2018-10-16 18:41:25','2018-10-16 18:41:25'),(993,'App\\Participant',404,'last_payments','019 Isabella Espinal pago completivo','019-Isabella-Espinal-pago-completivo.jpg','image/jpeg','public',121211,'[]','{\"custom_headers\": []}','[]',969,'2018-10-16 18:41:25','2018-10-16 18:41:25'),(994,'App\\Participant',451,'photos','20055','20055.jpg','image/jpeg','public',1713154,'[]','{\"custom_headers\": []}','[]',970,'2018-10-16 18:43:21','2018-10-16 18:43:21'),(995,'App\\Participant',411,'photos','004 Alejandra Ricardo','004-Alejandra-Ricardo.jpg','image/jpeg','public',426023,'[]','{\"custom_headers\": []}','[]',971,'2018-10-16 18:45:45','2018-10-16 18:45:45'),(996,'App\\Participant',411,'conduct_codes','004 Alejandra Ricardo compromiso','004-Alejandra-Ricardo-compromiso.jpg','image/jpeg','public',255415,'[]','{\"custom_headers\": []}','[]',972,'2018-10-16 18:45:45','2018-10-16 18:45:45'),(997,'App\\Participant',411,'first_payments','Pago inicial A. Ricardo, Maria e Isabella O\'Reilly','Pago-inicial-A.-Ricardo,-Maria-e-Isabella-O\'Reilly.jpg','image/jpeg','public',74487,'[]','{\"custom_headers\": []}','[]',973,'2018-10-16 18:45:45','2018-10-16 18:45:45'),(998,'App\\Participant',411,'last_payments','004 Alejandra Ricardo pago completivo con su madre','004-Alejandra-Ricardo-pago-completivo-con-su-madre.jpg','image/jpeg','public',95032,'[]','{\"custom_headers\": []}','[]',974,'2018-10-16 18:45:45','2018-10-16 18:45:45'),(999,'App\\Participant',455,'photos','24038','24038.jpg','image/jpeg','public',1441432,'[]','{\"custom_headers\": []}','[]',975,'2018-10-16 18:47:06','2018-10-16 18:47:06'),(1000,'App\\Participant',455,'conduct_codes','Codigo de conducta cila 2018','Codigo-de-conducta-cila-2018.pdf','application/pdf','public',1211635,'[]','{\"custom_headers\": []}','[]',976,'2018-10-16 18:47:06','2018-10-16 18:47:06'),(1001,'App\\Participant',455,'first_payments','pago cila 2018','pago-cila-2018.jpg','image/jpeg','public',110268,'[]','{\"custom_headers\": []}','[]',977,'2018-10-16 18:47:06','2018-10-16 18:47:06'),(1002,'App\\Participant',412,'photos','003 María O\'Reilly','003-María-O\'Reilly.jpg','image/jpeg','public',557941,'[]','{\"custom_headers\": []}','[]',978,'2018-10-16 18:47:37','2018-10-16 18:47:37'),(1003,'App\\Participant',412,'conduct_codes','003 María O\'Reilly compromiso','003-María-O\'Reilly-compromiso.jpg','image/jpeg','public',251827,'[]','{\"custom_headers\": []}','[]',979,'2018-10-16 18:47:37','2018-10-16 18:47:37'),(1004,'App\\Participant',412,'first_payments','Pago inicial A. Ricardo, Maria e Isabella O\'Reilly','Pago-inicial-A.-Ricardo,-Maria-e-Isabella-O\'Reilly.jpg','image/jpeg','public',74487,'[]','{\"custom_headers\": []}','[]',980,'2018-10-16 18:47:37','2018-10-16 18:47:37'),(1005,'App\\Participant',412,'last_payments','Pago completivo O\'Reilly Cott, incluida madre','Pago-completivo-O\'Reilly-Cott,-incluida-madre.jpeg','image/jpeg','public',85105,'[]','{\"custom_headers\": []}','[]',981,'2018-10-16 18:47:37','2018-10-16 18:47:37'),(1009,'App\\Participant',456,'photos','24039','24039.jpg','image/jpeg','public',1615878,'[]','{\"custom_headers\": []}','[]',985,'2018-10-16 18:53:46','2018-10-16 18:53:46'),(1010,'App\\Participant',456,'conduct_codes','Codigo de conducta cila 2018','Codigo-de-conducta-cila-2018.pdf','application/pdf','public',1211635,'[]','{\"custom_headers\": []}','[]',986,'2018-10-16 18:53:46','2018-10-16 18:53:46'),(1011,'App\\Participant',456,'first_payments','pago carta conducta','pago-carta-conducta.pdf','application/pdf','public',153391,'[]','{\"custom_headers\": []}','[]',987,'2018-10-16 18:53:46','2018-10-16 18:53:46'),(1012,'App\\Participant',13,'photos','WhatsApp Image 2018-10-16 at 2.36.57 PM','WhatsApp-Image-2018-10-16-at-2.36.57-PM.jpeg','image/jpeg','public',52032,'[]','{\"custom_headers\": []}','[]',988,'2018-10-16 18:54:32','2018-10-16 18:54:32'),(1013,'App\\Participant',457,'photos','24040','24040.jpg','image/jpeg','public',1622487,'[]','{\"custom_headers\": []}','[]',989,'2018-10-16 18:57:08','2018-10-16 18:57:08'),(1014,'App\\Participant',457,'conduct_codes','Codigo de conducta cila 2018','Codigo-de-conducta-cila-2018.pdf','application/pdf','public',1211635,'[]','{\"custom_headers\": []}','[]',990,'2018-10-16 18:57:08','2018-10-16 18:57:08'),(1015,'App\\Participant',457,'first_payments','pago cila 2018','pago-cila-2018.jpg','image/jpeg','public',110268,'[]','{\"custom_headers\": []}','[]',991,'2018-10-16 18:57:08','2018-10-16 18:57:08'),(1017,'App\\Participant',458,'photos','24049','24049.jpg','image/jpeg','public',1806210,'[]','{\"custom_headers\": []}','[]',993,'2018-10-16 19:00:04','2018-10-16 19:00:04'),(1018,'App\\Participant',458,'conduct_codes','Codigo de conducta cila 2018','Codigo-de-conducta-cila-2018.pdf','application/pdf','public',1211635,'[]','{\"custom_headers\": []}','[]',994,'2018-10-16 19:00:04','2018-10-16 19:00:04'),(1019,'App\\Participant',458,'first_payments','pago cila 2018','pago-cila-2018.jpg','image/jpeg','public',110268,'[]','{\"custom_headers\": []}','[]',995,'2018-10-16 19:00:04','2018-10-16 19:00:04'),(1020,'App\\Participant',27,'photos','_DSC0848','_DSC0848.JPG','image/jpeg','public',4033537,'[]','{\"custom_headers\": []}','[]',996,'2018-10-16 19:00:13','2018-10-16 19:00:13'),(1021,'App\\Participant',83,'last_payments','9C42BF13-CD81-4DEA-8080-A5D773E06836','9C42BF13-CD81-4DEA-8080-A5D773E06836.jpeg','image/jpeg','public',92286,'[]','{\"custom_headers\": []}','[]',997,'2018-10-16 19:00:48','2018-10-16 19:00:48'),(1022,'App\\Participant',459,'photos','Karyleen','Karyleen.jpg','image/jpeg','public',2880004,'[]','{\"custom_headers\": []}','[]',998,'2018-10-16 19:06:47','2018-10-16 19:06:47'),(1023,'App\\Participant',459,'conduct_codes','Codigo de conducta cila 2018','Codigo-de-conducta-cila-2018.pdf','application/pdf','public',1211635,'[]','{\"custom_headers\": []}','[]',999,'2018-10-16 19:06:47','2018-10-16 19:06:47'),(1024,'App\\Participant',459,'first_payments','pago cila 2018','pago-cila-2018.jpg','image/jpeg','public',110268,'[]','{\"custom_headers\": []}','[]',1000,'2018-10-16 19:06:47','2018-10-16 19:06:47'),(1025,'App\\Participant',44,'last_payments','IMG-20181016-WA0058','IMG-20181016-WA0058.jpg','image/jpeg','public',87916,'[]','{\"custom_headers\": []}','[]',1001,'2018-10-16 19:07:21','2018-10-16 19:07:21'),(1026,'App\\Participant',414,'last_payments','IMG-20181016-WA0009','IMG-20181016-WA0009.jpg','image/jpeg','public',63804,'[]','{\"custom_headers\": []}','[]',1002,'2018-10-16 19:09:01','2018-10-16 19:09:01'),(1031,'App\\Participant',460,'photos','Yajaira Bonifacio','Yajaira-Bonifacio.jpg','image/jpeg','public',33768,'[]','{\"custom_headers\": []}','[]',1004,'2018-10-16 19:21:00','2018-10-16 19:21:00'),(1032,'App\\Participant',460,'last_payments','Pago Yajaira Bonifacio','Pago-Yajaira-Bonifacio.jpg','image/jpeg','public',81874,'[]','{\"custom_headers\": []}','[]',1005,'2018-10-16 19:21:00','2018-10-16 19:21:00'),(1033,'App\\Participant',461,'photos','Natalia Pichardo','Natalia-Pichardo.jpg','image/jpeg','public',23381,'[]','{\"custom_headers\": []}','[]',1006,'2018-10-16 19:32:39','2018-10-16 19:32:39'),(1034,'App\\Participant',461,'last_payments','004 Alejandra Ricardo pago completivo con su madre','004-Alejandra-Ricardo-pago-completivo-con-su-madre.jpg','image/jpeg','public',95032,'[]','{\"custom_headers\": []}','[]',1007,'2018-10-16 19:32:39','2018-10-16 19:32:39'),(1035,'App\\Participant',462,'photos','Paola Cott','Paola-Cott.jpg','image/jpeg','public',24421,'[]','{\"custom_headers\": []}','[]',1008,'2018-10-16 19:36:58','2018-10-16 19:36:58'),(1036,'App\\Participant',462,'last_payments','Pago completivo O\'Reilly Cott, incluida madre','Pago-completivo-O\'Reilly-Cott,-incluida-madre.jpeg','image/jpeg','public',85105,'[]','{\"custom_headers\": []}','[]',1009,'2018-10-16 19:36:58','2018-10-16 19:36:58'),(1037,'App\\Participant',463,'photos','WhatsApp Image 2018-06-11 at 11.41.16 AM','WhatsApp-Image-2018-06-11-at-11.41.16-AM.jpeg','image/jpeg','public',480757,'[]','{\"custom_headers\": []}','[]',1010,'2018-10-16 19:38:43','2018-10-16 19:38:43'),(1038,'App\\Participant',464,'photos','Mireya Abreu','Mireya-Abreu.jpg','image/jpeg','public',20397,'[]','{\"custom_headers\": []}','[]',1011,'2018-10-16 19:40:43','2018-10-16 19:40:43'),(1039,'App\\Participant',464,'last_payments','Pago total Mireya Abreu','Pago-total-Mireya-Abreu.jpg','image/jpeg','public',139169,'[]','{\"custom_headers\": []}','[]',1012,'2018-10-16 19:40:43','2018-10-16 19:40:43'),(1040,'App\\Participant',465,'photos','Zuleyka Gómez Azar','Zuleyka-Gómez-Azar.jpg','image/jpeg','public',17036,'[]','{\"custom_headers\": []}','[]',1013,'2018-10-16 19:44:02','2018-10-16 19:44:02'),(1041,'App\\Participant',465,'last_payments','Pago total Zuleika Gómez','Pago-total-Zuleika-Gómez.jpg','image/jpeg','public',108593,'[]','{\"custom_headers\": []}','[]',1014,'2018-10-16 19:44:02','2018-10-16 19:44:02'),(1043,'App\\Participant',390,'last_payments','IMG-20181016-WA0008','IMG-20181016-WA0008.jpg','image/jpeg','public',64939,'[]','{\"custom_headers\": []}','[]',1016,'2018-10-16 20:01:49','2018-10-16 20:01:49'),(1044,'App\\Participant',350,'last_payments','IMG-20181016-WA0005','IMG-20181016-WA0005.jpg','image/jpeg','public',73444,'[]','{\"custom_headers\": []}','[]',1017,'2018-10-16 20:02:30','2018-10-16 20:02:30'),(1045,'App\\Participant',466,'photos','WhatsApp Image 2018-10-16 at 15.49.06','WhatsApp-Image-2018-10-16-at-15.49.06.jpeg','image/jpeg','public',70047,'[]','{\"custom_headers\": []}','[]',1018,'2018-10-16 20:04:19','2018-10-16 20:04:19'),(1046,'App\\Participant',466,'first_payments','WhatsApp Image 2018-10-16 at 15.03.52','WhatsApp-Image-2018-10-16-at-15.03.52.jpeg','image/jpeg','public',40487,'[]','{\"custom_headers\": []}','[]',1019,'2018-10-16 20:04:19','2018-10-16 20:04:19'),(1047,'App\\Participant',466,'last_payments','WhatsApp Image 2018-10-16 at 15.03.52 (1)','WhatsApp-Image-2018-10-16-at-15.03.52-(1).jpeg','image/jpeg','public',40487,'[]','{\"custom_headers\": []}','[]',1020,'2018-10-16 20:04:19','2018-10-16 20:04:19'),(1048,'App\\Participant',444,'last_payments','WhatsApp Image 2018-10-16 at 1.40.22 PM','WhatsApp-Image-2018-10-16-at-1.40.22-PM.jpeg','image/jpeg','public',92661,'[]','{\"custom_headers\": []}','[]',1021,'2018-10-16 20:05:47','2018-10-16 20:05:47'),(1049,'App\\Participant',446,'last_payments','WhatsApp Image 2018-10-16 at 12.57.48 PM','WhatsApp-Image-2018-10-16-at-12.57.48-PM.jpeg','image/jpeg','public',105179,'[]','{\"custom_headers\": []}','[]',1022,'2018-10-16 20:24:40','2018-10-16 20:24:40'),(1050,'App\\Participant',345,'conduct_codes','arly','arly.jpg','image/jpeg','public',737862,'[]','{\"custom_headers\": []}','[]',1023,'2018-10-16 20:29:06','2018-10-16 20:29:06'),(1051,'App\\Participant',346,'conduct_codes','edison','edison.jpg','image/jpeg','public',783010,'[]','{\"custom_headers\": []}','[]',1024,'2018-10-16 20:29:36','2018-10-16 20:29:36'),(1052,'App\\Participant',347,'conduct_codes','desiree','desiree.jpg','image/jpeg','public',773994,'[]','{\"custom_headers\": []}','[]',1025,'2018-10-16 20:30:12','2018-10-16 20:30:12'),(1053,'App\\Participant',348,'conduct_codes','ashly','ashly.jpg','image/jpeg','public',785792,'[]','{\"custom_headers\": []}','[]',1026,'2018-10-16 20:30:50','2018-10-16 20:30:50'),(1054,'App\\Participant',446,'conduct_codes','jazmin','jazmin.jpg','image/jpeg','public',849022,'[]','{\"custom_headers\": []}','[]',1027,'2018-10-16 20:31:21','2018-10-16 20:31:21'),(1055,'App\\Participant',444,'conduct_codes','ESCANEO ACUERDO CILA','ESCANEO-ACUERDO-CILA.pdf','application/pdf','public',525469,'[]','{\"custom_headers\": []}','[]',1028,'2018-10-16 20:32:30','2018-10-16 20:32:30'),(1057,'App\\Participant',446,'photos','WhatsApp Image 2018-10-16 at 3.56.43 PM','WhatsApp-Image-2018-10-16-at-3.56.43-PM.jpeg','image/jpeg','public',98578,'[]','{\"custom_headers\": []}','[]',1030,'2018-10-16 20:35:33','2018-10-16 20:35:33'),(1058,'App\\Participant',3,'conduct_codes','paula','paula.jpg','image/jpeg','public',751967,'[]','{\"custom_headers\": []}','[]',1031,'2018-10-16 20:36:13','2018-10-16 20:36:13'),(1059,'App\\Participant',6,'photos','_DSC0843','_DSC0843.JPG','image/jpeg','public',3499711,'[]','{\"custom_headers\": []}','[]',1032,'2018-10-16 20:37:20','2018-10-16 20:37:20'),(1061,'App\\Participant',15,'conduct_codes','rognier','rognier.jpg','image/jpeg','public',760802,'[]','{\"custom_headers\": []}','[]',1034,'2018-10-16 20:39:20','2018-10-16 20:39:20'),(1063,'App\\Participant',20,'conduct_codes','christopher','christopher.jpg','image/jpeg','public',777230,'[]','{\"custom_headers\": []}','[]',1036,'2018-10-16 20:40:15','2018-10-16 20:40:15'),(1065,'App\\Participant',27,'conduct_codes','jorge','jorge.jpg','image/jpeg','public',762594,'[]','{\"custom_headers\": []}','[]',1038,'2018-10-16 20:41:27','2018-10-16 20:41:27'),(1066,'App\\Participant',467,'last_payments','IMG-20181016-WA0009','IMG-20181016-WA0009.jpg','image/jpeg','public',63804,'[]','{\"custom_headers\": []}','[]',1039,'2018-10-16 20:48:28','2018-10-16 20:48:28'),(1067,'App\\Participant',384,'conduct_codes','15397230753411554928883','15397230753411554928883.jpg','image/jpeg','public',2644162,'[]','{\"custom_headers\": []}','[]',1040,'2018-10-16 20:51:55','2018-10-16 20:51:55'),(1068,'App\\Participant',368,'conduct_codes','1539723146584410884400','1539723146584410884400.jpg','image/jpeg','public',2519451,'[]','{\"custom_headers\": []}','[]',1041,'2018-10-16 20:53:11','2018-10-16 20:53:11'),(1069,'App\\Participant',22,'photos','New Doc 2018-10-16 11.09.04_13','New-Doc-2018-10-16-11.09.04_13.jpg','image/jpeg','public',154587,'[]','{\"custom_headers\": []}','[]',1042,'2018-10-16 20:54:22','2018-10-16 20:54:22'),(1070,'App\\Participant',409,'conduct_codes','15397232501241302727757','15397232501241302727757.jpg','image/jpeg','public',2531484,'[]','{\"custom_headers\": []}','[]',1043,'2018-10-16 20:54:59','2018-10-16 20:54:59'),(1071,'App\\Participant',363,'conduct_codes','15397233321751052901958','15397233321751052901958.jpg','image/jpeg','public',2646369,'[]','{\"custom_headers\": []}','[]',1044,'2018-10-16 20:56:01','2018-10-16 20:56:01'),(1072,'App\\Participant',357,'conduct_codes','15397233891721827426692','15397233891721827426692.jpg','image/jpeg','public',2552349,'[]','{\"custom_headers\": []}','[]',1045,'2018-10-16 20:57:15','2018-10-16 20:57:15'),(1073,'App\\Participant',369,'conduct_codes','15397234646501377559912','15397234646501377559912.jpg','image/jpeg','public',2821227,'[]','{\"custom_headers\": []}','[]',1046,'2018-10-16 20:58:24','2018-10-16 20:58:24'),(1074,'App\\Participant',385,'conduct_codes','15397235277991418818798','15397235277991418818798.jpg','image/jpeg','public',2801385,'[]','{\"custom_headers\": []}','[]',1047,'2018-10-16 20:59:31','2018-10-16 20:59:31'),(1075,'App\\Participant',365,'conduct_codes','1539723605613588172694','1539723605613588172694.jpg','image/jpeg','public',2661379,'[]','{\"custom_headers\": []}','[]',1048,'2018-10-16 21:00:39','2018-10-16 21:00:39'),(1076,'App\\Participant',419,'conduct_codes','15397236636381194617928','15397236636381194617928.jpg','image/jpeg','public',2613118,'[]','{\"custom_headers\": []}','[]',1049,'2018-10-16 21:01:28','2018-10-16 21:01:28'),(1077,'App\\Participant',362,'conduct_codes','153972374144750846101','153972374144750846101.jpg','image/jpeg','public',2614210,'[]','{\"custom_headers\": []}','[]',1050,'2018-10-16 21:02:47','2018-10-16 21:02:47'),(1078,'App\\Participant',397,'conduct_codes','1539723803182429222467','1539723803182429222467.jpg','image/jpeg','public',2811379,'[]','{\"custom_headers\": []}','[]',1051,'2018-10-16 21:04:11','2018-10-16 21:04:11'),(1079,'App\\Participant',274,'photos','rsz_foto_gafete','rsz_foto_gafete.jpg','image/jpeg','public',130848,'[]','{\"custom_headers\": []}','[]',1052,'2018-10-16 21:04:29','2018-10-16 21:04:29'),(1080,'App\\Participant',394,'conduct_codes','15397240022211988119058','15397240022211988119058.jpg','image/jpeg','public',2691052,'[]','{\"custom_headers\": []}','[]',1053,'2018-10-16 21:07:05','2018-10-16 21:07:05'),(1081,'App\\Participant',274,'last_payments','rsz_recibo_de_pago','rsz_recibo_de_pago.jpg','image/jpeg','public',35046,'[]','{\"custom_headers\": []}','[]',1054,'2018-10-16 21:07:45','2018-10-16 21:07:45'),(1082,'App\\Participant',356,'conduct_codes','1539724098410947525916','1539724098410947525916.jpg','image/jpeg','public',2765307,'[]','{\"custom_headers\": []}','[]',1055,'2018-10-16 21:09:42','2018-10-16 21:09:42'),(1083,'App\\Participant',421,'conduct_codes','15397242054251517737296','15397242054251517737296.jpg','image/jpeg','public',2685109,'[]','{\"custom_headers\": []}','[]',1056,'2018-10-16 21:10:30','2018-10-16 21:10:30'),(1084,'App\\Participant',32,'photos','pp','pp.jpg','image/jpeg','public',54608,'[]','{\"custom_headers\": []}','[]',1057,'2018-10-16 21:11:41','2018-10-16 21:11:41'),(1085,'App\\Participant',386,'conduct_codes','15397242744182027620096','15397242744182027620096.jpg','image/jpeg','public',2850224,'[]','{\"custom_headers\": []}','[]',1058,'2018-10-16 21:12:09','2018-10-16 21:12:09'),(1086,'App\\Participant',374,'conduct_codes','15397243535701005287262','15397243535701005287262.jpg','image/jpeg','public',2797754,'[]','{\"custom_headers\": []}','[]',1059,'2018-10-16 21:13:52','2018-10-16 21:13:52'),(1087,'App\\Participant',370,'conduct_codes','15397244938271784851845','15397244938271784851845.jpg','image/jpeg','public',2408197,'[]','{\"custom_headers\": []}','[]',1060,'2018-10-16 21:15:26','2018-10-16 21:15:26'),(1088,'App\\Participant',274,'conduct_codes','pdfresizer.com-pdf-resize','pdfresizer.com-pdf-resize.pdf','application/pdf','public',2834764,'[]','{\"custom_headers\": []}','[]',1061,'2018-10-16 21:15:26','2018-10-16 21:15:26'),(1089,'App\\Participant',274,'first_payments','rsz_recibo_de_pago','rsz_recibo_de_pago.jpg','image/jpeg','public',35046,'[]','{\"custom_headers\": []}','[]',1062,'2018-10-16 21:16:21','2018-10-16 21:16:21'),(1090,'App\\Participant',396,'conduct_codes','1539724552047303750820','1539724552047303750820.jpg','image/jpeg','public',2766004,'[]','{\"custom_headers\": []}','[]',1063,'2018-10-16 21:16:38','2018-10-16 21:16:38'),(1091,'App\\Participant',241,'conduct_codes','pdfresizer.com-pdf-resize','pdfresizer.com-pdf-resize.pdf','application/pdf','public',2834764,'[]','{\"custom_headers\": []}','[]',1064,'2018-10-16 21:17:00','2018-10-16 21:17:00'),(1092,'App\\Participant',238,'conduct_codes','pdfresizer.com-pdf-resize','pdfresizer.com-pdf-resize.pdf','application/pdf','public',2834764,'[]','{\"custom_headers\": []}','[]',1065,'2018-10-16 21:17:25','2018-10-16 21:17:25'),(1093,'App\\Participant',251,'conduct_codes','pdfresizer.com-pdf-resize','pdfresizer.com-pdf-resize.pdf','application/pdf','public',2834764,'[]','{\"custom_headers\": []}','[]',1066,'2018-10-16 21:17:51','2018-10-16 21:17:51'),(1094,'App\\Participant',420,'conduct_codes','15397246260201739738611','15397246260201739738611.jpg','image/jpeg','public',2811488,'[]','{\"custom_headers\": []}','[]',1067,'2018-10-16 21:17:53','2018-10-16 21:17:53'),(1095,'App\\Participant',262,'conduct_codes','pdfresizer.com-pdf-resize','pdfresizer.com-pdf-resize.pdf','application/pdf','public',2834764,'[]','{\"custom_headers\": []}','[]',1068,'2018-10-16 21:18:29','2018-10-16 21:18:29'),(1096,'App\\Participant',377,'conduct_codes','1539724698149627994216','1539724698149627994216.jpg','image/jpeg','public',2873318,'[]','{\"custom_headers\": []}','[]',1069,'2018-10-16 21:18:43','2018-10-16 21:18:43'),(1097,'App\\Participant',247,'conduct_codes','pdfresizer.com-pdf-resize','pdfresizer.com-pdf-resize.pdf','application/pdf','public',2834764,'[]','{\"custom_headers\": []}','[]',1070,'2018-10-16 21:18:54','2018-10-16 21:18:54'),(1098,'App\\Participant',258,'conduct_codes','pdfresizer.com-pdf-resize','pdfresizer.com-pdf-resize.pdf','application/pdf','public',2834764,'[]','{\"custom_headers\": []}','[]',1071,'2018-10-16 21:19:16','2018-10-16 21:19:16'),(1099,'App\\Participant',355,'conduct_codes','15397247439301846593983','15397247439301846593983.jpg','image/jpeg','public',2773632,'[]','{\"custom_headers\": []}','[]',1072,'2018-10-16 21:19:29','2018-10-16 21:19:29'),(1100,'App\\Participant',265,'conduct_codes','pdfresizer.com-pdf-resize','pdfresizer.com-pdf-resize.pdf','application/pdf','public',2834764,'[]','{\"custom_headers\": []}','[]',1073,'2018-10-16 21:19:40','2018-10-16 21:19:40'),(1101,'App\\Participant',234,'conduct_codes','pdfresizer.com-pdf-resize','pdfresizer.com-pdf-resize.pdf','application/pdf','public',2834764,'[]','{\"custom_headers\": []}','[]',1074,'2018-10-16 21:20:12','2018-10-16 21:20:12'),(1102,'App\\Participant',246,'conduct_codes','pdfresizer.com-pdf-resize','pdfresizer.com-pdf-resize.pdf','application/pdf','public',2834764,'[]','{\"custom_headers\": []}','[]',1075,'2018-10-16 21:20:42','2018-10-16 21:20:42'),(1103,'App\\Participant',391,'conduct_codes','1539724802846119705747','1539724802846119705747.jpg','image/jpeg','public',2702435,'[]','{\"custom_headers\": []}','[]',1076,'2018-10-16 21:20:45','2018-10-16 21:20:45'),(1104,'App\\Participant',236,'conduct_codes','pdfresizer.com-pdf-resize','pdfresizer.com-pdf-resize.pdf','application/pdf','public',2834764,'[]','{\"custom_headers\": []}','[]',1077,'2018-10-16 21:21:14','2018-10-16 21:21:14'),(1105,'App\\Participant',272,'conduct_codes','pdfresizer.com-pdf-resize','pdfresizer.com-pdf-resize.pdf','application/pdf','public',2834764,'[]','{\"custom_headers\": []}','[]',1078,'2018-10-16 21:21:49','2018-10-16 21:21:49'),(1106,'App\\Participant',256,'conduct_codes','pdfresizer.com-pdf-resize','pdfresizer.com-pdf-resize.pdf','application/pdf','public',2834764,'[]','{\"custom_headers\": []}','[]',1079,'2018-10-16 21:22:18','2018-10-16 21:22:18'),(1107,'App\\Participant',366,'conduct_codes','15397249164611574241891','15397249164611574241891.jpg','image/jpeg','public',2728434,'[]','{\"custom_headers\": []}','[]',1080,'2018-10-16 21:22:21','2018-10-16 21:22:21'),(1108,'App\\Participant',245,'conduct_codes','pdfresizer.com-pdf-resize','pdfresizer.com-pdf-resize.pdf','application/pdf','public',2834764,'[]','{\"custom_headers\": []}','[]',1081,'2018-10-16 21:22:48','2018-10-16 21:22:48'),(1109,'App\\Participant',235,'conduct_codes','pdfresizer.com-pdf-resize','pdfresizer.com-pdf-resize.pdf','application/pdf','public',2834764,'[]','{\"custom_headers\": []}','[]',1082,'2018-10-16 21:23:18','2018-10-16 21:23:18'),(1110,'App\\Participant',241,'photos','rsz_1foto_gafete','rsz_1foto_gafete.jpg','image/jpeg','public',14935,'[]','{\"custom_headers\": []}','[]',1083,'2018-10-16 21:24:09','2018-10-16 21:24:09'),(1111,'App\\Participant',241,'first_payments','rsz_1recibo_de_pago','rsz_1recibo_de_pago.jpg','image/jpeg','public',29929,'[]','{\"custom_headers\": []}','[]',1084,'2018-10-16 21:25:11','2018-10-16 21:25:11'),(1112,'App\\Participant',241,'last_payments','rsz_1recibo_de_pago','rsz_1recibo_de_pago.jpg','image/jpeg','public',29929,'[]','{\"custom_headers\": []}','[]',1085,'2018-10-16 21:25:11','2018-10-16 21:25:11'),(1113,'App\\Participant',238,'photos','rsz_foto_gafete (1)','rsz_foto_gafete-(1).jpg','image/jpeg','public',2661,'[]','{\"custom_headers\": []}','[]',1086,'2018-10-16 21:26:24','2018-10-16 21:26:24'),(1114,'App\\Participant',251,'first_payments','rsz_recibo_de_pago (1)','rsz_recibo_de_pago-(1).jpg','image/jpeg','public',34876,'[]','{\"custom_headers\": []}','[]',1087,'2018-10-16 21:27:53','2018-10-16 21:27:53'),(1115,'App\\Participant',251,'last_payments','rsz_recibo_de_pago (1)','rsz_recibo_de_pago-(1).jpg','image/jpeg','public',34876,'[]','{\"custom_headers\": []}','[]',1088,'2018-10-16 21:27:53','2018-10-16 21:27:53'),(1116,'App\\Participant',387,'conduct_codes','1539725306017585528603','1539725306017585528603.jpg','image/jpeg','public',2801910,'[]','{\"custom_headers\": []}','[]',1089,'2018-10-16 21:29:11','2018-10-16 21:29:11'),(1117,'App\\Participant',367,'conduct_codes','1539725374839321752296','1539725374839321752296.jpg','image/jpeg','public',2731447,'[]','{\"custom_headers\": []}','[]',1090,'2018-10-16 21:29:58','2018-10-16 21:29:58'),(1118,'App\\Participant',262,'photos','rsz_2foto_gafete','rsz_2foto_gafete.jpg','image/jpeg','public',12091,'[]','{\"custom_headers\": []}','[]',1091,'2018-10-16 21:30:36','2018-10-16 21:30:36'),(1119,'App\\Participant',360,'conduct_codes','15397254387711066664422','15397254387711066664422.jpg','image/jpeg','public',2945471,'[]','{\"custom_headers\": []}','[]',1092,'2018-10-16 21:31:04','2018-10-16 21:31:04'),(1120,'App\\Participant',262,'first_payments','rsz_3recibo_de_pago','rsz_3recibo_de_pago.jpg','image/jpeg','public',36343,'[]','{\"custom_headers\": []}','[]',1093,'2018-10-16 21:31:35','2018-10-16 21:31:35'),(1121,'App\\Participant',262,'last_payments','rsz_3recibo_de_pago','rsz_3recibo_de_pago.jpg','image/jpeg','public',36343,'[]','{\"custom_headers\": []}','[]',1094,'2018-10-16 21:31:35','2018-10-16 21:31:35'),(1122,'App\\Participant',361,'conduct_codes','1539725507886347038071','1539725507886347038071.jpg','image/jpeg','public',2895556,'[]','{\"custom_headers\": []}','[]',1095,'2018-10-16 21:32:12','2018-10-16 21:32:12'),(1123,'App\\Participant',247,'photos','rsz_3foto_gafete','rsz_3foto_gafete.jpg','image/jpeg','public',13079,'[]','{\"custom_headers\": []}','[]',1096,'2018-10-16 21:32:32','2018-10-16 21:32:32'),(1124,'App\\Participant',247,'first_payments','rsz_4recibo_de_pago','rsz_4recibo_de_pago.jpg','image/jpeg','public',35015,'[]','{\"custom_headers\": []}','[]',1097,'2018-10-16 21:33:05','2018-10-16 21:33:05'),(1125,'App\\Participant',247,'last_payments','rsz_4recibo_de_pago','rsz_4recibo_de_pago.jpg','image/jpeg','public',35015,'[]','{\"custom_headers\": []}','[]',1098,'2018-10-16 21:33:05','2018-10-16 21:33:05'),(1126,'App\\Participant',359,'conduct_codes','1539725551770374790487','1539725551770374790487.jpg','image/jpeg','public',2794065,'[]','{\"custom_headers\": []}','[]',1099,'2018-10-16 21:33:17','2018-10-16 21:33:17'),(1127,'App\\Participant',258,'first_payments','rsz_5recibo_de_pago','rsz_5recibo_de_pago.jpg','image/jpeg','public',35242,'[]','{\"custom_headers\": []}','[]',1100,'2018-10-16 21:34:18','2018-10-16 21:34:18'),(1128,'App\\Participant',258,'last_payments','rsz_5recibo_de_pago','rsz_5recibo_de_pago.jpg','image/jpeg','public',35242,'[]','{\"custom_headers\": []}','[]',1101,'2018-10-16 21:34:18','2018-10-16 21:34:18'),(1131,'App\\Participant',4,'last_payments','michael','michael.jpg','image/jpeg','public',388471,'[]','{\"custom_headers\": []}','[]',1104,'2018-10-16 21:36:38','2018-10-16 21:36:38'),(1132,'App\\Participant',355,'photos','20181012_104324','20181012_104324.jpg','image/jpeg','public',808417,'[]','{\"custom_headers\": []}','[]',1105,'2018-10-16 21:37:06','2018-10-16 21:37:06'),(1133,'App\\Participant',5,'first_payments','angel gabriel','angel-gabriel.jpg','image/jpeg','public',618065,'[]','{\"custom_headers\": []}','[]',1106,'2018-10-16 21:37:11','2018-10-16 21:37:11'),(1134,'App\\Participant',5,'last_payments','angel2','angel2.jpeg','image/jpeg','public',33297,'[]','{\"custom_headers\": []}','[]',1107,'2018-10-16 21:37:11','2018-10-16 21:37:11'),(1135,'App\\Participant',265,'photos','rsz_4foto_gafete','rsz_4foto_gafete.jpg','image/jpeg','public',21777,'[]','{\"custom_headers\": []}','[]',1108,'2018-10-16 21:37:13','2018-10-16 21:37:13'),(1136,'App\\Participant',6,'last_payments','bianca','bianca.jpg','image/jpeg','public',329183,'[]','{\"custom_headers\": []}','[]',1109,'2018-10-16 21:37:35','2018-10-16 21:37:35'),(1137,'App\\Participant',361,'photos','IMG-20181016-WA0000','IMG-20181016-WA0000.jpg','image/jpeg','public',69050,'[]','{\"custom_headers\": []}','[]',1110,'2018-10-16 21:37:36','2018-10-16 21:37:36'),(1138,'App\\Participant',265,'first_payments','rsz_6recibo_de_pago','rsz_6recibo_de_pago.jpg','image/jpeg','public',35004,'[]','{\"custom_headers\": []}','[]',1111,'2018-10-16 21:37:46','2018-10-16 21:37:46'),(1139,'App\\Participant',265,'last_payments','rsz_6recibo_de_pago','rsz_6recibo_de_pago.jpg','image/jpeg','public',35004,'[]','{\"custom_headers\": []}','[]',1112,'2018-10-16 21:37:46','2018-10-16 21:37:46'),(1140,'App\\Participant',8,'first_payments','hillary1','hillary1.jpg','image/jpeg','public',655593,'[]','{\"custom_headers\": []}','[]',1113,'2018-10-16 21:38:09','2018-10-16 21:38:09'),(1141,'App\\Participant',8,'last_payments','hillary2','hillary2.jpg','image/jpeg','public',640928,'[]','{\"custom_headers\": []}','[]',1114,'2018-10-16 21:38:09','2018-10-16 21:38:09'),(1145,'App\\Participant',362,'photos','20181012_104730','20181012_104730.jpg','image/jpeg','public',771756,'[]','{\"custom_headers\": []}','[]',1118,'2018-10-16 21:39:07','2018-10-16 21:39:07'),(1148,'App\\Participant',234,'photos','rsz_5foto_gafete','rsz_5foto_gafete.jpg','image/jpeg','public',18178,'[]','{\"custom_headers\": []}','[]',1121,'2018-10-16 21:39:18','2018-10-16 21:39:18'),(1149,'App\\Participant',234,'first_payments','rsz_7recibo_de_pago','rsz_7recibo_de_pago.jpg','image/jpeg','public',35050,'[]','{\"custom_headers\": []}','[]',1122,'2018-10-16 21:39:18','2018-10-16 21:39:18'),(1150,'App\\Participant',234,'last_payments','rsz_7recibo_de_pago','rsz_7recibo_de_pago.jpg','image/jpeg','public',35050,'[]','{\"custom_headers\": []}','[]',1123,'2018-10-16 21:39:18','2018-10-16 21:39:18'),(1151,'App\\Participant',11,'first_payments','farali','farali.jpg','image/jpeg','public',398594,'[]','{\"custom_headers\": []}','[]',1124,'2018-10-16 21:39:50','2018-10-16 21:39:50'),(1152,'App\\Participant',11,'last_payments','Isabela-fara;i','Isabela-fara;i.jpg','image/jpeg','public',346639,'[]','{\"custom_headers\": []}','[]',1125,'2018-10-16 21:39:50','2018-10-16 21:39:50'),(1153,'App\\Participant',246,'photos','rsz_6foto_gafete','rsz_6foto_gafete.jpg','image/jpeg','public',93426,'[]','{\"custom_headers\": []}','[]',1126,'2018-10-16 21:40:07','2018-10-16 21:40:07'),(1154,'App\\Participant',246,'first_payments','rsz_8recibo_de_pago','rsz_8recibo_de_pago.jpg','image/jpeg','public',35578,'[]','{\"custom_headers\": []}','[]',1127,'2018-10-16 21:40:33','2018-10-16 21:40:33'),(1155,'App\\Participant',246,'last_payments','rsz_8recibo_de_pago','rsz_8recibo_de_pago.jpg','image/jpeg','public',35578,'[]','{\"custom_headers\": []}','[]',1128,'2018-10-16 21:40:33','2018-10-16 21:40:33'),(1156,'App\\Participant',13,'last_payments','avril','avril.jpg','image/jpeg','public',442656,'[]','{\"custom_headers\": []}','[]',1129,'2018-10-16 21:40:55','2018-10-16 21:40:55'),(1159,'App\\Participant',15,'last_payments','rayniel','rayniel.jpg','image/jpeg','public',381667,'[]','{\"custom_headers\": []}','[]',1132,'2018-10-16 21:41:54','2018-10-16 21:41:54'),(1160,'App\\Participant',236,'photos','rsz_7foto_gafete','rsz_7foto_gafete.jpg','image/jpeg','public',9105,'[]','{\"custom_headers\": []}','[]',1133,'2018-10-16 21:42:02','2018-10-16 21:42:02'),(1162,'App\\Participant',236,'first_payments','rsz_9recibo_de_pago','rsz_9recibo_de_pago.jpg','image/jpeg','public',35000,'[]','{\"custom_headers\": []}','[]',1135,'2018-10-16 21:42:33','2018-10-16 21:42:33'),(1163,'App\\Participant',236,'last_payments','rsz_9recibo_de_pago','rsz_9recibo_de_pago.jpg','image/jpeg','public',35000,'[]','{\"custom_headers\": []}','[]',1136,'2018-10-16 21:42:33','2018-10-16 21:42:33'),(1164,'App\\Participant',17,'first_payments','jaydaline1','jaydaline1.jpg','image/jpeg','public',431702,'[]','{\"custom_headers\": []}','[]',1137,'2018-10-16 21:42:36','2018-10-16 21:42:36'),(1165,'App\\Participant',17,'last_payments','jaydaline2','jaydaline2.jpg','image/jpeg','public',318672,'[]','{\"custom_headers\": []}','[]',1138,'2018-10-16 21:42:36','2018-10-16 21:42:36'),(1168,'App\\Participant',19,'first_payments','isabella','isabella.jpg','image/jpeg','public',536379,'[]','{\"custom_headers\": []}','[]',1141,'2018-10-16 21:43:29','2018-10-16 21:43:29'),(1169,'App\\Participant',19,'last_payments','Isabela-fara;i','Isabela-fara;i.jpg','image/jpeg','public',346639,'[]','{\"custom_headers\": []}','[]',1142,'2018-10-16 21:43:29','2018-10-16 21:43:29'),(1170,'App\\Participant',272,'photos','rsz_8foto_gafete','rsz_8foto_gafete.jpg','image/jpeg','public',117643,'[]','{\"custom_headers\": []}','[]',1143,'2018-10-16 21:43:36','2018-10-16 21:43:36'),(1171,'App\\Participant',20,'first_payments','christopher1','christopher1.jpeg','image/jpeg','public',104200,'[]','{\"custom_headers\": []}','[]',1144,'2018-10-16 21:43:52','2018-10-16 21:43:52'),(1172,'App\\Participant',20,'last_payments','christopher2','christopher2.jpeg','image/jpeg','public',91287,'[]','{\"custom_headers\": []}','[]',1145,'2018-10-16 21:43:52','2018-10-16 21:43:52'),(1173,'App\\Participant',256,'photos','rsz_1foto_gafete (1)','rsz_1foto_gafete-(1).jpg','image/jpeg','public',3140,'[]','{\"custom_headers\": []}','[]',1146,'2018-10-16 21:44:20','2018-10-16 21:44:20'),(1174,'App\\Participant',256,'first_payments','rsz_10recibo_de_pago','rsz_10recibo_de_pago.jpg','image/jpeg','public',37713,'[]','{\"custom_headers\": []}','[]',1147,'2018-10-16 21:44:47','2018-10-16 21:44:47'),(1175,'App\\Participant',256,'last_payments','rsz_10recibo_de_pago','rsz_10recibo_de_pago.jpg','image/jpeg','public',37713,'[]','{\"custom_headers\": []}','[]',1148,'2018-10-16 21:44:47','2018-10-16 21:44:47'),(1177,'App\\Participant',22,'last_payments','jolette','jolette.jpg','image/jpeg','public',553436,'[]','{\"custom_headers\": []}','[]',1150,'2018-10-16 21:45:33','2018-10-16 21:45:33'),(1178,'App\\Participant',245,'photos','rsz_9foto_gafete','rsz_9foto_gafete.jpg','image/jpeg','public',18165,'[]','{\"custom_headers\": []}','[]',1151,'2018-10-16 21:45:34','2018-10-16 21:45:34'),(1180,'App\\Participant',366,'photos','IMG-20181016-WA0007','IMG-20181016-WA0007.jpg','image/jpeg','public',100101,'[]','{\"custom_headers\": []}','[]',1153,'2018-10-16 21:46:12','2018-10-16 21:46:12'),(1182,'App\\Participant',23,'first_payments','angel gabriel','angel-gabriel.jpg','image/jpeg','public',618065,'[]','{\"custom_headers\": []}','[]',1155,'2018-10-16 21:46:32','2018-10-16 21:46:32'),(1183,'App\\Participant',23,'last_payments','angel2','angel2.jpeg','image/jpeg','public',33297,'[]','{\"custom_headers\": []}','[]',1156,'2018-10-16 21:46:32','2018-10-16 21:46:32'),(1184,'App\\Participant',370,'photos','20181016_110126','20181016_110126.jpg','image/jpeg','public',320308,'[]','{\"custom_headers\": []}','[]',1157,'2018-10-16 21:46:35','2018-10-16 21:46:35'),(1185,'App\\Participant',374,'photos','20181016_105834','20181016_105834.jpg','image/jpeg','public',206225,'[]','{\"custom_headers\": []}','[]',1158,'2018-10-16 21:46:55','2018-10-16 21:46:55'),(1186,'App\\Participant',391,'photos','20181012_104019','20181012_104019.jpg','image/jpeg','public',1388863,'[]','{\"custom_headers\": []}','[]',1159,'2018-10-16 21:47:32','2018-10-16 21:47:32'),(1187,'App\\Participant',235,'photos','rsz_foto_gafete (2)','rsz_foto_gafete-(2).jpg','image/jpeg','public',9573,'[]','{\"custom_headers\": []}','[]',1160,'2018-10-16 21:48:09','2018-10-16 21:48:09'),(1188,'App\\Participant',235,'first_payments','rsz_recibo_de_pago (2)','rsz_recibo_de_pago-(2).jpg','image/jpeg','public',33608,'[]','{\"custom_headers\": []}','[]',1161,'2018-10-16 21:48:44','2018-10-16 21:48:44'),(1189,'App\\Participant',235,'last_payments','rsz_recibo_de_pago (2)','rsz_recibo_de_pago-(2).jpg','image/jpeg','public',33608,'[]','{\"custom_headers\": []}','[]',1162,'2018-10-16 21:48:44','2018-10-16 21:48:44'),(1190,'App\\Participant',28,'first_payments','mauro1','mauro1.jpeg','image/jpeg','public',60939,'[]','{\"custom_headers\": []}','[]',1163,'2018-10-16 21:49:14','2018-10-16 21:49:14'),(1191,'App\\Participant',28,'last_payments','mauro2','mauro2.jpeg','image/jpeg','public',48925,'[]','{\"custom_headers\": []}','[]',1164,'2018-10-16 21:49:14','2018-10-16 21:49:14'),(1195,'App\\Participant',394,'photos','20181012_104506','20181012_104506.jpg','image/jpeg','public',540914,'[]','{\"custom_headers\": []}','[]',1167,'2018-10-16 21:56:51','2018-10-16 21:56:51'),(1196,'App\\Participant',396,'photos','20181016_105436','20181016_105436.jpg','image/jpeg','public',305167,'[]','{\"custom_headers\": []}','[]',1168,'2018-10-16 21:57:30','2018-10-16 21:57:30'),(1197,'App\\Participant',397,'photos','IMG-20181016-WA0001','IMG-20181016-WA0001.jpg','image/jpeg','public',110269,'[]','{\"custom_headers\": []}','[]',1169,'2018-10-16 21:57:52','2018-10-16 21:57:52'),(1198,'App\\Participant',409,'photos','IMG-20181016-WA0005','IMG-20181016-WA0005.jpg','image/jpeg','public',130036,'[]','{\"custom_headers\": []}','[]',1170,'2018-10-16 21:58:08','2018-10-16 21:58:08'),(1200,'App\\Participant',419,'photos','20181012_105234','20181012_105234.jpg','image/jpeg','public',612215,'[]','{\"custom_headers\": []}','[]',1171,'2018-10-16 21:59:48','2018-10-16 21:59:48'),(1201,'App\\Participant',420,'photos','20181012_104605','20181012_104605.jpg','image/jpeg','public',593311,'[]','{\"custom_headers\": []}','[]',1172,'2018-10-16 22:01:27','2018-10-16 22:01:27'),(1202,'App\\Participant',421,'photos','IMG-20181016-WA0006','IMG-20181016-WA0006.jpg','image/jpeg','public',98107,'[]','{\"custom_headers\": []}','[]',1173,'2018-10-16 22:01:45','2018-10-16 22:01:45'),(1203,'App\\Participant',468,'photos','IMG-20181016-WA0013','IMG-20181016-WA0013.jpg','image/jpeg','public',37523,'[]','{\"custom_headers\": []}','[]',1174,'2018-10-16 22:02:12','2018-10-16 22:02:12'),(1204,'App\\Participant',468,'conduct_codes','IMG-20181016-WA0010','IMG-20181016-WA0010.jpg','image/jpeg','public',115421,'[]','{\"custom_headers\": []}','[]',1175,'2018-10-16 22:02:12','2018-10-16 22:02:12'),(1205,'App\\Participant',228,'last_payments','IMG_6025','IMG_6025.jpg','image/jpeg','public',65501,'[]','{\"custom_headers\": []}','[]',1176,'2018-10-16 22:06:26','2018-10-16 22:06:26'),(1206,'App\\Participant',229,'last_payments','IMG_6024','IMG_6024.jpg','image/jpeg','public',63404,'[]','{\"custom_headers\": []}','[]',1177,'2018-10-16 22:07:33','2018-10-16 22:07:33'),(1207,'App\\Participant',258,'photos','Image','Image.png','image/jpeg','public',65787,'[]','{\"custom_headers\": []}','[]',1178,'2018-10-16 22:13:51','2018-10-16 22:13:51'),(1208,'App\\Participant',251,'photos','Image-1','Image-1.png','image/jpeg','public',38172,'[]','{\"custom_headers\": []}','[]',1179,'2018-10-16 22:14:52','2018-10-16 22:14:52'),(1209,'App\\Participant',245,'first_payments','Recibo de Pago','Recibo-de-Pago.jpg','image/jpeg','public',296431,'[]','{\"custom_headers\": []}','[]',1180,'2018-10-16 22:16:31','2018-10-16 22:16:31'),(1210,'App\\Participant',245,'last_payments','Recibo de Pago','Recibo-de-Pago.jpg','image/jpeg','public',296431,'[]','{\"custom_headers\": []}','[]',1181,'2018-10-16 22:16:41','2018-10-16 22:16:41'),(1213,'App\\Participant',396,'first_payments','WhatsApp Image 2018-10-15 at 12.59.44 PM','WhatsApp-Image-2018-10-15-at-12.59.44-PM.jpeg','image/jpeg','public',81100,'[]','{\"custom_headers\": []}','[]',1184,'2018-10-16 22:32:00','2018-10-16 22:32:00'),(1214,'App\\Participant',396,'last_payments','WhatsApp Image 2018-10-15 at 12.59.44 PM','WhatsApp-Image-2018-10-15-at-12.59.44-PM.jpeg','image/jpeg','public',81100,'[]','{\"custom_headers\": []}','[]',1185,'2018-10-16 22:32:00','2018-10-16 22:32:00'),(1215,'App\\Participant',391,'first_payments','WhatsApp Image 2018-10-15 at 12.57.46 PM','WhatsApp-Image-2018-10-15-at-12.57.46-PM.jpeg','image/jpeg','public',112945,'[]','{\"custom_headers\": []}','[]',1186,'2018-10-16 22:35:19','2018-10-16 22:35:19'),(1216,'App\\Participant',391,'last_payments','WhatsApp Image 2018-10-15 at 12.57.46 PM','WhatsApp-Image-2018-10-15-at-12.57.46-PM.jpeg','image/jpeg','public',112945,'[]','{\"custom_headers\": []}','[]',1187,'2018-10-16 22:35:19','2018-10-16 22:35:19'),(1217,'App\\Participant',384,'first_payments','WhatsApp Image 2018-10-15 at 12.56.39 PM','WhatsApp-Image-2018-10-15-at-12.56.39-PM.jpeg','image/jpeg','public',81075,'[]','{\"custom_headers\": []}','[]',1188,'2018-10-16 22:37:11','2018-10-16 22:37:11'),(1218,'App\\Participant',384,'last_payments','WhatsApp Image 2018-10-15 at 12.56.44 PM','WhatsApp-Image-2018-10-15-at-12.56.44-PM.jpeg','image/jpeg','public',87210,'[]','{\"custom_headers\": []}','[]',1189,'2018-10-16 22:37:11','2018-10-16 22:37:11'),(1219,'App\\Participant',365,'last_payments','WhatsApp Image 2018-10-15 at 12.52.26 PM (1)','WhatsApp-Image-2018-10-15-at-12.52.26-PM-(1).jpeg','image/jpeg','public',82685,'[]','{\"custom_headers\": []}','[]',1190,'2018-10-16 22:38:44','2018-10-16 22:38:44'),(1220,'App\\Participant',365,'first_payments','WhatsApp Image 2018-10-15 at 12.52.26 PM (1)','WhatsApp-Image-2018-10-15-at-12.52.26-PM-(1).jpeg','image/jpeg','public',82685,'[]','{\"custom_headers\": []}','[]',1191,'2018-10-16 22:39:08','2018-10-16 22:39:08'),(1221,'App\\Participant',420,'first_payments','WhatsApp Image 2018-10-15 at 12.44.11 PM','WhatsApp-Image-2018-10-15-at-12.44.11-PM.jpeg','image/jpeg','public',113680,'[]','{\"custom_headers\": []}','[]',1192,'2018-10-16 22:41:16','2018-10-16 22:41:16'),(1222,'App\\Participant',420,'last_payments','WhatsApp Image 2018-10-15 at 12.44.49 PM','WhatsApp-Image-2018-10-15-at-12.44.49-PM.jpeg','image/jpeg','public',96147,'[]','{\"custom_headers\": []}','[]',1193,'2018-10-16 22:41:16','2018-10-16 22:41:16'),(1223,'App\\Participant',202,'last_payments','Alfonsina, constacias','Alfonsina,-constacias.pdf','application/pdf','public',944464,'[]','{\"custom_headers\": []}','[]',1194,'2018-10-16 22:49:10','2018-10-16 22:49:10'),(1228,'App\\Participant',86,'last_payments','IMG-20181016-WA0028','IMG-20181016-WA0028.jpg','image/jpeg','public',69147,'[]','{\"custom_headers\": []}','[]',1195,'2018-10-16 23:56:31','2018-10-16 23:56:31'),(1229,'App\\Participant',24,'first_payments','darlenys1','darlenys1.jpeg','image/jpeg','public',39254,'[]','{\"custom_headers\": []}','[]',1196,'2018-10-17 00:28:09','2018-10-17 00:28:09'),(1230,'App\\Participant',24,'last_payments','darleny2','darleny2.jpeg','image/jpeg','public',114405,'[]','{\"custom_headers\": []}','[]',1197,'2018-10-17 00:28:09','2018-10-17 00:28:09'),(1231,'App\\Participant',27,'last_payments','jorge2','jorge2.jpeg','image/jpeg','public',119052,'[]','{\"custom_headers\": []}','[]',1198,'2018-10-17 00:29:48','2018-10-17 00:29:48'),(1233,'App\\Participant',355,'first_payments','Maria Yanez 1','Maria-Yanez-1.jpeg','image/jpeg','public',103880,'[]','{\"custom_headers\": []}','[]',1200,'2018-10-17 00:41:57','2018-10-17 00:41:57'),(1234,'App\\Participant',355,'last_payments','Maria Yanez 2','Maria-Yanez-2.jpeg','image/jpeg','public',106344,'[]','{\"custom_headers\": []}','[]',1201,'2018-10-17 00:41:57','2018-10-17 00:41:57'),(1235,'App\\Participant',409,'first_payments','Camila Geraldino 1','Camila-Geraldino-1.jpeg','image/jpeg','public',110021,'[]','{\"custom_headers\": []}','[]',1202,'2018-10-17 00:46:10','2018-10-17 00:46:10'),(1236,'App\\Participant',409,'last_payments','Camila Geraldino 2','Camila-Geraldino-2.jpeg','image/jpeg','public',95414,'[]','{\"custom_headers\": []}','[]',1203,'2018-10-17 00:46:10','2018-10-17 00:46:10'),(1237,'App\\Participant',79,'last_payments','pago final cila 18','pago-final-cila-18.jpg','image/jpeg','public',73439,'[]','{\"custom_headers\": []}','[]',1204,'2018-10-17 00:52:15','2018-10-17 00:52:15'),(1242,'App\\Participant',358,'first_payments','Luira 1','Luira-1.jpg','image/jpeg','public',118132,'[]','{\"custom_headers\": []}','[]',1209,'2018-10-17 00:59:35','2018-10-17 00:59:35'),(1243,'App\\Participant',358,'last_payments','Luira 3','Luira-3.jpg','image/jpeg','public',149196,'[]','{\"custom_headers\": []}','[]',1210,'2018-10-17 00:59:35','2018-10-17 00:59:35'),(1244,'App\\Participant',359,'first_payments','Luis Polanco 1','Luis-Polanco-1.jpg','image/jpeg','public',136204,'[]','{\"custom_headers\": []}','[]',1211,'2018-10-17 01:01:55','2018-10-17 01:01:55'),(1245,'App\\Participant',359,'last_payments','Luis Polanco 2','Luis-Polanco-2.jpg','image/jpeg','public',117431,'[]','{\"custom_headers\": []}','[]',1212,'2018-10-17 01:01:55','2018-10-17 01:01:55'),(1246,'App\\Participant',363,'first_payments','Marie Taveras 1','Marie-Taveras-1.jpg','image/jpeg','public',153882,'[]','{\"custom_headers\": []}','[]',1213,'2018-10-17 01:04:39','2018-10-17 01:04:39'),(1247,'App\\Participant',363,'last_payments','Marie Taveras 2','Marie-Taveras-2.jpg','image/jpeg','public',120143,'[]','{\"custom_headers\": []}','[]',1214,'2018-10-17 01:04:39','2018-10-17 01:04:39'),(1248,'App\\Participant',369,'first_payments','Cesar Grullon 1','Cesar-Grullon-1.jpg','image/jpeg','public',151923,'[]','{\"custom_headers\": []}','[]',1215,'2018-10-17 01:06:51','2018-10-17 01:06:51'),(1251,'App\\Participant',394,'first_payments','Axcel Guzman','Axcel-Guzman.jpg','image/jpeg','public',77298,'[]','{\"custom_headers\": []}','[]',1218,'2018-10-17 01:10:17','2018-10-17 01:10:17'),(1253,'App\\Participant',397,'first_payments','Adan German','Adan-German.jpg','image/jpeg','public',130407,'[]','{\"custom_headers\": []}','[]',1220,'2018-10-17 01:12:12','2018-10-17 01:12:12'),(1254,'App\\Participant',397,'last_payments','Adan German 2','Adan-German-2.jpg','image/jpeg','public',65082,'[]','{\"custom_headers\": []}','[]',1221,'2018-10-17 01:12:12','2018-10-17 01:12:12'),(1255,'App\\Participant',419,'first_payments','Eduardo Santos 1','Eduardo-Santos-1.jpg','image/jpeg','public',106197,'[]','{\"custom_headers\": []}','[]',1222,'2018-10-17 01:14:22','2018-10-17 01:14:22'),(1256,'App\\Participant',419,'last_payments','Eduardo santos 2','Eduardo-santos-2.jpg','image/jpeg','public',73186,'[]','{\"custom_headers\": []}','[]',1223,'2018-10-17 01:14:22','2018-10-17 01:14:22'),(1257,'App\\Participant',197,'photos','SEBASTIAN','SEBASTIAN.jpeg','image/jpeg','public',62961,'[]','{\"custom_headers\": []}','[]',1224,'2018-10-17 01:16:38','2018-10-17 01:16:38'),(1261,'App\\Participant',421,'first_payments','Gabriela Roman 1','Gabriela-Roman-1.jpg','image/jpeg','public',117215,'[]','{\"custom_headers\": []}','[]',1226,'2018-10-17 01:19:01','2018-10-17 01:19:01'),(1263,'App\\Participant',103,'last_payments','TONY COMPLETO 1','TONY-COMPLETO-1.jpeg','image/jpeg','public',119716,'[]','{\"custom_headers\": []}','[]',1228,'2018-10-17 01:19:26','2018-10-17 01:19:26'),(1264,'App\\Participant',200,'photos','ERWIN','ERWIN.jpeg','image/jpeg','public',132025,'[]','{\"custom_headers\": []}','[]',1229,'2018-10-17 01:22:33','2018-10-17 01:22:33'),(1265,'App\\Participant',196,'photos','PATETE','PATETE.jpeg','image/jpeg','public',145951,'[]','{\"custom_headers\": []}','[]',1230,'2018-10-17 01:26:38','2018-10-17 01:26:38'),(1266,'App\\Participant',112,'last_payments','IMG_1211','IMG_1211.JPG','image/jpeg','public',1960811,'[]','{\"custom_headers\": []}','[]',1231,'2018-10-17 01:33:14','2018-10-17 01:33:14'),(1267,'App\\Participant',112,'conduct_codes','Screen Shot 2018-10-16 at 9.34.31 PM','Screen-Shot-2018-10-16-at-9.34.31-PM.png','image/png','public',2333191,'[]','{\"custom_headers\": []}','[]',1232,'2018-10-17 01:35:47','2018-10-17 01:35:47'),(1268,'App\\Participant',366,'first_payments','Anek del Orbe','Anek-del-Orbe.jpg','image/jpeg','public',69004,'[]','{\"custom_headers\": []}','[]',1233,'2018-10-17 01:36:08','2018-10-17 01:36:08'),(1269,'App\\Participant',366,'last_payments','Anek de la Orbe','Anek-de-la-Orbe.docx','application/vnd.openxmlformats-officedocument.wordprocessingml.document','public',308842,'[]','{\"custom_headers\": []}','[]',1234,'2018-10-17 01:36:08','2018-10-17 01:36:08'),(1270,'App\\Participant',196,'last_payments','DIGO PATETE COMPLETO','DIGO-PATETE-COMPLETO.jpeg','image/jpeg','public',220845,'[]','{\"custom_headers\": []}','[]',1235,'2018-10-17 01:37:51','2018-10-17 01:37:51'),(1271,'App\\Participant',15,'first_payments','raynier1','raynier1.jpeg','image/jpeg','public',44519,'[]','{\"custom_headers\": []}','[]',1236,'2018-10-17 01:38:07','2018-10-17 01:38:07'),(1272,'App\\Participant',360,'first_payments','Armando Estrella','Armando-Estrella.jpg','image/jpeg','public',150512,'[]','{\"custom_headers\": []}','[]',1237,'2018-10-17 01:38:17','2018-10-17 01:38:17'),(1273,'App\\Participant',360,'last_payments','Armando Estrella','Armando-Estrella.docx','application/vnd.openxmlformats-officedocument.wordprocessingml.document','public',1870019,'[]','{\"custom_headers\": []}','[]',1238,'2018-10-17 01:38:17','2018-10-17 01:38:17'),(1274,'App\\Participant',345,'first_payments','arly1','arly1.jpeg','image/jpeg','public',68650,'[]','{\"custom_headers\": []}','[]',1239,'2018-10-17 01:40:31','2018-10-17 01:40:31'),(1275,'App\\Participant',110,'last_payments','SAEED COMPLETO','SAEED-COMPLETO.jpeg','image/jpeg','public',61533,'[]','{\"custom_headers\": []}','[]',1240,'2018-10-17 01:40:56','2018-10-17 01:40:56'),(1276,'App\\Participant',346,'first_payments','edison1','edison1.jpeg','image/jpeg','public',75324,'[]','{\"custom_headers\": []}','[]',1241,'2018-10-17 01:40:57','2018-10-17 01:40:57'),(1277,'App\\Participant',394,'last_payments','axcel guzman','axcel-guzman.docx','application/vnd.openxmlformats-officedocument.wordprocessingml.document','public',1046610,'[]','{\"custom_headers\": []}','[]',1242,'2018-10-17 01:41:35','2018-10-17 01:41:35'),(1278,'App\\Participant',377,'last_payments','bruno villani','bruno-villani.docx','application/vnd.openxmlformats-officedocument.wordprocessingml.document','public',2114631,'[]','{\"custom_headers\": []}','[]',1243,'2018-10-17 01:43:01','2018-10-17 01:43:01'),(1279,'App\\Participant',468,'last_payments','David Ramon','David-Ramon.docx','application/vnd.openxmlformats-officedocument.wordprocessingml.document','public',1646325,'[]','{\"custom_headers\": []}','[]',1244,'2018-10-17 01:45:51','2018-10-17 01:45:51'),(1280,'App\\Participant',356,'last_payments','Emilio Socias','Emilio-Socias.docx','application/vnd.openxmlformats-officedocument.wordprocessingml.document','public',1787813,'[]','{\"custom_headers\": []}','[]',1245,'2018-10-17 01:47:05','2018-10-17 01:47:05'),(1281,'App\\Participant',421,'last_payments','Gabriela Roman','Gabriela-Roman.docx','application/vnd.openxmlformats-officedocument.wordprocessingml.document','public',1758521,'[]','{\"custom_headers\": []}','[]',1246,'2018-10-17 01:50:03','2018-10-17 01:50:03'),(1282,'App\\Participant',386,'photos','profe eliana','profe-eliana.jpeg','image/jpeg','public',66699,'[]','{\"custom_headers\": []}','[]',1247,'2018-10-17 01:50:32','2018-10-17 01:50:32'),(1283,'App\\Participant',111,'last_payments','carlos completo 1','carlos-completo-1.jpeg','image/jpeg','public',241146,'[]','{\"custom_headers\": []}','[]',1248,'2018-10-17 01:51:42','2018-10-17 01:51:42'),(1284,'App\\Participant',113,'last_payments','0b276b5d-1b9a-4e37-8329-feabb1f259d7','0b276b5d-1b9a-4e37-8329-feabb1f259d7.JPG','image/jpeg','public',72427,'[]','{\"custom_headers\": []}','[]',1249,'2018-10-17 01:54:36','2018-10-17 01:54:36'),(1285,'App\\Participant',114,'last_payments','JOHAN COMPLETO','JOHAN-COMPLETO.jpeg','image/jpeg','public',198184,'[]','{\"custom_headers\": []}','[]',1250,'2018-10-17 01:56:36','2018-10-17 01:56:36'),(1288,'App\\Participant',115,'last_payments','096f5087-92c6-4490-8014-558fa31cb2d1 2','096f5087-92c6-4490-8014-558fa31cb2d1-2.JPG','image/jpeg','public',64974,'[]','{\"custom_headers\": []}','[]',1252,'2018-10-17 02:03:05','2018-10-17 02:03:05'),(1290,'App\\Participant',118,'last_payments','PERLA COMPLETO','PERLA-COMPLETO.jpeg','image/jpeg','public',161065,'[]','{\"custom_headers\": []}','[]',1254,'2018-10-17 02:07:10','2018-10-17 02:07:10'),(1292,'App\\Participant',154,'conduct_codes','IMG_7781','IMG_7781.JPG','image/jpeg','public',2768028,'[]','{\"custom_headers\": []}','[]',1255,'2018-10-17 02:13:26','2018-10-17 02:13:26'),(1294,'App\\Participant',157,'last_payments','IMG_0579','IMG_0579.JPG','image/jpeg','public',3090621,'[]','{\"custom_headers\": []}','[]',1257,'2018-10-17 02:18:35','2018-10-17 02:18:35'),(1295,'App\\Participant',154,'first_payments','b53ad187-4947-47d0-8465-c41790316dcc','b53ad187-4947-47d0-8465-c41790316dcc.JPG','image/jpeg','public',128995,'[]','{\"custom_headers\": []}','[]',1258,'2018-10-17 02:20:47','2018-10-17 02:20:47'),(1297,'App\\Participant',188,'first_payments','Screen Shot 2018-10-16 at 10.29.07 PM','Screen-Shot-2018-10-16-at-10.29.07-PM.png','image/png','public',7258,'[]','{\"custom_headers\": []}','[]',1259,'2018-10-17 02:29:37','2018-10-17 02:29:37'),(1298,'App\\Participant',188,'last_payments','Screen Shot 2018-10-16 at 10.29.07 PM','Screen-Shot-2018-10-16-at-10.29.07-PM.png','image/png','public',7258,'[]','{\"custom_headers\": []}','[]',1260,'2018-10-17 02:29:37','2018-10-17 02:29:37'),(1299,'App\\Participant',188,'conduct_codes','IMG_4362','IMG_4362.JPG','image/jpeg','public',2905899,'[]','{\"custom_headers\": []}','[]',1261,'2018-10-17 02:30:36','2018-10-17 02:30:36'),(1300,'App\\Participant',102,'first_payments','IMG_4306','IMG_4306.JPG','image/jpeg','public',2903564,'[]','{\"custom_headers\": []}','[]',1262,'2018-10-17 02:32:50','2018-10-17 02:32:50'),(1301,'App\\Participant',189,'last_payments','rut COMPLETO','rut-COMPLETO.jpeg','image/jpeg','public',118693,'[]','{\"custom_headers\": []}','[]',1263,'2018-10-17 02:34:05','2018-10-17 02:34:05'),(1302,'App\\Participant',190,'first_payments','Screen Shot 2018-10-16 at 10.35.15 PM','Screen-Shot-2018-10-16-at-10.35.15-PM.png','image/png','public',510130,'[]','{\"custom_headers\": []}','[]',1264,'2018-10-17 02:35:35','2018-10-17 02:35:35'),(1303,'App\\Participant',192,'first_payments','ALEXA INSCRIPCION','ALEXA-INSCRIPCION.jpeg','image/jpeg','public',197510,'[]','{\"custom_headers\": []}','[]',1265,'2018-10-17 02:38:39','2018-10-17 02:38:39'),(1304,'App\\Participant',194,'last_payments','ANA KARINA COMPLETO','ANA-KARINA-COMPLETO.jpeg','image/jpeg','public',217515,'[]','{\"custom_headers\": []}','[]',1266,'2018-10-17 02:40:11','2018-10-17 02:40:11'),(1305,'App\\Participant',207,'photos','WhatsApp Image 2018-10-16 at 10.21.07 PM','WhatsApp-Image-2018-10-16-at-10.21.07-PM.jpeg','image/jpeg','public',22595,'[]','{\"custom_headers\": []}','[]',1267,'2018-10-17 02:40:55','2018-10-17 02:40:55'),(1306,'App\\Participant',198,'last_payments','JOAQUIN MANON COMPLETO','JOAQUIN-MANON-COMPLETO.jpeg','image/jpeg','public',181528,'[]','{\"custom_headers\": []}','[]',1268,'2018-10-17 02:43:34','2018-10-17 02:43:34'),(1308,'App\\Participant',199,'last_payments','JOSE EMILIO COMPLETO','JOSE-EMILIO-COMPLETO.jpeg','image/jpeg','public',87841,'[]','{\"custom_headers\": []}','[]',1270,'2018-10-17 02:48:19','2018-10-17 02:48:19'),(1309,'App\\Participant',208,'photos','rd','rd.jpg','image/jpeg','public',28608,'[]','{\"custom_headers\": []}','[]',1271,'2018-10-17 02:49:10','2018-10-17 02:49:10'),(1310,'App\\Participant',200,'last_payments','erwin novas completo','erwin-novas-completo.jpeg','image/jpeg','public',76123,'[]','{\"custom_headers\": []}','[]',1272,'2018-10-17 02:51:14','2018-10-17 02:51:14'),(1311,'App\\Participant',197,'first_payments','Screen Shot 2018-10-16 at 10.29.07 PM','Screen-Shot-2018-10-16-at-10.29.07-PM.png','image/png','public',7258,'[]','{\"custom_headers\": []}','[]',1273,'2018-10-17 03:13:12','2018-10-17 03:13:12'),(1313,'App\\Participant',197,'last_payments','SEBASTIAN MANON COMPLETIVO','SEBASTIAN-MANON-COMPLETIVO.jpeg','image/jpeg','public',135402,'[]','{\"custom_headers\": []}','[]',1274,'2018-10-17 03:13:40','2018-10-17 03:13:40'),(1314,'App\\Participant',155,'last_payments','IMG_0443','IMG_0443.JPG','image/jpeg','public',1490017,'[]','{\"custom_headers\": []}','[]',1275,'2018-10-17 04:18:15','2018-10-17 04:18:15'),(1315,'App\\Participant',104,'last_payments','Screen Shot 2018-10-17 at 12.30.34 AM','Screen-Shot-2018-10-17-at-12.30.34-AM.png','image/png','public',4187,'[]','{\"custom_headers\": []}','[]',1276,'2018-10-17 04:30:52','2018-10-17 04:30:52'),(1316,'App\\Participant',118,'first_payments','Perla Inscrip','Perla-Inscrip.jpeg','image/jpeg','public',41422,'[]','{\"custom_headers\": []}','[]',1277,'2018-10-17 05:08:53','2018-10-17 05:08:53'),(1317,'App\\Participant',45,'last_payments','IMG-20181016-WA0068','IMG-20181016-WA0068.jpg','image/jpeg','public',68242,'[]','{\"custom_headers\": []}','[]',1278,'2018-10-17 11:22:43','2018-10-17 11:22:43'),(1318,'App\\Participant',46,'last_payments','IMG-20181016-WA0064','IMG-20181016-WA0064.jpg','image/jpeg','public',72590,'[]','{\"custom_headers\": []}','[]',1279,'2018-10-17 11:28:14','2018-10-17 11:28:14'),(1320,'App\\Participant',470,'photos','rsz_photo_diego_sartori','rsz_photo_diego_sartori.jpg','image/jpeg','public',28426,'[]','{\"custom_headers\": []}','[]',1281,'2018-10-17 11:42:13','2018-10-17 11:42:13'),(1321,'App\\Participant',470,'conduct_codes','Autorización Diego Sartori (1)','Autorización-Diego-Sartori-(1).pdf','application/pdf','public',610080,'[]','{\"custom_headers\": []}','[]',1282,'2018-10-17 11:42:13','2018-10-17 11:42:13'),(1322,'App\\Participant',470,'first_payments','Comprobante restante','Comprobante-restante.jpeg','image/jpeg','public',61058,'[]','{\"custom_headers\": []}','[]',1283,'2018-10-17 11:42:13','2018-10-17 11:42:13'),(1324,'App\\Participant',117,'conduct_codes','Charlotte Duquela','Charlotte-Duquela.pdf','application/pdf','public',65849,'[]','{\"custom_headers\": []}','[]',1285,'2018-10-17 12:00:23','2018-10-17 12:00:23'),(1325,'App\\Participant',471,'photos','Ekaterina','Ekaterina.jpg','image/jpeg','public',21763,'[]','{\"custom_headers\": []}','[]',1286,'2018-10-17 12:00:26','2018-10-17 12:00:26'),(1326,'App\\Participant',471,'conduct_codes','Autorizacion Ekaterina','Autorizacion-Ekaterina.pdf','application/pdf','public',600203,'[]','{\"custom_headers\": []}','[]',1287,'2018-10-17 12:00:26','2018-10-17 12:00:26'),(1327,'App\\Participant',471,'last_payments','Pago completo Ekaterina Perez','Pago-completo-Ekaterina-Perez.jpg','image/jpeg','public',4017505,'[]','{\"custom_headers\": []}','[]',1288,'2018-10-17 12:00:26','2018-10-17 12:00:26'),(1328,'App\\Participant',119,'conduct_codes','Laura Garrido','Laura-Garrido.pdf','application/pdf','public',327619,'[]','{\"custom_headers\": []}','[]',1289,'2018-10-17 12:08:43','2018-10-17 12:08:43'),(1330,'App\\Participant',120,'conduct_codes','Leonardo Moro','Leonardo-Moro.pdf','application/pdf','public',330370,'[]','{\"custom_headers\": []}','[]',1291,'2018-10-17 12:11:42','2018-10-17 12:11:42'),(1332,'App\\Participant',121,'conduct_codes','Maia Silfa','Maia-Silfa.pdf','application/pdf','public',340509,'[]','{\"custom_headers\": []}','[]',1293,'2018-10-17 12:13:09','2018-10-17 12:13:09'),(1333,'App\\Participant',122,'photos','PHOTO-2018-10-15-09-54-19','PHOTO-2018-10-15-09-54-19.jpg','image/jpeg','public',73809,'[]','{\"custom_headers\": []}','[]',1294,'2018-10-17 12:15:10','2018-10-17 12:15:10'),(1335,'App\\Participant',123,'conduct_codes','Angelica Mota','Angelica-Mota.pdf','application/pdf','public',332009,'[]','{\"custom_headers\": []}','[]',1296,'2018-10-17 12:16:13','2018-10-17 12:16:13'),(1336,'App\\Participant',124,'photos','PHOTO-2018-10-15-09-54-18 (4)','PHOTO-2018-10-15-09-54-18-(4).jpg','image/jpeg','public',72734,'[]','{\"custom_headers\": []}','[]',1297,'2018-10-17 12:17:33','2018-10-17 12:17:33'),(1337,'App\\Participant',124,'conduct_codes','Xavier Penalo','Xavier-Penalo.pdf','application/pdf','public',327628,'[]','{\"custom_headers\": []}','[]',1298,'2018-10-17 12:17:33','2018-10-17 12:17:33'),(1339,'App\\Participant',125,'conduct_codes','Saul Penalo','Saul-Penalo.pdf','application/pdf','public',333613,'[]','{\"custom_headers\": []}','[]',1300,'2018-10-17 12:18:35','2018-10-17 12:18:35'),(1340,'App\\Participant',126,'conduct_codes','Jordania Lopez','Jordania-Lopez.pdf','application/pdf','public',334459,'[]','{\"custom_headers\": []}','[]',1301,'2018-10-17 12:20:10','2018-10-17 12:20:10'),(1342,'App\\Participant',127,'conduct_codes','Chantal De La Rosa','Chantal-De-La-Rosa.pdf','application/pdf','public',329398,'[]','{\"custom_headers\": []}','[]',1303,'2018-10-17 12:21:15','2018-10-17 12:21:15'),(1344,'App\\Participant',128,'conduct_codes','Maria A. Cornelio','Maria-A.-Cornelio.pdf','application/pdf','public',330456,'[]','{\"custom_headers\": []}','[]',1305,'2018-10-17 12:22:00','2018-10-17 12:22:00'),(1346,'App\\Participant',129,'conduct_codes','Constanza Lazo','Constanza-Lazo.pdf','application/pdf','public',329840,'[]','{\"custom_headers\": []}','[]',1307,'2018-10-17 12:28:05','2018-10-17 12:28:05'),(1347,'App\\Participant',472,'photos','ashley','ashley.jpeg','image/jpeg','public',46394,'[]','{\"custom_headers\": []}','[]',1308,'2018-10-17 12:39:15','2018-10-17 12:39:15'),(1348,'App\\Participant',473,'photos','emely','emely.jpeg','image/jpeg','public',115482,'[]','{\"custom_headers\": []}','[]',1309,'2018-10-17 12:48:35','2018-10-17 12:48:35'),(1352,'App\\Participant',130,'conduct_codes','Valentina Salazar','Valentina-Salazar.pdf','application/pdf','public',338439,'[]','{\"custom_headers\": []}','[]',1311,'2018-10-17 12:51:06','2018-10-17 12:51:06'),(1353,'App\\Participant',474,'photos','julio','julio.jpeg','image/jpeg','public',109816,'[]','{\"custom_headers\": []}','[]',1312,'2018-10-17 12:51:42','2018-10-17 12:51:42'),(1355,'App\\Participant',131,'conduct_codes','Girish Nawani','Girish-Nawani.pdf','application/pdf','public',331257,'[]','{\"custom_headers\": []}','[]',1314,'2018-10-17 12:56:32','2018-10-17 12:56:32'),(1356,'App\\Participant',132,'conduct_codes','Sebastian Torres','Sebastian-Torres.pdf','application/pdf','public',331419,'[]','{\"custom_headers\": []}','[]',1315,'2018-10-17 12:57:47','2018-10-17 12:57:47'),(1357,'App\\Participant',475,'photos','perla','perla.jpeg','image/jpeg','public',86079,'[]','{\"custom_headers\": []}','[]',1316,'2018-10-17 12:58:38','2018-10-17 12:58:38'),(1359,'App\\Participant',54,'photos','david','david.jpeg','image/jpeg','public',93880,'[]','{\"custom_headers\": []}','[]',1317,'2018-10-17 12:59:13','2018-10-17 12:59:13'),(1361,'App\\Participant',55,'photos','amelia','amelia.jpeg','image/jpeg','public',118583,'[]','{\"custom_headers\": []}','[]',1318,'2018-10-17 13:00:21','2018-10-17 13:00:21'),(1362,'App\\Participant',58,'photos','jeremy','jeremy.jpeg','image/jpeg','public',105115,'[]','{\"custom_headers\": []}','[]',1319,'2018-10-17 13:01:22','2018-10-17 13:01:22'),(1363,'App\\Participant',60,'photos','alexa','alexa.jpeg','image/jpeg','public',104686,'[]','{\"custom_headers\": []}','[]',1320,'2018-10-17 13:01:43','2018-10-17 13:01:43'),(1365,'App\\Participant',61,'photos','cris','cris.jpeg','image/jpeg','public',105220,'[]','{\"custom_headers\": []}','[]',1321,'2018-10-17 13:05:24','2018-10-17 13:05:24'),(1366,'App\\Participant',57,'photos','mini omar','mini-omar.jpeg','image/jpeg','public',52657,'[]','{\"custom_headers\": []}','[]',1322,'2018-10-17 13:05:57','2018-10-17 13:05:57'),(1367,'App\\Participant',62,'photos','alejandra','alejandra.jpeg','image/jpeg','public',86239,'[]','{\"custom_headers\": []}','[]',1323,'2018-10-17 13:07:03','2018-10-17 13:07:03'),(1368,'App\\Participant',64,'photos','laura','laura.jpeg','image/jpeg','public',103782,'[]','{\"custom_headers\": []}','[]',1324,'2018-10-17 13:07:43','2018-10-17 13:07:43'),(1369,'App\\Participant',65,'photos','virg','virg.jpeg','image/jpeg','public',101903,'[]','{\"custom_headers\": []}','[]',1325,'2018-10-17 13:08:17','2018-10-17 13:08:17'),(1371,'App\\Participant',133,'conduct_codes','Elena Graciano','Elena-Graciano.pdf','application/pdf','public',334095,'[]','{\"custom_headers\": []}','[]',1327,'2018-10-17 13:08:32','2018-10-17 13:08:32'),(1372,'App\\Participant',66,'photos','omar m','omar-m.jpeg','image/jpeg','public',106758,'[]','{\"custom_headers\": []}','[]',1328,'2018-10-17 13:09:00','2018-10-17 13:09:00'),(1373,'App\\Participant',67,'photos','elia','elia.jpeg','image/jpeg','public',104385,'[]','{\"custom_headers\": []}','[]',1329,'2018-10-17 13:09:29','2018-10-17 13:09:29'),(1375,'App\\Participant',134,'conduct_codes','Paula Parets','Paula-Parets.pdf','application/pdf','public',342739,'[]','{\"custom_headers\": []}','[]',1331,'2018-10-17 13:09:43','2018-10-17 13:09:43'),(1376,'App\\Participant',68,'photos','javier','javier.jpeg','image/jpeg','public',109712,'[]','{\"custom_headers\": []}','[]',1332,'2018-10-17 13:10:02','2018-10-17 13:10:02'),(1377,'App\\Participant',69,'photos','jazmin','jazmin.jpeg','image/jpeg','public',104006,'[]','{\"custom_headers\": []}','[]',1333,'2018-10-17 13:10:28','2018-10-17 13:10:28'),(1379,'App\\Participant',70,'photos','kiamely','kiamely.jpeg','image/jpeg','public',92727,'[]','{\"custom_headers\": []}','[]',1334,'2018-10-17 13:10:56','2018-10-17 13:10:56'),(1381,'App\\Participant',71,'photos','alina','alina.jpeg','image/jpeg','public',102433,'[]','{\"custom_headers\": []}','[]',1336,'2018-10-17 13:11:22','2018-10-17 13:11:22'),(1382,'App\\Participant',72,'photos','johan','johan.jpeg','image/jpeg','public',109798,'[]','{\"custom_headers\": []}','[]',1337,'2018-10-17 13:12:18','2018-10-17 13:12:18'),(1383,'App\\Participant',73,'photos','km','km.jpeg','image/jpeg','public',111557,'[]','{\"custom_headers\": []}','[]',1338,'2018-10-17 13:12:51','2018-10-17 13:12:51'),(1384,'App\\Participant',74,'photos','nicolle','nicolle.jpeg','image/jpeg','public',99616,'[]','{\"custom_headers\": []}','[]',1339,'2018-10-17 13:13:21','2018-10-17 13:13:21'),(1386,'App\\Participant',75,'photos','guille','guille.jpeg','image/jpeg','public',111848,'[]','{\"custom_headers\": []}','[]',1340,'2018-10-17 13:15:00','2018-10-17 13:15:00'),(1389,'App\\Participant',137,'conduct_codes','Saul Jenkins','Saul-Jenkins.pdf','application/pdf','public',334120,'[]','{\"custom_headers\": []}','[]',1342,'2018-10-17 13:18:08','2018-10-17 13:18:08'),(1391,'App\\Participant',139,'conduct_codes','Javier De Parada','Javier-De-Parada.pdf','application/pdf','public',330266,'[]','{\"custom_headers\": []}','[]',1344,'2018-10-17 13:20:03','2018-10-17 13:20:03'),(1392,'App\\Participant',140,'photos','PHOTO-2018-10-15-09-54-18 (2)','PHOTO-2018-10-15-09-54-18-(2).jpg','image/jpeg','public',96924,'[]','{\"custom_headers\": []}','[]',1345,'2018-10-17 13:21:45','2018-10-17 13:21:45'),(1393,'App\\Participant',140,'conduct_codes','Mia Castellanos','Mia-Castellanos.pdf','application/pdf','public',329930,'[]','{\"custom_headers\": []}','[]',1346,'2018-10-17 13:21:45','2018-10-17 13:21:45'),(1395,'App\\Participant',223,'conduct_codes','Triana 001','Triana-001.jpg','image/jpeg','public',820865,'[]','{\"custom_headers\": []}','[]',1348,'2018-10-17 13:23:12','2018-10-17 13:23:12'),(1400,'App\\Participant',143,'conduct_codes','Luca Portela','Luca-Portela.pdf','application/pdf','public',345097,'[]','{\"custom_headers\": []}','[]',1351,'2018-10-17 13:44:19','2018-10-17 13:44:19'),(1401,'App\\Participant',144,'conduct_codes','Luis Fernandez Montas','Luis-Fernandez-Montas.pdf','application/pdf','public',335381,'[]','{\"custom_headers\": []}','[]',1352,'2018-10-17 13:45:28','2018-10-17 13:45:28'),(1403,'App\\Participant',145,'conduct_codes','Fabrizio Saputelli','Fabrizio-Saputelli.pdf','application/pdf','public',334341,'[]','{\"custom_headers\": []}','[]',1354,'2018-10-17 13:47:02','2018-10-17 13:47:02'),(1409,'App\\Participant',476,'photos','Amira_edited','Amira_edited.jpg','image/jpeg','public',23546,'[]','{\"custom_headers\": []}','[]',1356,'2018-10-17 14:03:54','2018-10-17 14:03:54'),(1410,'App\\Participant',476,'conduct_codes','Autorizacion Amira Cheng','Autorizacion-Amira-Cheng.pdf','application/pdf','public',671875,'[]','{\"custom_headers\": []}','[]',1357,'2018-10-17 14:03:54','2018-10-17 14:03:54'),(1411,'App\\Participant',476,'first_payments','Pago 1 de Rosa Cornielle y Amira Cheng','Pago-1-de-Rosa-Cornielle-y-Amira-Cheng.jpg','image/jpeg','public',3223127,'[]','{\"custom_headers\": []}','[]',1358,'2018-10-17 14:03:54','2018-10-17 14:03:54'),(1412,'App\\Participant',476,'last_payments','Pago 2 Amira Cheng','Pago-2-Amira-Cheng.jpg','image/jpeg','public',3387234,'[]','{\"custom_headers\": []}','[]',1359,'2018-10-17 14:03:54','2018-10-17 14:03:54'),(1414,'App\\Participant',146,'conduct_codes','Hector Rochell','Hector-Rochell.pdf','application/pdf','public',325668,'[]','{\"custom_headers\": []}','[]',1361,'2018-10-17 14:12:53','2018-10-17 14:12:53'),(1415,'App\\Participant',477,'photos','Ambar 2','Ambar-2.jpg','image/jpeg','public',16767,'[]','{\"custom_headers\": []}','[]',1362,'2018-10-17 14:13:37','2018-10-17 14:13:37'),(1416,'App\\Participant',477,'conduct_codes','Autorización Ambar Maria','Autorización-Ambar-Maria.pdf','application/pdf','public',1880449,'[]','{\"custom_headers\": []}','[]',1363,'2018-10-17 14:13:37','2018-10-17 14:13:37'),(1417,'App\\Participant',477,'first_payments','Pago completo de Ambar María','Pago-completo-de-Ambar-María.pdf','application/pdf','public',150986,'[]','{\"custom_headers\": []}','[]',1364,'2018-10-17 14:13:37','2018-10-17 14:13:37'),(1419,'App\\Participant',147,'conduct_codes','Melissa Cuello','Melissa-Cuello.pdf','application/pdf','public',331459,'[]','{\"custom_headers\": []}','[]',1366,'2018-10-17 14:13:44','2018-10-17 14:13:44'),(1420,'App\\Participant',148,'photos','PHOTO-2018-10-15-09-54-17 (1)','PHOTO-2018-10-15-09-54-17-(1).jpg','image/jpeg','public',67326,'[]','{\"custom_headers\": []}','[]',1367,'2018-10-17 14:15:00','2018-10-17 14:15:00'),(1421,'App\\Participant',148,'conduct_codes','Cloe Chapotot','Cloe-Chapotot.pdf','application/pdf','public',330356,'[]','{\"custom_headers\": []}','[]',1368,'2018-10-17 14:15:00','2018-10-17 14:15:00'),(1422,'App\\Participant',478,'photos','rsz_gabriel_','rsz_gabriel_.jpg','image/jpeg','public',12536,'[]','{\"custom_headers\": []}','[]',1369,'2018-10-17 14:21:02','2018-10-17 14:21:02'),(1423,'App\\Participant',478,'conduct_codes','Autorización Gabriel Aracena (1)','Autorización-Gabriel-Aracena-(1).pdf','application/pdf','public',611788,'[]','{\"custom_headers\": []}','[]',1370,'2018-10-17 14:21:02','2018-10-17 14:21:02'),(1424,'App\\Participant',478,'first_payments','Pago 1 Gabriel Aracena','Pago-1-Gabriel-Aracena.pdf','application/pdf','public',139342,'[]','{\"custom_headers\": []}','[]',1371,'2018-10-17 14:21:02','2018-10-17 14:21:02'),(1425,'App\\Participant',478,'last_payments','Pago 2 Gabriel Aracena','Pago-2-Gabriel-Aracena.pdf','application/pdf','public',157440,'[]','{\"custom_headers\": []}','[]',1372,'2018-10-17 14:21:02','2018-10-17 14:21:02'),(1426,'App\\Participant',149,'photos','Emil','Emil.png','image/png','public',1029543,'[]','{\"custom_headers\": []}','[]',1373,'2018-10-17 14:21:29','2018-10-17 14:21:29'),(1427,'App\\Participant',149,'conduct_codes','Emil Medina','Emil-Medina.pdf','application/pdf','public',330895,'[]','{\"custom_headers\": []}','[]',1374,'2018-10-17 14:21:29','2018-10-17 14:21:29'),(1428,'App\\Participant',150,'photos','PHOTO-2018-10-15-09-54-17 (2)','PHOTO-2018-10-15-09-54-17-(2).jpg','image/jpeg','public',102154,'[]','{\"custom_headers\": []}','[]',1375,'2018-10-17 14:22:10','2018-10-17 14:22:10'),(1429,'App\\Participant',150,'conduct_codes','Adriana Sanchez','Adriana-Sanchez.pdf','application/pdf','public',331860,'[]','{\"custom_headers\": []}','[]',1376,'2018-10-17 14:22:10','2018-10-17 14:22:10'),(1431,'App\\Participant',151,'conduct_codes','Erik Fuentes','Erik-Fuentes.pdf','application/pdf','public',336906,'[]','{\"custom_headers\": []}','[]',1378,'2018-10-17 14:23:07','2018-10-17 14:23:07'),(1432,'App\\Participant',117,'photos','IMG_3153 (1)','IMG_3153-(1).jpg','image/jpeg','public',440114,'[]','{\"custom_headers\": []}','[]',1379,'2018-10-17 14:23:33','2018-10-17 14:23:33'),(1433,'App\\Participant',152,'conduct_codes','Maria Guerra','Maria-Guerra.pdf','application/pdf','public',65601,'[]','{\"custom_headers\": []}','[]',1380,'2018-10-17 14:25:16','2018-10-17 14:25:16'),(1435,'App\\Participant',153,'conduct_codes','Luna Fernandez','Luna-Fernandez.pdf','application/pdf','public',65499,'[]','{\"custom_headers\": []}','[]',1382,'2018-10-17 14:26:24','2018-10-17 14:26:24'),(1436,'App\\Participant',479,'photos','Rossy','Rossy.jpg','image/jpeg','public',159104,'[]','{\"custom_headers\": []}','[]',1383,'2018-10-17 14:26:51','2018-10-17 14:26:51'),(1437,'App\\Participant',479,'conduct_codes','Autorización Rossy Báez (1)','Autorización-Rossy-Báez-(1).pdf','application/pdf','public',673622,'[]','{\"custom_headers\": []}','[]',1384,'2018-10-17 14:26:51','2018-10-17 14:26:51'),(1438,'App\\Participant',479,'first_payments','Pago 1 Rossy Baez','Pago-1-Rossy-Baez.pdf','application/pdf','public',498908,'[]','{\"custom_headers\": []}','[]',1385,'2018-10-17 14:26:51','2018-10-17 14:26:51'),(1439,'App\\Participant',479,'last_payments','Pago Completivo  Rossy Báez','Pago-Completivo--Rossy-Báez.pdf','application/pdf','public',500586,'[]','{\"custom_headers\": []}','[]',1386,'2018-10-17 14:26:51','2018-10-17 14:26:51'),(1441,'App\\Participant',116,'conduct_codes','Jossette Cuello','Jossette-Cuello.pdf','application/pdf','public',335861,'[]','{\"custom_headers\": []}','[]',1388,'2018-10-17 14:27:28','2018-10-17 14:27:28'),(1442,'App\\Participant',116,'photos','Jossette Cuello','Jossette-Cuello.jpg','image/jpeg','public',92382,'[]','{\"custom_headers\": []}','[]',1389,'2018-10-17 14:29:04','2018-10-17 14:29:04'),(1443,'App\\Participant',127,'photos','Chantal De la Rosa','Chantal-De-la-Rosa.jpg','image/jpeg','public',75309,'[]','{\"custom_headers\": []}','[]',1390,'2018-10-17 14:32:18','2018-10-17 14:32:18'),(1444,'App\\Participant',410,'conduct_codes','REY','REY.jpg','image/jpeg','public',806083,'[]','{\"custom_headers\": []}','[]',1391,'2018-10-17 14:39:04','2018-10-17 14:39:04'),(1445,'App\\Participant',424,'conduct_codes','001','001.jpg','image/jpeg','public',839625,'[]','{\"custom_headers\": []}','[]',1392,'2018-10-17 14:40:54','2018-10-17 14:40:54'),(1446,'App\\Participant',428,'conduct_codes','Randy02','Randy02.jpg','image/jpeg','public',843552,'[]','{\"custom_headers\": []}','[]',1393,'2018-10-17 14:42:03','2018-10-17 14:42:03'),(1447,'App\\Participant',480,'photos','Ashley Hernández','Ashley-Hernández.jpg','image/jpeg','public',14612,'[]','{\"custom_headers\": []}','[]',1394,'2018-10-17 14:42:09','2018-10-17 14:42:09'),(1448,'App\\Participant',480,'conduct_codes','Autorización Ashley Hernandez','Autorización-Ashley-Hernandez.pdf','application/pdf','public',601911,'[]','{\"custom_headers\": []}','[]',1395,'2018-10-17 14:42:09','2018-10-17 14:42:09'),(1449,'App\\Participant',480,'first_payments','Pago 1 Ashley Hernandez','Pago-1-Ashley-Hernandez.jpg','image/jpeg','public',3245489,'[]','{\"custom_headers\": []}','[]',1396,'2018-10-17 14:42:09','2018-10-17 14:42:09'),(1450,'App\\Participant',480,'last_payments','Pago 2 Ashley Hernandez','Pago-2-Ashley-Hernandez.png','image/png','public',2156005,'[]','{\"custom_headers\": []}','[]',1397,'2018-10-17 14:42:09','2018-10-17 14:42:09'),(1451,'App\\Participant',133,'photos','IMG_3160 (1)','IMG_3160-(1).jpg','image/jpeg','public',552567,'[]','{\"custom_headers\": []}','[]',1398,'2018-10-17 14:42:37','2018-10-17 14:42:37'),(1452,'App\\Participant',429,'conduct_codes','JHON','JHON.jpg','image/jpeg','public',819506,'[]','{\"custom_headers\": []}','[]',1399,'2018-10-17 14:42:51','2018-10-17 14:42:51'),(1453,'App\\Participant',259,'photos','035-Juan-Antonio-Suberví (1)','035-Juan-Antonio-Suberví-(1).jpg','image/jpeg','public',125495,'[]','{\"custom_headers\": []}','[]',1400,'2018-10-17 14:49:14','2018-10-17 14:49:14'),(1454,'App\\Participant',407,'photos','BETSY CILA','BETSY-CILA.jpg','image/jpeg','public',215173,'[]','{\"custom_headers\": []}','[]',1401,'2018-10-17 14:49:17','2018-10-17 14:49:17'),(1455,'App\\Participant',410,'photos','REY CILA','REY-CILA.jpg','image/jpeg','public',160802,'[]','{\"custom_headers\": []}','[]',1402,'2018-10-17 14:49:54','2018-10-17 14:49:54'),(1456,'App\\Participant',424,'photos','Adilssa CILA','Adilssa-CILA.jpg','image/jpeg','public',225586,'[]','{\"custom_headers\": []}','[]',1403,'2018-10-17 14:50:26','2018-10-17 14:50:26'),(1457,'App\\Participant',428,'photos','RANDY CILA','RANDY-CILA.jpg','image/jpeg','public',133847,'[]','{\"custom_headers\": []}','[]',1404,'2018-10-17 14:50:47','2018-10-17 14:50:47'),(1458,'App\\Participant',429,'photos','JHON CILA','JHON-CILA.jpg','image/jpeg','public',201735,'[]','{\"custom_headers\": []}','[]',1405,'2018-10-17 14:51:06','2018-10-17 14:51:06'),(1459,'App\\Participant',433,'photos','ANNY CILA','ANNY-CILA.jpg','image/jpeg','public',80862,'[]','{\"custom_headers\": []}','[]',1406,'2018-10-17 14:51:22','2018-10-17 14:51:22'),(1460,'App\\Participant',27,'first_payments','jorge1 (1)','jorge1-(1).jpg','image/jpeg','public',1261580,'[]','{\"custom_headers\": []}','[]',1407,'2018-10-17 15:24:57','2018-10-17 15:24:57'),(1461,'App\\Participant',481,'photos','farah','farah.jpeg','image/jpeg','public',111818,'[]','{\"custom_headers\": []}','[]',1408,'2018-10-17 15:29:10','2018-10-17 15:29:10'),(1462,'App\\Participant',347,'first_payments','desiree1','desiree1.jpg','image/jpeg','public',427423,'[]','{\"custom_headers\": []}','[]',1409,'2018-10-17 15:41:02','2018-10-17 15:41:02'),(1463,'App\\Participant',3,'last_payments','paula2','paula2.jpeg','image/jpeg','public',100295,'[]','{\"custom_headers\": []}','[]',1410,'2018-10-17 15:52:52','2018-10-17 15:52:52'),(1464,'App\\Participant',482,'photos','Webp.net-resizeimage','Webp.net-resizeimage.jpg','image/jpeg','public',15960,'[]','{\"custom_headers\": []}','[]',1411,'2018-10-17 16:05:55','2018-10-17 16:05:55'),(1466,'App\\Participant',482,'last_payments','Webp.net-resizeimage (2)','Webp.net-resizeimage-(2).jpg','image/jpeg','public',34808,'[]','{\"custom_headers\": []}','[]',1413,'2018-10-17 16:05:55','2018-10-17 16:05:55'),(1468,'App\\Participant',229,'photos','A9E9FA86-350E-486E-82B2-A96FBEC955D2','A9E9FA86-350E-486E-82B2-A96FBEC955D2.jpeg','image/jpeg','public',7285,'[]','{\"custom_headers\": []}','[]',1414,'2018-10-17 16:11:30','2018-10-17 16:11:30'),(1470,'App\\Participant',77,'photos','ROSAR1O','ROSAR1O.jpeg','image/jpeg','public',107922,'[]','{\"custom_headers\": []}','[]',1415,'2018-10-17 16:28:20','2018-10-17 16:28:20'),(1471,'App\\Participant',52,'first_payments','WhatsApp Image 2018-10-17 at 11.43.52 AM','WhatsApp-Image-2018-10-17-at-11.43.52-AM.jpeg','image/jpeg','public',44268,'[]','{\"custom_headers\": []}','[]',1416,'2018-10-17 16:29:02','2018-10-17 16:29:02'),(1472,'App\\Participant',53,'first_payments','WhatsApp Image 2018-10-17 at 11.43.52 AM','WhatsApp-Image-2018-10-17-at-11.43.52-AM.jpeg','image/jpeg','public',44268,'[]','{\"custom_headers\": []}','[]',1417,'2018-10-17 16:29:50','2018-10-17 16:29:50'),(1473,'App\\Participant',481,'first_payments','PAGO INICIAL','PAGO-INICIAL.jpeg','image/jpeg','public',44268,'[]','{\"custom_headers\": []}','[]',1418,'2018-10-17 16:29:58','2018-10-17 16:29:58'),(1474,'App\\Participant',54,'first_payments','WhatsApp Image 2018-10-17 at 11.43.52 AM','WhatsApp-Image-2018-10-17-at-11.43.52-AM.jpeg','image/jpeg','public',44268,'[]','{\"custom_headers\": []}','[]',1419,'2018-10-17 16:30:27','2018-10-17 16:30:27'),(1475,'App\\Participant',475,'first_payments','PAGO INICIAL','PAGO-INICIAL.jpeg','image/jpeg','public',44268,'[]','{\"custom_headers\": []}','[]',1420,'2018-10-17 16:30:32','2018-10-17 16:30:32'),(1476,'App\\Participant',61,'first_payments','PAGO INICIAL','PAGO-INICIAL.jpeg','image/jpeg','public',44268,'[]','{\"custom_headers\": []}','[]',1421,'2018-10-17 16:31:45','2018-10-17 16:31:45'),(1479,'App\\Participant',58,'first_payments','WhatsApp Image 2018-10-17 at 11.43.52 AM','WhatsApp-Image-2018-10-17-at-11.43.52-AM.jpeg','image/jpeg','public',44268,'[]','{\"custom_headers\": []}','[]',1423,'2018-10-17 16:33:19','2018-10-17 16:33:19'),(1481,'App\\Participant',57,'first_payments','WhatsApp Image 2018-10-17 at 11.43.52 AM','WhatsApp-Image-2018-10-17-at-11.43.52-AM.jpeg','image/jpeg','public',44268,'[]','{\"custom_headers\": []}','[]',1425,'2018-10-17 16:33:38','2018-10-17 16:33:38'),(1482,'App\\Participant',474,'first_payments','PAGO INICIAL','PAGO-INICIAL.jpeg','image/jpeg','public',44268,'[]','{\"custom_headers\": []}','[]',1426,'2018-10-17 16:34:13','2018-10-17 16:34:13'),(1483,'App\\Participant',55,'first_payments','WhatsApp Image 2018-10-17 at 11.43.52 AM','WhatsApp-Image-2018-10-17-at-11.43.52-AM.jpeg','image/jpeg','public',44268,'[]','{\"custom_headers\": []}','[]',1427,'2018-10-17 16:34:19','2018-10-17 16:34:19'),(1485,'App\\Participant',473,'first_payments','PAGO INICIAL','PAGO-INICIAL.jpeg','image/jpeg','public',44268,'[]','{\"custom_headers\": []}','[]',1428,'2018-10-17 16:34:57','2018-10-17 16:34:57'),(1486,'App\\Participant',472,'first_payments','PAGO INICIAL','PAGO-INICIAL.jpeg','image/jpeg','public',44268,'[]','{\"custom_headers\": []}','[]',1429,'2018-10-17 16:35:22','2018-10-17 16:35:22'),(1487,'App\\Participant',77,'first_payments','PAGO INICIAL','PAGO-INICIAL.jpeg','image/jpeg','public',44268,'[]','{\"custom_headers\": []}','[]',1430,'2018-10-17 16:35:48','2018-10-17 16:35:48'),(1488,'App\\Participant',62,'first_payments','WhatsApp Image 2018-10-17 at 11.43.52 AM','WhatsApp-Image-2018-10-17-at-11.43.52-AM.jpeg','image/jpeg','public',44268,'[]','{\"custom_headers\": []}','[]',1431,'2018-10-17 16:35:51','2018-10-17 16:35:51'),(1489,'App\\Participant',75,'first_payments','PAGO INICIAL','PAGO-INICIAL.jpeg','image/jpeg','public',44268,'[]','{\"custom_headers\": []}','[]',1432,'2018-10-17 16:36:23','2018-10-17 16:36:23'),(1490,'App\\Participant',74,'first_payments','PAGO INICIAL','PAGO-INICIAL.jpeg','image/jpeg','public',44268,'[]','{\"custom_headers\": []}','[]',1433,'2018-10-17 16:36:43','2018-10-17 16:36:43'),(1491,'App\\Participant',60,'first_payments','WhatsApp Image 2018-10-17 at 11.43.52 AM','WhatsApp-Image-2018-10-17-at-11.43.52-AM.jpeg','image/jpeg','public',44268,'[]','{\"custom_headers\": []}','[]',1434,'2018-10-17 16:37:06','2018-10-17 16:37:06'),(1492,'App\\Participant',73,'first_payments','PAGO INICIAL','PAGO-INICIAL.jpeg','image/jpeg','public',44268,'[]','{\"custom_headers\": []}','[]',1435,'2018-10-17 16:37:18','2018-10-17 16:37:18'),(1493,'App\\Participant',72,'first_payments','PAGO INICIAL','PAGO-INICIAL.jpeg','image/jpeg','public',44268,'[]','{\"custom_headers\": []}','[]',1436,'2018-10-17 16:37:39','2018-10-17 16:37:39'),(1494,'App\\Participant',64,'first_payments','WhatsApp Image 2018-10-17 at 11.43.52 AM','WhatsApp-Image-2018-10-17-at-11.43.52-AM.jpeg','image/jpeg','public',44268,'[]','{\"custom_headers\": []}','[]',1437,'2018-10-17 16:37:45','2018-10-17 16:37:45'),(1495,'App\\Participant',71,'first_payments','PAGO INICIAL','PAGO-INICIAL.jpeg','image/jpeg','public',44268,'[]','{\"custom_headers\": []}','[]',1438,'2018-10-17 16:38:07','2018-10-17 16:38:07'),(1496,'App\\Participant',65,'first_payments','WhatsApp Image 2018-10-17 at 11.43.52 AM','WhatsApp-Image-2018-10-17-at-11.43.52-AM.jpeg','image/jpeg','public',44268,'[]','{\"custom_headers\": []}','[]',1439,'2018-10-17 16:38:22','2018-10-17 16:38:22'),(1497,'App\\Participant',70,'first_payments','PAGO INICIAL','PAGO-INICIAL.jpeg','image/jpeg','public',44268,'[]','{\"custom_headers\": []}','[]',1440,'2018-10-17 16:38:31','2018-10-17 16:38:31'),(1498,'App\\Participant',66,'first_payments','WhatsApp Image 2018-10-17 at 11.43.52 AM','WhatsApp-Image-2018-10-17-at-11.43.52-AM.jpeg','image/jpeg','public',44268,'[]','{\"custom_headers\": []}','[]',1441,'2018-10-17 16:38:54','2018-10-17 16:38:54'),(1499,'App\\Participant',69,'first_payments','PAGO INICIAL','PAGO-INICIAL.jpeg','image/jpeg','public',44268,'[]','{\"custom_headers\": []}','[]',1442,'2018-10-17 16:38:58','2018-10-17 16:38:58'),(1501,'App\\Participant',68,'first_payments','WhatsApp Image 2018-10-17 at 11.43.52 AM','WhatsApp-Image-2018-10-17-at-11.43.52-AM.jpeg','image/jpeg','public',44268,'[]','{\"custom_headers\": []}','[]',1443,'2018-10-17 16:39:20','2018-10-17 16:39:20'),(1502,'App\\Participant',67,'first_payments','PAGO INICIAL','PAGO-INICIAL.jpeg','image/jpeg','public',44268,'[]','{\"custom_headers\": []}','[]',1444,'2018-10-17 16:39:43','2018-10-17 16:39:43'),(1504,'App\\Participant',329,'photos','Webp.net-resizeimage','Webp.net-resizeimage.jpg','image/jpeg','public',1813563,'[]','{\"custom_headers\": []}','[]',1446,'2018-10-17 16:41:31','2018-10-17 16:41:31'),(1505,'App\\Participant',129,'photos','IMG_3176 (1)','IMG_3176-(1).jpg','image/jpeg','public',356413,'[]','{\"custom_headers\": []}','[]',1447,'2018-10-17 16:42:55','2018-10-17 16:42:55'),(1506,'App\\Participant',151,'photos','IMG_3165 (1)','IMG_3165-(1).jpg','image/jpeg','public',471016,'[]','{\"custom_headers\": []}','[]',1448,'2018-10-17 16:44:06','2018-10-17 16:44:06'),(1507,'App\\Participant',483,'photos','Daysi Castillo','Daysi-Castillo.jpeg','image/jpeg','public',113208,'[]','{\"custom_headers\": []}','[]',1449,'2018-10-17 16:44:11','2018-10-17 16:44:11'),(1508,'App\\Participant',332,'photos','Webp.net-resizeimage (2)','Webp.net-resizeimage-(2).jpg','image/jpeg','public',2080691,'[]','{\"custom_headers\": []}','[]',1450,'2018-10-17 16:44:58','2018-10-17 16:44:58'),(1511,'App\\Participant',483,'first_payments','03121DA3-5ED6-406A-8DEF-197FB965719C','03121DA3-5ED6-406A-8DEF-197FB965719C.JPG','image/jpeg','public',1113783,'[]','{\"custom_headers\": []}','[]',1453,'2018-10-17 16:45:12','2018-10-17 16:45:12'),(1512,'App\\Participant',483,'last_payments','IMG_5218','IMG_5218.JPG','image/jpeg','public',1893733,'[]','{\"custom_headers\": []}','[]',1454,'2018-10-17 16:45:12','2018-10-17 16:45:12'),(1513,'App\\Participant',131,'photos','IMG_3167 (1)','IMG_3167-(1).jpg','image/jpeg','public',340484,'[]','{\"custom_headers\": []}','[]',1455,'2018-10-17 16:45:42','2018-10-17 16:45:42'),(1514,'App\\Participant',146,'photos','IMG_3157 (1)','IMG_3157-(1).jpg','image/jpeg','public',427903,'[]','{\"custom_headers\": []}','[]',1456,'2018-10-17 16:46:51','2018-10-17 16:46:51'),(1515,'App\\Participant',330,'photos','Webp.net-resizeimage (3)','Webp.net-resizeimage-(3).jpg','image/jpeg','public',1814604,'[]','{\"custom_headers\": []}','[]',1457,'2018-10-17 16:47:21','2018-10-17 16:47:21'),(1516,'App\\Participant',139,'photos','IMG_3154 (1)','IMG_3154-(1).jpg','image/jpeg','public',402224,'[]','{\"custom_headers\": []}','[]',1458,'2018-10-17 16:48:06','2018-10-17 16:48:06'),(1517,'App\\Participant',334,'photos','Webp.net-resizeimage (4)','Webp.net-resizeimage-(4).jpg','image/jpeg','public',1279828,'[]','{\"custom_headers\": []}','[]',1459,'2018-10-17 16:49:04','2018-10-17 16:49:04'),(1518,'App\\Participant',120,'photos','IMG_3161 (1)','IMG_3161-(1).jpg','image/jpeg','public',410577,'[]','{\"custom_headers\": []}','[]',1460,'2018-10-17 16:49:18','2018-10-17 16:49:18'),(1519,'App\\Participant',484,'photos','Webp.net-resizeimage (1)','Webp.net-resizeimage-(1).jpg','image/jpeg','public',1748644,'[]','{\"custom_headers\": []}','[]',1461,'2018-10-17 16:50:02','2018-10-17 16:50:02'),(1520,'App\\Participant',143,'photos','IMG_3164 (1)','IMG_3164-(1).jpg','image/jpeg','public',411574,'[]','{\"custom_headers\": []}','[]',1462,'2018-10-17 16:50:23','2018-10-17 16:50:23'),(1521,'App\\Participant',328,'photos','Webp.net-resizeimage (5)','Webp.net-resizeimage-(5).jpg','image/jpeg','public',1711166,'[]','{\"custom_headers\": []}','[]',1463,'2018-10-17 16:51:21','2018-10-17 16:51:21'),(1522,'App\\Participant',153,'photos','IMG_3177 (1)','IMG_3177-(1).jpg','image/jpeg','public',416476,'[]','{\"custom_headers\": []}','[]',1464,'2018-10-17 16:52:03','2018-10-17 16:52:03'),(1523,'App\\Participant',121,'photos','IMG_3166 (1)','IMG_3166-(1).jpg','image/jpeg','public',471380,'[]','{\"custom_headers\": []}','[]',1465,'2018-10-17 16:53:39','2018-10-17 16:53:39'),(1524,'App\\Participant',485,'first_payments','WhatsApp Image 2018-10-16 at 3.00.29 PM','WhatsApp-Image-2018-10-16-at-3.00.29-PM.jpeg','image/jpeg','public',78847,'[]','{\"custom_headers\": []}','[]',1466,'2018-10-17 16:54:10','2018-10-17 16:54:10'),(1526,'App\\Participant',141,'photos','IMG_3175 (1)','IMG_3175-(1).jpg','image/jpeg','public',338765,'[]','{\"custom_headers\": []}','[]',1468,'2018-10-17 16:55:18','2018-10-17 16:55:18'),(1527,'App\\Participant',485,'photos','36316dcf-d8f5-4030-bf4e-1b3a994b9c92','36316dcf-d8f5-4030-bf4e-1b3a994b9c92.jpg','image/jpeg','public',131318,'[]','{\"custom_headers\": []}','[]',1469,'2018-10-17 16:56:48','2018-10-17 16:56:48'),(1528,'App\\Participant',7,'photos','WhatsApp Image 2018-10-17 at 12.03.48 PM','WhatsApp-Image-2018-10-17-at-12.03.48-PM.jpeg','image/jpeg','public',46955,'[]','{\"custom_headers\": []}','[]',1470,'2018-10-17 17:14:00','2018-10-17 17:14:00'),(1529,'App\\Participant',7,'conduct_codes','New Doc 2018-10-17 12.48.11_1','New-Doc-2018-10-17-12.48.11_1.jpg','image/jpeg','public',886248,'[]','{\"custom_headers\": []}','[]',1471,'2018-10-17 17:14:00','2018-10-17 17:14:00'),(1530,'App\\Participant',487,'photos','Rosa Cornielle','Rosa-Cornielle.jpg','image/jpeg','public',14272,'[]','{\"custom_headers\": []}','[]',1472,'2018-10-17 17:14:17','2018-10-17 17:14:17'),(1531,'App\\Participant',487,'conduct_codes','Autorizacion Rosa Cornielle','Autorizacion-Rosa-Cornielle.pdf','application/pdf','public',677289,'[]','{\"custom_headers\": []}','[]',1473,'2018-10-17 17:14:17','2018-10-17 17:14:17'),(1532,'App\\Participant',487,'first_payments','Pago 1 de Rosa Cornielle y Amira Cheng','Pago-1-de-Rosa-Cornielle-y-Amira-Cheng.jpg','image/jpeg','public',3223127,'[]','{\"custom_headers\": []}','[]',1474,'2018-10-17 17:14:17','2018-10-17 17:14:17'),(1533,'App\\Participant',487,'last_payments','Pago 2 Rosa Cornielle','Pago-2-Rosa-Cornielle.jpg','image/jpeg','public',3209045,'[]','{\"custom_headers\": []}','[]',1475,'2018-10-17 17:14:17','2018-10-17 17:14:17'),(1534,'App\\Participant',467,'photos','WhatsApp Image 2018-10-17 at 12.20.15 PM','WhatsApp-Image-2018-10-17-at-12.20.15-PM.jpeg','image/jpeg','public',4864,'[]','{\"custom_headers\": []}','[]',1476,'2018-10-17 17:15:26','2018-10-17 17:15:26'),(1535,'App\\Participant',105,'last_payments','completo sarah','completo-sarah.jpeg','image/jpeg','public',77069,'[]','{\"custom_headers\": []}','[]',1477,'2018-10-17 17:44:20','2018-10-17 17:44:20'),(1536,'App\\Participant',488,'photos','WhatsApp Image 2018-10-17 at 1.39.53 PM','WhatsApp-Image-2018-10-17-at-1.39.53-PM.jpeg','image/jpeg','public',61569,'[]','{\"custom_headers\": []}','[]',1478,'2018-10-17 17:56:36','2018-10-17 17:56:36'),(1537,'App\\Participant',488,'first_payments','WhatsApp Image 2018-10-17 at 1.40.00 PM','WhatsApp-Image-2018-10-17-at-1.40.00-PM.jpeg','image/jpeg','public',119304,'[]','{\"custom_headers\": []}','[]',1479,'2018-10-17 17:56:36','2018-10-17 17:56:36'),(1539,'App\\Participant',52,'last_payments','PAGO INICIAL','PAGO-INICIAL.jpeg','image/jpeg','public',44268,'[]','{\"custom_headers\": []}','[]',1481,'2018-10-17 18:12:09','2018-10-17 18:12:09'),(1540,'App\\Participant',53,'last_payments','PAGO INICIAL','PAGO-INICIAL.jpeg','image/jpeg','public',44268,'[]','{\"custom_headers\": []}','[]',1482,'2018-10-17 18:12:31','2018-10-17 18:12:31'),(1541,'App\\Participant',54,'last_payments','PAGO INICIAL','PAGO-INICIAL.jpeg','image/jpeg','public',44268,'[]','{\"custom_headers\": []}','[]',1483,'2018-10-17 18:12:49','2018-10-17 18:12:49'),(1542,'App\\Participant',55,'last_payments','PAGO INICIAL','PAGO-INICIAL.jpeg','image/jpeg','public',44268,'[]','{\"custom_headers\": []}','[]',1484,'2018-10-17 18:13:04','2018-10-17 18:13:04'),(1543,'App\\Participant',57,'last_payments','PAGO INICIAL','PAGO-INICIAL.jpeg','image/jpeg','public',44268,'[]','{\"custom_headers\": []}','[]',1485,'2018-10-17 18:13:42','2018-10-17 18:13:42'),(1544,'App\\Participant',58,'last_payments','PAGO INICIAL','PAGO-INICIAL.jpeg','image/jpeg','public',44268,'[]','{\"custom_headers\": []}','[]',1486,'2018-10-17 18:14:06','2018-10-17 18:14:06'),(1546,'App\\Participant',60,'last_payments','PAGO INICIAL','PAGO-INICIAL.jpeg','image/jpeg','public',44268,'[]','{\"custom_headers\": []}','[]',1487,'2018-10-17 18:20:19','2018-10-17 18:20:19'),(1547,'App\\Participant',61,'last_payments','PAGO INICIAL','PAGO-INICIAL.jpeg','image/jpeg','public',44268,'[]','{\"custom_headers\": []}','[]',1488,'2018-10-17 18:20:40','2018-10-17 18:20:40'),(1549,'App\\Participant',62,'last_payments','PAGO INICIAL','PAGO-INICIAL.jpeg','image/jpeg','public',44268,'[]','{\"custom_headers\": []}','[]',1489,'2018-10-17 18:21:31','2018-10-17 18:21:31'),(1551,'App\\Participant',64,'last_payments','PAGO INICIAL','PAGO-INICIAL.jpeg','image/jpeg','public',44268,'[]','{\"custom_headers\": []}','[]',1490,'2018-10-17 18:22:18','2018-10-17 18:22:18'),(1553,'App\\Participant',65,'last_payments','PAGO INICIAL','PAGO-INICIAL.jpeg','image/jpeg','public',44268,'[]','{\"custom_headers\": []}','[]',1491,'2018-10-17 18:23:02','2018-10-17 18:23:02'),(1554,'App\\Participant',66,'last_payments','PAGO INICIAL','PAGO-INICIAL.jpeg','image/jpeg','public',44268,'[]','{\"custom_headers\": []}','[]',1492,'2018-10-17 18:23:28','2018-10-17 18:23:28'),(1555,'App\\Participant',67,'last_payments','PAGO INICIAL','PAGO-INICIAL.jpeg','image/jpeg','public',44268,'[]','{\"custom_headers\": []}','[]',1493,'2018-10-17 18:23:55','2018-10-17 18:23:55'),(1556,'App\\Participant',68,'last_payments','PAGO INICIAL','PAGO-INICIAL.jpeg','image/jpeg','public',44268,'[]','{\"custom_headers\": []}','[]',1494,'2018-10-17 18:24:16','2018-10-17 18:24:16'),(1557,'App\\Participant',69,'last_payments','PAGO INICIAL','PAGO-INICIAL.jpeg','image/jpeg','public',44268,'[]','{\"custom_headers\": []}','[]',1495,'2018-10-17 18:24:39','2018-10-17 18:24:39'),(1558,'App\\Participant',70,'last_payments','PAGO INICIAL','PAGO-INICIAL.jpeg','image/jpeg','public',44268,'[]','{\"custom_headers\": []}','[]',1496,'2018-10-17 18:24:59','2018-10-17 18:24:59'),(1559,'App\\Participant',71,'last_payments','PAGO INICIAL','PAGO-INICIAL.jpeg','image/jpeg','public',44268,'[]','{\"custom_headers\": []}','[]',1497,'2018-10-17 18:25:20','2018-10-17 18:25:20'),(1560,'App\\Participant',72,'last_payments','PAGO INICIAL','PAGO-INICIAL.jpeg','image/jpeg','public',44268,'[]','{\"custom_headers\": []}','[]',1498,'2018-10-17 18:25:42','2018-10-17 18:25:42'),(1561,'App\\Participant',73,'last_payments','PAGO INICIAL','PAGO-INICIAL.jpeg','image/jpeg','public',44268,'[]','{\"custom_headers\": []}','[]',1499,'2018-10-17 18:26:04','2018-10-17 18:26:04'),(1562,'App\\Participant',74,'last_payments','PAGO INICIAL','PAGO-INICIAL.jpeg','image/jpeg','public',44268,'[]','{\"custom_headers\": []}','[]',1500,'2018-10-17 18:26:26','2018-10-17 18:26:26'),(1563,'App\\Participant',75,'last_payments','PAGO INICIAL','PAGO-INICIAL.jpeg','image/jpeg','public',44268,'[]','{\"custom_headers\": []}','[]',1501,'2018-10-17 18:26:46','2018-10-17 18:26:46'),(1564,'App\\Participant',77,'last_payments','PAGO INICIAL','PAGO-INICIAL.jpeg','image/jpeg','public',44268,'[]','{\"custom_headers\": []}','[]',1502,'2018-10-17 18:27:14','2018-10-17 18:27:14'),(1565,'App\\Participant',472,'last_payments','PAGO INICIAL','PAGO-INICIAL.jpeg','image/jpeg','public',44268,'[]','{\"custom_headers\": []}','[]',1503,'2018-10-17 18:27:34','2018-10-17 18:27:34'),(1567,'App\\Participant',473,'last_payments','PAGO INICIAL','PAGO-INICIAL.jpeg','image/jpeg','public',44268,'[]','{\"custom_headers\": []}','[]',1504,'2018-10-17 18:28:03','2018-10-17 18:28:03'),(1568,'App\\Participant',474,'last_payments','PAGO INICIAL','PAGO-INICIAL.jpeg','image/jpeg','public',44268,'[]','{\"custom_headers\": []}','[]',1505,'2018-10-17 18:28:23','2018-10-17 18:28:23'),(1569,'App\\Participant',475,'last_payments','PAGO INICIAL','PAGO-INICIAL.jpeg','image/jpeg','public',44268,'[]','{\"custom_headers\": []}','[]',1506,'2018-10-17 18:28:41','2018-10-17 18:28:41'),(1570,'App\\Participant',209,'photos','WhatsApp Image 2018-10-17 at 2.19.07 PM','WhatsApp-Image-2018-10-17-at-2.19.07-PM.jpeg','image/jpeg','public',83543,'[]','{\"custom_headers\": []}','[]',1507,'2018-10-17 18:28:57','2018-10-17 18:28:57'),(1571,'App\\Participant',209,'first_payments','WhatsApp Image 2018-10-16 at 6.40.14 PM','WhatsApp-Image-2018-10-16-at-6.40.14-PM.jpeg','image/jpeg','public',45441,'[]','{\"custom_headers\": []}','[]',1508,'2018-10-17 18:28:57','2018-10-17 18:28:57'),(1572,'App\\Participant',209,'last_payments','WhatsApp Image 2018-10-16 at 6.40.14 PM','WhatsApp-Image-2018-10-16-at-6.40.14-PM.jpeg','image/jpeg','public',45441,'[]','{\"custom_headers\": []}','[]',1509,'2018-10-17 18:28:57','2018-10-17 18:28:57'),(1573,'App\\Participant',481,'last_payments','PAGO INICIAL','PAGO-INICIAL.jpeg','image/jpeg','public',44268,'[]','{\"custom_headers\": []}','[]',1510,'2018-10-17 18:29:15','2018-10-17 18:29:15'),(1574,'App\\Participant',106,'last_payments','pago final cila','pago-final-cila.JPG','image/jpeg','public',4648928,'[]','{\"custom_headers\": []}','[]',1511,'2018-10-17 18:42:47','2018-10-17 18:42:47'),(1575,'App\\Participant',107,'first_payments','IMG_2311 (5)','IMG_2311-(5).JPG','image/jpeg','public',80964,'[]','{\"custom_headers\": []}','[]',1512,'2018-10-17 18:51:00','2018-10-17 18:51:00'),(1576,'App\\Participant',107,'last_payments','IMG_2311 (5)','IMG_2311-(5).JPG','image/jpeg','public',80964,'[]','{\"custom_headers\": []}','[]',1513,'2018-10-17 18:51:00','2018-10-17 18:51:00'),(1578,'App\\Participant',3,'first_payments','paula','paula.jpg','image/jpeg','public',557167,'[]','{\"custom_headers\": []}','[]',1515,'2018-10-17 19:00:54','2018-10-17 19:00:54'),(1579,'App\\Participant',106,'photos','foto personal 3','foto-personal-3.png','image/png','public',629069,'[]','{\"custom_headers\": []}','[]',1516,'2018-10-17 19:02:29','2018-10-17 19:02:29'),(1580,'App\\Participant',13,'conduct_codes','WhatsApp Image 2018-10-17 at 3.07.58 PM','WhatsApp-Image-2018-10-17-at-3.07.58-PM.jpeg','image/jpeg','public',173352,'[]','{\"custom_headers\": []}','[]',1517,'2018-10-17 19:09:52','2018-10-17 19:09:52'),(1581,'App\\Participant',220,'first_payments','pp','pp.JPG','image/jpeg','public',80451,'[]','{\"custom_headers\": []}','[]',1518,'2018-10-17 19:25:23','2018-10-17 19:25:23'),(1582,'App\\Participant',220,'last_payments','pp','pp.JPG','image/jpeg','public',80451,'[]','{\"custom_headers\": []}','[]',1519,'2018-10-17 19:25:23','2018-10-17 19:25:23'),(1583,'App\\Participant',219,'last_payments','image1','image1.jpeg','image/jpeg','public',32078,'[]','{\"custom_headers\": []}','[]',1520,'2018-10-17 19:26:33','2018-10-17 19:26:33'),(1584,'App\\Participant',430,'last_payments','Lissa Marie Acevedo Lara pago final','Lissa-Marie-Acevedo-Lara-pago-final.pdf','application/pdf','public',144958,'[]','{\"custom_headers\": []}','[]',1521,'2018-10-17 19:27:56','2018-10-17 19:27:56'),(1586,'App\\Participant',448,'last_payments','David Sepulveda Baez pago final','David-Sepulveda-Baez-pago-final.pdf','application/pdf','public',144931,'[]','{\"custom_headers\": []}','[]',1522,'2018-10-17 19:29:44','2018-10-17 19:29:44'),(1588,'App\\Participant',441,'last_payments','Yan Carlos Solano Zabala pago final','Yan-Carlos-Solano-Zabala-pago-final.pdf','application/pdf','public',143321,'[]','{\"custom_headers\": []}','[]',1523,'2018-10-17 19:31:48','2018-10-17 19:31:48'),(1589,'App\\Participant',214,'photos','WhatsApp Image 2018-10-17 at 2.14.20 PM','WhatsApp-Image-2018-10-17-at-2.14.20-PM.jpeg','image/jpeg','public',720249,'[]','{\"custom_headers\": []}','[]',1524,'2018-10-17 19:33:30','2018-10-17 19:33:30'),(1590,'App\\Participant',213,'photos','WhatsApp Image 2018-10-17 at 2.20.50 PM','WhatsApp-Image-2018-10-17-at-2.20.50-PM.jpeg','image/jpeg','public',41759,'[]','{\"custom_headers\": []}','[]',1525,'2018-10-17 19:35:11','2018-10-17 19:35:11'),(1591,'App\\Participant',434,'last_payments','Carlos Antonio Rosario Garcia','Carlos-Antonio-Rosario-Garcia.pdf','application/pdf','public',143556,'[]','{\"custom_headers\": []}','[]',1526,'2018-10-17 19:36:35','2018-10-17 19:36:35'),(1592,'App\\Participant',390,'photos','olga','olga.jpg','image/jpeg','public',21730,'[]','{\"custom_headers\": []}','[]',1527,'2018-10-17 19:38:33','2018-10-17 19:38:33'),(1593,'App\\Participant',490,'photos','IDELSA','IDELSA.jpeg','image/jpeg','public',88676,'[]','{\"custom_headers\": []}','[]',1528,'2018-10-17 19:41:32','2018-10-17 19:41:32'),(1594,'App\\Participant',490,'last_payments','IDELSA HOTEL','IDELSA-HOTEL.jpeg','image/jpeg','public',103345,'[]','{\"custom_headers\": []}','[]',1529,'2018-10-17 19:41:32','2018-10-17 19:41:32'),(1595,'App\\Participant',128,'photos','IMG_3172 (1)','IMG_3172-(1).jpg','image/jpeg','public',642851,'[]','{\"custom_headers\": []}','[]',1530,'2018-10-17 20:02:54','2018-10-17 20:02:54'),(1596,'App\\Participant',147,'photos','IMG_3156 (1)','IMG_3156-(1).jpg','image/jpeg','public',519442,'[]','{\"custom_headers\": []}','[]',1531,'2018-10-17 20:04:01','2018-10-17 20:04:01'),(1597,'App\\Participant',225,'last_payments','1A29F31C-CA48-4248-97D7-B0B0C1CC8347','1A29F31C-CA48-4248-97D7-B0B0C1CC8347.jpeg','image/jpeg','public',49008,'[]','{\"custom_headers\": []}','[]',1532,'2018-10-17 20:34:41','2018-10-17 20:34:41'),(1598,'App\\Participant',493,'photos','IMG-20181017-WA0135','IMG-20181017-WA0135.jpg','image/jpeg','public',83969,'[]','{\"custom_headers\": []}','[]',1533,'2018-10-17 20:49:45','2018-10-17 20:49:45'),(1599,'App\\Participant',25,'last_payments','christian','christian.jpeg','image/jpeg','public',92645,'[]','{\"custom_headers\": []}','[]',1534,'2018-10-17 20:55:33','2018-10-17 20:55:33'),(1600,'App\\Participant',494,'photos','IMG-20181017-WA0088','IMG-20181017-WA0088.jpg','image/jpeg','public',71244,'[]','{\"custom_headers\": []}','[]',1535,'2018-10-17 20:56:22','2018-10-17 20:56:22'),(1601,'App\\Participant',495,'photos','foto rosa','foto-rosa.png','image/png','public',38124,'[]','{\"custom_headers\": []}','[]',1536,'2018-10-17 21:06:24','2018-10-17 21:06:24'),(1602,'App\\Participant',496,'photos','WhatsApp Image 2018-10-17 at 12.45.30 PM','WhatsApp-Image-2018-10-17-at-12.45.30-PM.jpeg','image/jpeg','public',60001,'[]','{\"custom_headers\": []}','[]',1537,'2018-10-17 21:10:40','2018-10-17 21:10:40'),(1603,'App\\Participant',497,'photos','WhatsApp Image 2018-10-17 at 5.12.49 PM','WhatsApp-Image-2018-10-17-at-5.12.49-PM.jpeg','image/jpeg','public',40695,'[]','{\"custom_headers\": []}','[]',1538,'2018-10-17 21:14:10','2018-10-17 21:14:10'),(1605,'App\\Participant',499,'photos','francisco','francisco.png','image/png','public',56279,'[]','{\"custom_headers\": []}','[]',1539,'2018-10-17 21:19:50','2018-10-17 21:19:50'),(1606,'App\\Participant',500,'photos','WhatsApp Image 2018-10-17 at 12.52.12 PM','WhatsApp-Image-2018-10-17-at-12.52.12-PM.jpeg','image/jpeg','public',40674,'[]','{\"custom_headers\": []}','[]',1540,'2018-10-17 21:24:51','2018-10-17 21:24:51'),(1608,'App\\Participant',502,'photos','edgar','edgar.jpg','image/jpeg','public',53452,'[]','{\"custom_headers\": []}','[]',1542,'2018-10-17 21:32:30','2018-10-17 21:32:30'),(1609,'App\\Participant',503,'photos','WhatsApp Image 2018-10-17 at 1.25.41 PM','WhatsApp-Image-2018-10-17-at-1.25.41-PM.jpeg','image/jpeg','public',15207,'[]','{\"custom_headers\": []}','[]',1543,'2018-10-17 21:37:22','2018-10-17 21:37:22'),(1610,'App\\Participant',134,'photos','IMG_3149 (1) (1)','IMG_3149-(1)-(1).jpg','image/jpeg','public',477941,'[]','{\"custom_headers\": []}','[]',1544,'2018-10-17 22:25:55','2018-10-17 22:25:55'),(1612,'App\\Participant',125,'photos','IMG_3151 (1)','IMG_3151-(1).jpg','image/jpeg','public',432939,'[]','{\"custom_headers\": []}','[]',1546,'2018-10-17 22:28:27','2018-10-17 22:28:27'),(1613,'App\\Participant',130,'photos','IMG_3171 (1)','IMG_3171-(1).jpg','image/jpeg','public',484523,'[]','{\"custom_headers\": []}','[]',1547,'2018-10-17 22:29:33','2018-10-17 22:29:33'),(1615,'App\\Participant',505,'photos','WhatsApp Image 2018-10-17 at 7.22.39 PM','WhatsApp-Image-2018-10-17-at-7.22.39-PM.jpeg','image/jpeg','public',38671,'[]','{\"custom_headers\": []}','[]',1549,'2018-10-18 00:31:10','2018-10-18 00:31:10'),(1616,'App\\Participant',505,'conduct_codes','WhatsApp Image 2018-10-17 at 6.21.24 PM (1)','WhatsApp-Image-2018-10-17-at-6.21.24-PM-(1).jpeg','image/jpeg','public',56959,'[]','{\"custom_headers\": []}','[]',1550,'2018-10-18 00:31:10','2018-10-18 00:31:10'),(1617,'App\\Participant',505,'first_payments','WhatsApp Image 2018-10-17 at 6.21.24 PM','WhatsApp-Image-2018-10-17-at-6.21.24-PM.jpeg','image/jpeg','public',56959,'[]','{\"custom_headers\": []}','[]',1551,'2018-10-18 00:31:10','2018-10-18 00:31:10'),(1618,'App\\Participant',207,'conduct_codes','WhatsApp Image 2018-10-17 at 4.36.13 PM','WhatsApp-Image-2018-10-17-at-4.36.13-PM.jpeg','image/jpeg','public',164559,'[]','{\"custom_headers\": []}','[]',1552,'2018-10-18 00:41:05','2018-10-18 00:41:05'),(1619,'App\\Participant',208,'conduct_codes','WhatsApp Image 2018-10-17 at 4.34.04 PM','WhatsApp-Image-2018-10-17-at-4.34.04-PM.jpeg','image/jpeg','public',149012,'[]','{\"custom_headers\": []}','[]',1553,'2018-10-18 00:42:13','2018-10-18 00:42:13'),(1621,'App\\Participant',209,'conduct_codes','WhatsApp Image 2018-10-17 at 4.33.53 PM','WhatsApp-Image-2018-10-17-at-4.33.53-PM.jpeg','image/jpeg','public',163458,'[]','{\"custom_headers\": []}','[]',1554,'2018-10-18 00:44:47','2018-10-18 00:44:47'),(1622,'App\\Participant',210,'conduct_codes','WhatsApp Image 2018-10-17 at 4.34.16 PM','WhatsApp-Image-2018-10-17-at-4.34.16-PM.jpeg','image/jpeg','public',159721,'[]','{\"custom_headers\": []}','[]',1555,'2018-10-18 00:45:27','2018-10-18 00:45:27'),(1629,'App\\Participant',212,'conduct_codes','WhatsApp Image 2018-10-17 at 4.35.26 PM - copia','WhatsApp-Image-2018-10-17-at-4.35.26-PM---copia.jpeg','image/jpeg','public',176183,'[]','{\"custom_headers\": []}','[]',1562,'2018-10-18 00:55:51','2018-10-18 00:55:51'),(1630,'App\\Participant',212,'first_payments','WhatsApp Image 2018-10-17 at 6.23.51 PM','WhatsApp-Image-2018-10-17-at-6.23.51-PM.jpeg','image/jpeg','public',170824,'[]','{\"custom_headers\": []}','[]',1563,'2018-10-18 00:55:51','2018-10-18 00:55:51'),(1631,'App\\Participant',212,'last_payments','WhatsApp Image 2018-10-17 at 6.23.51 PM','WhatsApp-Image-2018-10-17-at-6.23.51-PM.jpeg','image/jpeg','public',170824,'[]','{\"custom_headers\": []}','[]',1564,'2018-10-18 00:55:51','2018-10-18 00:55:51'),(1632,'App\\Participant',213,'conduct_codes','WhatsApp Image 2018-10-17 at 4.35.03 PM - copia','WhatsApp-Image-2018-10-17-at-4.35.03-PM---copia.jpeg','image/jpeg','public',161158,'[]','{\"custom_headers\": []}','[]',1565,'2018-10-18 00:58:12','2018-10-18 00:58:12'),(1633,'App\\Participant',213,'first_payments','WhatsApp Image 2018-10-13 at 9.55.19 PM','WhatsApp-Image-2018-10-13-at-9.55.19-PM.jpeg','image/jpeg','public',84248,'[]','{\"custom_headers\": []}','[]',1566,'2018-10-18 00:58:12','2018-10-18 00:58:12'),(1634,'App\\Participant',506,'photos','IMG-20181017-WA0115','IMG-20181017-WA0115.jpg','image/jpeg','public',56112,'[]','{\"custom_headers\": []}','[]',1567,'2018-10-18 02:10:19','2018-10-18 02:10:19'),(1635,'App\\Participant',507,'photos','MANUEL HAZOURY','MANUEL-HAZOURY.jpeg','image/jpeg','public',134229,'[]','{\"custom_headers\": []}','[]',1568,'2018-10-18 02:15:21','2018-10-18 02:15:21'),(1636,'App\\Participant',191,'last_payments','42b551cb-5853-4ad3-893d-a942ac9e83dc','42b551cb-5853-4ad3-893d-a942ac9e83dc.JPG','image/jpeg','public',67354,'[]','{\"custom_headers\": []}','[]',1569,'2018-10-18 02:16:39','2018-10-18 02:16:39'),(1637,'App\\Participant',508,'photos','MORRIS','MORRIS.jpeg','image/jpeg','public',193458,'[]','{\"custom_headers\": []}','[]',1570,'2018-10-18 02:25:35','2018-10-18 02:25:35'),(1638,'App\\Participant',508,'last_payments','SOPORTE PAGO CILA','SOPORTE-PAGO-CILA.pdf','application/pdf','public',48527,'[]','{\"custom_headers\": []}','[]',1571,'2018-10-18 02:25:35','2018-10-18 02:25:35'),(1639,'App\\Participant',509,'photos','GARCIA','GARCIA.jpg','image/jpeg','public',989013,'[]','{\"custom_headers\": []}','[]',1572,'2018-10-18 02:38:23','2018-10-18 02:38:23'),(1640,'App\\Participant',509,'last_payments','SOPORTE PAGO CILA','SOPORTE-PAGO-CILA.pdf','application/pdf','public',48527,'[]','{\"custom_headers\": []}','[]',1573,'2018-10-18 02:38:23','2018-10-18 02:38:23'),(1641,'App\\Participant',510,'photos','PEÑA','PEÑA.jpeg','image/jpeg','public',144886,'[]','{\"custom_headers\": []}','[]',1574,'2018-10-18 02:44:03','2018-10-18 02:44:03'),(1642,'App\\Participant',510,'last_payments','SOPORTE PAGO CILA','SOPORTE-PAGO-CILA.pdf','application/pdf','public',48527,'[]','{\"custom_headers\": []}','[]',1575,'2018-10-18 02:44:03','2018-10-18 02:44:03'),(1643,'App\\Participant',179,'photos','descarga','descarga.jpe','image/jpeg','public',48865,'[]','{\"custom_headers\": []}','[]',1576,'2018-10-18 02:50:04','2018-10-18 02:50:04'),(1644,'App\\Participant',182,'photos','tomas','tomas.jpe','image/jpeg','public',38032,'[]','{\"custom_headers\": []}','[]',1577,'2018-10-18 02:50:41','2018-10-18 02:50:41'),(1645,'App\\Participant',184,'photos','gabrielle(1)','gabrielle(1).jpe','image/jpeg','public',29850,'[]','{\"custom_headers\": []}','[]',1578,'2018-10-18 02:51:13','2018-10-18 02:51:13'),(1646,'App\\Participant',185,'photos','fotoblancaa (1)','fotoblancaa-(1).jpe','image/jpeg','public',7386,'[]','{\"custom_headers\": []}','[]',1579,'2018-10-18 02:51:49','2018-10-18 02:51:49'),(1650,'App\\Participant',185,'last_payments','pago121418488-NL','pago121418488-NL.pdf','application/pdf','public',14053,'[]','{\"custom_headers\": []}','[]',1580,'2018-10-18 02:56:41','2018-10-18 02:56:41'),(1651,'App\\Participant',104,'first_payments','MARLEY COMPLETO','MARLEY-COMPLETO.jpeg','image/jpeg','public',160042,'[]','{\"custom_headers\": []}','[]',1581,'2018-10-18 03:57:53','2018-10-18 03:57:53'),(1652,'App\\Participant',511,'photos','Betania','Betania.jpeg','image/jpeg','public',48116,'[]','{\"custom_headers\": []}','[]',1582,'2018-10-18 04:52:06','2018-10-18 04:52:06'),(1653,'App\\Participant',511,'first_payments','BETANIA 1','BETANIA-1.jpeg','image/jpeg','public',205329,'[]','{\"custom_headers\": []}','[]',1583,'2018-10-18 04:52:06','2018-10-18 04:52:06'),(1654,'App\\Participant',511,'last_payments','BETANIA 2','BETANIA-2.jpeg','image/jpeg','public',146254,'[]','{\"custom_headers\": []}','[]',1584,'2018-10-18 04:52:06','2018-10-18 04:52:06'),(1655,'App\\Participant',512,'photos','ENMANUEL','ENMANUEL.jpeg','image/jpeg','public',94907,'[]','{\"custom_headers\": []}','[]',1585,'2018-10-18 05:13:21','2018-10-18 05:13:21'),(1656,'App\\Participant',512,'conduct_codes','ENMANUELE CODIGO','ENMANUELE-CODIGO.jpeg','image/jpeg','public',216552,'[]','{\"custom_headers\": []}','[]',1586,'2018-10-18 05:13:21','2018-10-18 05:13:21'),(1657,'App\\Participant',512,'first_payments','ENMANUEL 1','ENMANUEL-1.jpeg','image/jpeg','public',174873,'[]','{\"custom_headers\": []}','[]',1587,'2018-10-18 05:13:21','2018-10-18 05:13:21'),(1659,'App\\Participant',331,'photos','Webp.net-resizeimage (8)','Webp.net-resizeimage-(8).jpg','image/jpeg','public',1561347,'[]','{\"custom_headers\": []}','[]',1588,'2018-10-18 11:45:51','2018-10-18 11:45:51'),(1660,'App\\Participant',333,'photos','Webp.net-resizeimage (7)','Webp.net-resizeimage-(7).jpg','image/jpeg','public',2138638,'[]','{\"custom_headers\": []}','[]',1589,'2018-10-18 11:46:16','2018-10-18 11:46:16'),(1661,'App\\Participant',335,'photos','Webp.net-resizeimage (9)','Webp.net-resizeimage-(9).jpg','image/jpeg','public',1621046,'[]','{\"custom_headers\": []}','[]',1590,'2018-10-18 11:47:36','2018-10-18 11:47:36'),(1662,'App\\Participant',336,'photos','Webp.net-resizeimage (6)','Webp.net-resizeimage-(6).jpg','image/jpeg','public',1547199,'[]','{\"custom_headers\": []}','[]',1591,'2018-10-18 11:48:14','2018-10-18 11:48:14'),(1663,'App\\Participant',337,'photos','Webp.net-resizeimage (10)','Webp.net-resizeimage-(10).jpg','image/jpeg','public',1950249,'[]','{\"custom_headers\": []}','[]',1592,'2018-10-18 11:49:17','2018-10-18 11:49:17'),(1664,'App\\Participant',338,'photos','Webp.net-resizeimage (11)','Webp.net-resizeimage-(11).jpg','image/jpeg','public',2036217,'[]','{\"custom_headers\": []}','[]',1593,'2018-10-18 11:50:26','2018-10-18 11:50:26'),(1665,'App\\Participant',339,'photos','Webp.net-resizeimage (12)','Webp.net-resizeimage-(12).jpg','image/jpeg','public',1609067,'[]','{\"custom_headers\": []}','[]',1594,'2018-10-18 11:51:56','2018-10-18 11:51:56'),(1666,'App\\Participant',340,'photos','Webp.net-resizeimage (13)','Webp.net-resizeimage-(13).jpg','image/jpeg','public',1646199,'[]','{\"custom_headers\": []}','[]',1595,'2018-10-18 11:53:09','2018-10-18 11:53:09'),(1667,'App\\Participant',341,'photos','Webp.net-resizeimage (14)','Webp.net-resizeimage-(14).jpg','image/jpeg','public',1576719,'[]','{\"custom_headers\": []}','[]',1596,'2018-10-18 11:54:06','2018-10-18 11:54:06'),(1668,'App\\Participant',343,'photos','Webp.net-resizeimage (15)','Webp.net-resizeimage-(15).jpg','image/jpeg','public',1738348,'[]','{\"custom_headers\": []}','[]',1597,'2018-10-18 11:55:05','2018-10-18 11:55:05'),(1669,'App\\Participant',492,'photos','Webp.net-resizeimage (16)','Webp.net-resizeimage-(16).jpg','image/jpeg','public',244739,'[]','{\"custom_headers\": []}','[]',1598,'2018-10-18 11:56:44','2018-10-18 11:56:44'),(1670,'App\\Participant',489,'photos','Webp.net-resizeimage (17)','Webp.net-resizeimage-(17).jpg','image/jpeg','public',183802,'[]','{\"custom_headers\": []}','[]',1599,'2018-10-18 11:57:32','2018-10-18 11:57:32'),(1671,'App\\Participant',491,'photos','Webp.net-resizeimage (18)','Webp.net-resizeimage-(18).jpg','image/jpeg','public',1936360,'[]','{\"custom_headers\": []}','[]',1600,'2018-10-18 11:58:40','2018-10-18 11:58:40'),(1672,'App\\Participant',486,'photos','Webp.net-resizeimage (19)','Webp.net-resizeimage-(19).jpg','image/jpeg','public',1495277,'[]','{\"custom_headers\": []}','[]',1601,'2018-10-18 11:59:46','2018-10-18 11:59:46'),(1673,'App\\Participant',351,'conduct_codes','Conducta Karina','Conducta-Karina.pdf','application/pdf','public',405622,'[]','{\"custom_headers\": []}','[]',1602,'2018-10-18 13:45:58','2018-10-18 13:45:58'),(1674,'App\\Participant',351,'first_payments','1er Pago','1er-Pago.jpg','image/jpeg','public',31178,'[]','{\"custom_headers\": []}','[]',1603,'2018-10-18 13:45:58','2018-10-18 13:45:58'),(1675,'App\\Participant',351,'last_payments','rsz_12do_pago','rsz_12do_pago.jpg','image/jpeg','public',188791,'[]','{\"custom_headers\": []}','[]',1604,'2018-10-18 13:45:58','2018-10-18 13:45:58'),(1676,'App\\Participant',483,'conduct_codes','IMG_5236','IMG_5236.JPG','image/jpeg','public',1304441,'[]','{\"custom_headers\": []}','[]',1605,'2018-10-18 14:04:50','2018-10-18 14:04:50'),(1677,'App\\Participant',485,'conduct_codes','Codigo de Conducta','Codigo-de-Conducta.pdf','application/pdf','public',4862170,'[]','{\"custom_headers\": []}','[]',1606,'2018-10-18 14:05:28','2018-10-18 14:05:28'),(1678,'App\\Participant',488,'conduct_codes','IMG_5237','IMG_5237.JPG','image/jpeg','public',1224059,'[]','{\"custom_headers\": []}','[]',1607,'2018-10-18 14:05:48','2018-10-18 14:05:48'),(1679,'App\\Participant',466,'conduct_codes','IMG_5238','IMG_5238.jpg','image/jpeg','public',309242,'[]','{\"custom_headers\": []}','[]',1608,'2018-10-18 14:17:05','2018-10-18 14:17:05'),(1680,'App\\Participant',425,'photos','Glauco Ciprian','Glauco-Ciprian.jpg','image/jpeg','public',42026,'[]','{\"custom_headers\": []}','[]',1609,'2018-10-18 14:24:39','2018-10-18 14:24:39'),(1681,'App\\Participant',328,'conduct_codes','cila 2018000','cila-2018000.pdf','application/pdf','public',3446245,'[]','{\"custom_headers\": []}','[]',1610,'2018-10-18 14:27:54','2018-10-18 14:27:54'),(1682,'App\\Participant',328,'first_payments','Recibo de inGRESO','Recibo-de-inGRESO.pdf','application/pdf','public',461720,'[]','{\"custom_headers\": []}','[]',1611,'2018-10-18 14:27:54','2018-10-18 14:27:54'),(1685,'App\\Participant',329,'conduct_codes','cila 2018000','cila-2018000.pdf','application/pdf','public',3446245,'[]','{\"custom_headers\": []}','[]',1614,'2018-10-18 14:29:14','2018-10-18 14:29:14'),(1686,'App\\Participant',329,'first_payments','Recibo de inGRESO','Recibo-de-inGRESO.pdf','application/pdf','public',461720,'[]','{\"custom_headers\": []}','[]',1615,'2018-10-18 14:29:14','2018-10-18 14:29:14'),(1687,'App\\Participant',330,'conduct_codes','cila 2018000','cila-2018000.pdf','application/pdf','public',3446245,'[]','{\"custom_headers\": []}','[]',1616,'2018-10-18 14:30:01','2018-10-18 14:30:01'),(1688,'App\\Participant',330,'first_payments','Recibo de inGRESO','Recibo-de-inGRESO.pdf','application/pdf','public',461720,'[]','{\"custom_headers\": []}','[]',1617,'2018-10-18 14:30:01','2018-10-18 14:30:01'),(1689,'App\\Participant',331,'conduct_codes','cila 2018000','cila-2018000.pdf','application/pdf','public',3446245,'[]','{\"custom_headers\": []}','[]',1618,'2018-10-18 14:31:02','2018-10-18 14:31:02'),(1690,'App\\Participant',331,'first_payments','Recibo de inGRESO','Recibo-de-inGRESO.pdf','application/pdf','public',461720,'[]','{\"custom_headers\": []}','[]',1619,'2018-10-18 14:31:02','2018-10-18 14:31:02'),(1691,'App\\Participant',332,'conduct_codes','cila 2018000','cila-2018000.pdf','application/pdf','public',3446245,'[]','{\"custom_headers\": []}','[]',1620,'2018-10-18 14:33:53','2018-10-18 14:33:53'),(1692,'App\\Participant',332,'first_payments','Recibo de inGRESO','Recibo-de-inGRESO.pdf','application/pdf','public',461720,'[]','{\"custom_headers\": []}','[]',1621,'2018-10-18 14:33:53','2018-10-18 14:33:53'),(1693,'App\\Participant',333,'conduct_codes','cila 2018000','cila-2018000.pdf','application/pdf','public',3446245,'[]','{\"custom_headers\": []}','[]',1622,'2018-10-18 14:35:12','2018-10-18 14:35:12'),(1694,'App\\Participant',333,'first_payments','Recibo de inGRESO','Recibo-de-inGRESO.pdf','application/pdf','public',461720,'[]','{\"custom_headers\": []}','[]',1623,'2018-10-18 14:35:12','2018-10-18 14:35:12'),(1695,'App\\Participant',334,'conduct_codes','cila 2018000','cila-2018000.pdf','application/pdf','public',3446245,'[]','{\"custom_headers\": []}','[]',1624,'2018-10-18 14:35:43','2018-10-18 14:35:43'),(1696,'App\\Participant',334,'first_payments','Recibo de inGRESO','Recibo-de-inGRESO.pdf','application/pdf','public',461720,'[]','{\"custom_headers\": []}','[]',1625,'2018-10-18 14:35:43','2018-10-18 14:35:43'),(1697,'App\\Participant',335,'conduct_codes','cila 2018000','cila-2018000.pdf','application/pdf','public',3446245,'[]','{\"custom_headers\": []}','[]',1626,'2018-10-18 14:36:47','2018-10-18 14:36:47'),(1698,'App\\Participant',335,'first_payments','Recibo de inGRESO','Recibo-de-inGRESO.pdf','application/pdf','public',461720,'[]','{\"custom_headers\": []}','[]',1627,'2018-10-18 14:36:47','2018-10-18 14:36:47'),(1701,'App\\Participant',336,'conduct_codes','cila 2018000','cila-2018000.pdf','application/pdf','public',3446245,'[]','{\"custom_headers\": []}','[]',1630,'2018-10-18 14:39:06','2018-10-18 14:39:06'),(1702,'App\\Participant',336,'first_payments','Recibo de inGRESO','Recibo-de-inGRESO.pdf','application/pdf','public',461720,'[]','{\"custom_headers\": []}','[]',1631,'2018-10-18 14:39:06','2018-10-18 14:39:06'),(1703,'App\\Participant',337,'conduct_codes','cila 2018000','cila-2018000.pdf','application/pdf','public',3446245,'[]','{\"custom_headers\": []}','[]',1632,'2018-10-18 14:39:48','2018-10-18 14:39:48'),(1704,'App\\Participant',337,'first_payments','Recibo de inGRESO','Recibo-de-inGRESO.pdf','application/pdf','public',461720,'[]','{\"custom_headers\": []}','[]',1633,'2018-10-18 14:39:48','2018-10-18 14:39:48'),(1705,'App\\Participant',338,'conduct_codes','cila 2018000','cila-2018000.pdf','application/pdf','public',3446245,'[]','{\"custom_headers\": []}','[]',1634,'2018-10-18 14:40:27','2018-10-18 14:40:27'),(1706,'App\\Participant',338,'first_payments','Recibo de inGRESO','Recibo-de-inGRESO.pdf','application/pdf','public',461720,'[]','{\"custom_headers\": []}','[]',1635,'2018-10-18 14:40:27','2018-10-18 14:40:27'),(1707,'App\\Participant',339,'conduct_codes','cila 2018000','cila-2018000.pdf','application/pdf','public',3446245,'[]','{\"custom_headers\": []}','[]',1636,'2018-10-18 14:41:16','2018-10-18 14:41:16'),(1708,'App\\Participant',339,'first_payments','Recibo de inGRESO','Recibo-de-inGRESO.pdf','application/pdf','public',461720,'[]','{\"custom_headers\": []}','[]',1637,'2018-10-18 14:41:16','2018-10-18 14:41:16'),(1709,'App\\Participant',340,'conduct_codes','cila 2018000','cila-2018000.pdf','application/pdf','public',3446245,'[]','{\"custom_headers\": []}','[]',1638,'2018-10-18 14:41:56','2018-10-18 14:41:56'),(1710,'App\\Participant',340,'first_payments','Recibo de inGRESO','Recibo-de-inGRESO.pdf','application/pdf','public',461720,'[]','{\"custom_headers\": []}','[]',1639,'2018-10-18 14:41:56','2018-10-18 14:41:56'),(1711,'App\\Participant',341,'conduct_codes','cila 2018000','cila-2018000.pdf','application/pdf','public',3446245,'[]','{\"custom_headers\": []}','[]',1640,'2018-10-18 14:42:34','2018-10-18 14:42:34'),(1712,'App\\Participant',341,'first_payments','Recibo de inGRESO','Recibo-de-inGRESO.pdf','application/pdf','public',461720,'[]','{\"custom_headers\": []}','[]',1641,'2018-10-18 14:42:34','2018-10-18 14:42:34'),(1721,'App\\Participant',342,'conduct_codes','cila 2018000','cila-2018000.pdf','application/pdf','public',3446245,'[]','{\"custom_headers\": []}','[]',1650,'2018-10-18 14:51:59','2018-10-18 14:51:59'),(1722,'App\\Participant',342,'first_payments','Recibo de inGRESO','Recibo-de-inGRESO.pdf','application/pdf','public',461720,'[]','{\"custom_headers\": []}','[]',1651,'2018-10-18 14:51:59','2018-10-18 14:51:59'),(1723,'App\\Participant',343,'conduct_codes','cila 2018000','cila-2018000.pdf','application/pdf','public',3446245,'[]','{\"custom_headers\": []}','[]',1652,'2018-10-18 14:52:45','2018-10-18 14:52:45'),(1724,'App\\Participant',343,'first_payments','Recibo de inGRESO','Recibo-de-inGRESO.pdf','application/pdf','public',461720,'[]','{\"custom_headers\": []}','[]',1653,'2018-10-18 14:52:45','2018-10-18 14:52:45'),(1729,'App\\Participant',484,'conduct_codes','cila 2018000','cila-2018000.pdf','application/pdf','public',3446245,'[]','{\"custom_headers\": []}','[]',1658,'2018-10-18 14:54:43','2018-10-18 14:54:43'),(1730,'App\\Participant',484,'first_payments','Recibo de inGRESO','Recibo-de-inGRESO.pdf','application/pdf','public',461720,'[]','{\"custom_headers\": []}','[]',1659,'2018-10-18 14:54:44','2018-10-18 14:54:44'),(1731,'App\\Participant',16,'first_payments','camila reyes','camila-reyes.jpg','image/jpeg','public',447482,'[]','{\"custom_headers\": []}','[]',1660,'2018-10-18 14:54:59','2018-10-18 14:54:59'),(1732,'App\\Participant',16,'last_payments','camilareyes2','camilareyes2.jpeg','image/jpeg','public',102502,'[]','{\"custom_headers\": []}','[]',1661,'2018-10-18 14:54:59','2018-10-18 14:54:59'),(1733,'App\\Participant',486,'conduct_codes','cila 2018000','cila-2018000.pdf','application/pdf','public',3446245,'[]','{\"custom_headers\": []}','[]',1662,'2018-10-18 14:55:29','2018-10-18 14:55:29'),(1734,'App\\Participant',486,'first_payments','Recibo de inGRESO','Recibo-de-inGRESO.pdf','application/pdf','public',461720,'[]','{\"custom_headers\": []}','[]',1663,'2018-10-18 14:55:29','2018-10-18 14:55:29'),(1737,'App\\Participant',489,'conduct_codes','cila 2018000','cila-2018000.pdf','application/pdf','public',3446245,'[]','{\"custom_headers\": []}','[]',1666,'2018-10-18 14:57:00','2018-10-18 14:57:00'),(1738,'App\\Participant',489,'first_payments','Recibo de inGRESO','Recibo-de-inGRESO.pdf','application/pdf','public',461720,'[]','{\"custom_headers\": []}','[]',1667,'2018-10-18 14:57:00','2018-10-18 14:57:00'),(1739,'App\\Participant',491,'conduct_codes','cila 2018000','cila-2018000.pdf','application/pdf','public',3446245,'[]','{\"custom_headers\": []}','[]',1668,'2018-10-18 14:57:35','2018-10-18 14:57:35'),(1740,'App\\Participant',491,'first_payments','Recibo de inGRESO','Recibo-de-inGRESO.pdf','application/pdf','public',461720,'[]','{\"custom_headers\": []}','[]',1669,'2018-10-18 14:57:35','2018-10-18 14:57:35'),(1741,'App\\Participant',492,'conduct_codes','cila 2018000','cila-2018000.pdf','application/pdf','public',3446245,'[]','{\"custom_headers\": []}','[]',1670,'2018-10-18 14:58:15','2018-10-18 14:58:15'),(1742,'App\\Participant',492,'first_payments','Recibo de inGRESO','Recibo-de-inGRESO.pdf','application/pdf','public',461720,'[]','{\"custom_headers\": []}','[]',1671,'2018-10-18 14:58:15','2018-10-18 14:58:15'),(1743,'App\\Participant',506,'conduct_codes','cila 2018000','cila-2018000.pdf','application/pdf','public',3446245,'[]','{\"custom_headers\": []}','[]',1672,'2018-10-18 14:58:59','2018-10-18 14:58:59'),(1744,'App\\Participant',506,'first_payments','Recibo de inGRESO','Recibo-de-inGRESO.pdf','application/pdf','public',461720,'[]','{\"custom_headers\": []}','[]',1673,'2018-10-18 14:58:59','2018-10-18 14:58:59'),(1745,'App\\Participant',23,'photos','angeloliva','angeloliva.jpg','image/jpeg','public',82810,'[]','{\"custom_headers\": []}','[]',1674,'2018-10-18 15:22:54','2018-10-18 15:22:54'),(1746,'App\\Participant',318,'photos','20181015_150648','20181015_150648.jpg','image/jpeg','public',1617131,'[]','{\"custom_headers\": []}','[]',1675,'2018-10-18 15:53:50','2018-10-18 15:53:50'),(1747,'App\\Participant',319,'photos','IMG-20181015-WA0006 (1)','IMG-20181015-WA0006-(1).jpg','image/jpeg','public',101081,'[]','{\"custom_headers\": []}','[]',1676,'2018-10-18 16:01:02','2018-10-18 16:01:02'),(1748,'App\\Participant',326,'photos','IMG-20181015-WA0012','IMG-20181015-WA0012.jpg','image/jpeg','public',39360,'[]','{\"custom_headers\": []}','[]',1677,'2018-10-18 16:02:16','2018-10-18 16:02:16'),(1750,'App\\Participant',311,'photos','Luis martinez','Luis-martinez.jpg','image/jpeg','public',34751,'[]','{\"custom_headers\": []}','[]',1679,'2018-10-18 16:19:46','2018-10-18 16:19:46'),(1752,'App\\Participant',314,'conduct_codes','Marmol Doc','Marmol-Doc.jpg','image/jpeg','public',90391,'[]','{\"custom_headers\": []}','[]',1681,'2018-10-18 16:21:36','2018-10-18 16:21:36'),(1753,'App\\Participant',314,'last_payments','Recibo pago banco','Recibo-pago-banco.jpg','image/jpeg','public',54894,'[]','{\"custom_headers\": []}','[]',1682,'2018-10-18 16:21:36','2018-10-18 16:21:36'),(1754,'App\\Participant',318,'last_payments','Recibo pago banco','Recibo-pago-banco.jpg','image/jpeg','public',54894,'[]','{\"custom_headers\": []}','[]',1683,'2018-10-18 16:23:55','2018-10-18 16:23:55'),(1755,'App\\Participant',319,'conduct_codes','Ramsell Doc','Ramsell-Doc.jpg','image/jpeg','public',77782,'[]','{\"custom_headers\": []}','[]',1684,'2018-10-18 16:24:19','2018-10-18 16:24:19'),(1756,'App\\Participant',319,'last_payments','Recibo pago banco','Recibo-pago-banco.jpg','image/jpeg','public',54894,'[]','{\"custom_headers\": []}','[]',1685,'2018-10-18 16:24:19','2018-10-18 16:24:19'),(1757,'App\\Participant',321,'conduct_codes','Oliver Doc','Oliver-Doc.jpg','image/jpeg','public',88351,'[]','{\"custom_headers\": []}','[]',1686,'2018-10-18 16:24:59','2018-10-18 16:24:59'),(1758,'App\\Participant',321,'last_payments','Recibo pago banco','Recibo-pago-banco.jpg','image/jpeg','public',54894,'[]','{\"custom_headers\": []}','[]',1687,'2018-10-18 16:24:59','2018-10-18 16:24:59'),(1760,'App\\Participant',323,'conduct_codes','HectorRojas Doc','HectorRojas-Doc.jpg','image/jpeg','public',87800,'[]','{\"custom_headers\": []}','[]',1689,'2018-10-18 16:25:40','2018-10-18 16:25:40'),(1761,'App\\Participant',323,'last_payments','Recibo pago banco','Recibo-pago-banco.jpg','image/jpeg','public',54894,'[]','{\"custom_headers\": []}','[]',1690,'2018-10-18 16:25:40','2018-10-18 16:25:40'),(1762,'App\\Participant',326,'conduct_codes','Jose Doc','Jose-Doc.jpg','image/jpeg','public',81492,'[]','{\"custom_headers\": []}','[]',1691,'2018-10-18 16:26:01','2018-10-18 16:26:01'),(1763,'App\\Participant',326,'last_payments','Recibo pago banco','Recibo-pago-banco.jpg','image/jpeg','public',54894,'[]','{\"custom_headers\": []}','[]',1692,'2018-10-18 16:26:01','2018-10-18 16:26:01'),(1764,'App\\Participant',311,'first_payments','ReciboBancoInicial','ReciboBancoInicial.jpg','image/jpeg','public',65221,'[]','{\"custom_headers\": []}','[]',1693,'2018-10-18 16:30:18','2018-10-18 16:30:18'),(1765,'App\\Participant',311,'last_payments','Recibo pago banco','Recibo-pago-banco.jpg','image/jpeg','public',54894,'[]','{\"custom_headers\": []}','[]',1694,'2018-10-18 16:30:18','2018-10-18 16:30:18'),(1766,'App\\Participant',314,'first_payments','ReciboBancoInicial','ReciboBancoInicial.jpg','image/jpeg','public',65221,'[]','{\"custom_headers\": []}','[]',1695,'2018-10-18 16:30:35','2018-10-18 16:30:35'),(1767,'App\\Participant',319,'first_payments','ReciboBancoInicial','ReciboBancoInicial.jpg','image/jpeg','public',65221,'[]','{\"custom_headers\": []}','[]',1696,'2018-10-18 16:31:10','2018-10-18 16:31:10'),(1768,'App\\Participant',318,'conduct_codes','Francisco Doc','Francisco-Doc.jpg','image/jpeg','public',91803,'[]','{\"custom_headers\": []}','[]',1697,'2018-10-18 16:31:53','2018-10-18 16:31:53'),(1769,'App\\Participant',318,'first_payments','ReciboBancoInicial','ReciboBancoInicial.jpg','image/jpeg','public',65221,'[]','{\"custom_headers\": []}','[]',1698,'2018-10-18 16:31:53','2018-10-18 16:31:53'),(1770,'App\\Participant',321,'first_payments','ReciboBancoInicial','ReciboBancoInicial.jpg','image/jpeg','public',65221,'[]','{\"custom_headers\": []}','[]',1699,'2018-10-18 16:32:11','2018-10-18 16:32:11'),(1771,'App\\Participant',323,'first_payments','ReciboBancoInicial','ReciboBancoInicial.jpg','image/jpeg','public',65221,'[]','{\"custom_headers\": []}','[]',1700,'2018-10-18 16:32:26','2018-10-18 16:32:26'),(1772,'App\\Participant',326,'first_payments','ReciboBancoInicial','ReciboBancoInicial.jpg','image/jpeg','public',65221,'[]','{\"custom_headers\": []}','[]',1701,'2018-10-18 16:32:41','2018-10-18 16:32:41'),(1773,'App\\Participant',154,'last_payments','IMG_1679','IMG_1679.JPG','image/jpeg','public',1855303,'[]','{\"custom_headers\": []}','[]',1702,'2018-10-18 18:38:55','2018-10-18 18:38:55'),(1774,'App\\Participant',156,'last_payments','MARIA GABRIELA COMPLETO','MARIA-GABRIELA-COMPLETO.jpeg','image/jpeg','public',156718,'[]','{\"custom_headers\": []}','[]',1703,'2018-10-18 18:48:38','2018-10-18 18:48:38'),(1775,'App\\Participant',50,'last_payments','IMG-20181018-WA0035','IMG-20181018-WA0035.jpg','image/jpeg','public',35093,'[]','{\"custom_headers\": []}','[]',1704,'2018-10-18 18:58:14','2018-10-18 18:58:14'),(1776,'App\\Participant',51,'last_payments','IMG-20181018-WA0035','IMG-20181018-WA0035.jpg','image/jpeg','public',35093,'[]','{\"custom_headers\": []}','[]',1705,'2018-10-18 18:58:36','2018-10-18 18:58:36'),(1777,'App\\Participant',56,'last_payments','IMG-20181018-WA0035','IMG-20181018-WA0035.jpg','image/jpeg','public',35093,'[]','{\"custom_headers\": []}','[]',1706,'2018-10-18 18:58:57','2018-10-18 18:58:57'),(1778,'App\\Participant',314,'photos','hectorMarmol','hectorMarmol.jpg','image/jpeg','public',742190,'[]','{\"custom_headers\": []}','[]',1707,'2018-10-18 19:20:27','2018-10-18 19:20:27'),(1780,'App\\Participant',342,'photos','E00EE81E-8F5B-4AC1-B426-6635EFF8A6E8','E00EE81E-8F5B-4AC1-B426-6635EFF8A6E8.jpeg','image/jpeg','public',147320,'[]','{\"custom_headers\": []}','[]',1708,'2018-10-18 19:45:19','2018-10-18 19:45:19'),(1781,'App\\Participant',514,'photos','972FC017-C9F0-472F-ACB2-3ABF1F00D316','972FC017-C9F0-472F-ACB2-3ABF1F00D316.jpeg','image/jpeg','public',17643,'[]','{\"custom_headers\": []}','[]',1709,'2018-10-18 19:45:53','2018-10-18 19:45:53'),(1782,'App\\Participant',504,'photos','FB_IMG_1539875794402','FB_IMG_1539875794402.jpg','image/jpeg','public',6028,'[]','{\"custom_headers\": []}','[]',1710,'2018-10-18 20:18:43','2018-10-18 20:18:43'),(1783,'App\\Participant',444,'first_payments','valentina','valentina.jpeg','image/jpeg','public',62130,'[]','{\"custom_headers\": []}','[]',1711,'2018-10-18 21:21:20','2018-10-18 21:21:20'),(1784,'App\\Participant',515,'last_payments','GERONIMO HOTEL','GERONIMO-HOTEL.jpeg','image/jpeg','public',120339,'[]','{\"custom_headers\": []}','[]',1712,'2018-10-18 22:31:18','2018-10-18 22:31:18'),(1785,'App\\Participant',515,'photos','geronimo','geronimo.jpeg','image/jpeg','public',63009,'[]','{\"custom_headers\": []}','[]',1713,'2018-10-18 22:37:38','2018-10-18 22:37:38'),(1786,'App\\Participant',516,'photos','GOAR 1','GOAR-1.jpeg','image/jpeg','public',85500,'[]','{\"custom_headers\": []}','[]',1714,'2018-10-18 22:55:30','2018-10-18 22:55:30'),(1787,'App\\Participant',136,'conduct_codes','GABRIELA GARCIA','GABRIELA-GARCIA.pdf','application/pdf','public',108348,'[]','{\"custom_headers\": []}','[]',1715,'2018-10-18 22:59:00','2018-10-18 22:59:00'),(1788,'App\\Participant',142,'conduct_codes','LINDA MATTERA','LINDA-MATTERA.pdf','application/pdf','public',119887,'[]','{\"custom_headers\": []}','[]',1716,'2018-10-18 22:59:54','2018-10-18 22:59:54'),(1789,'App\\Participant',119,'photos','laura','laura.jpg','image/jpeg','public',104150,'[]','{\"custom_headers\": []}','[]',1717,'2018-10-18 23:09:34','2018-10-18 23:09:34'),(1790,'App\\Participant',122,'conduct_codes','SHandry Plasimon','SHandry-Plasimon.pdf','application/pdf','public',152246,'[]','{\"custom_headers\": []}','[]',1718,'2018-10-18 23:10:03','2018-10-18 23:10:03'),(1791,'App\\Participant',126,'photos','jordania','jordania.jpg','image/jpeg','public',37586,'[]','{\"custom_headers\": []}','[]',1719,'2018-10-18 23:10:34','2018-10-18 23:10:34'),(1792,'App\\Participant',132,'photos','sebas','sebas.jpg','image/jpeg','public',69963,'[]','{\"custom_headers\": []}','[]',1720,'2018-10-18 23:10:59','2018-10-18 23:10:59'),(1793,'App\\Participant',136,'photos','Gabriela','Gabriela.jpg','image/jpeg','public',76332,'[]','{\"custom_headers\": []}','[]',1721,'2018-10-18 23:13:12','2018-10-18 23:13:12'),(1794,'App\\Participant',135,'conduct_codes','Sarah Montes','Sarah-Montes.pdf','application/pdf','public',113785,'[]','{\"custom_headers\": []}','[]',1722,'2018-10-18 23:16:28','2018-10-18 23:16:28'),(1795,'App\\Participant',137,'photos','saul','saul.jpg','image/jpeg','public',55974,'[]','{\"custom_headers\": []}','[]',1723,'2018-10-18 23:16:52','2018-10-18 23:16:52'),(1796,'App\\Participant',138,'photos','isabel','isabel.jpg','image/jpeg','public',86288,'[]','{\"custom_headers\": []}','[]',1724,'2018-10-18 23:17:32','2018-10-18 23:17:32'),(1797,'App\\Participant',138,'conduct_codes','Isabel Tejeda','Isabel-Tejeda.pdf','application/pdf','public',65145,'[]','{\"custom_headers\": []}','[]',1725,'2018-10-18 23:17:32','2018-10-18 23:17:32'),(1798,'App\\Participant',142,'photos','Linda','Linda.jpg','image/jpeg','public',100988,'[]','{\"custom_headers\": []}','[]',1726,'2018-10-18 23:28:43','2018-10-18 23:28:43'),(1799,'App\\Participant',141,'conduct_codes','MAITE KEMLIN','MAITE-KEMLIN.pdf','application/pdf','public',121737,'[]','{\"custom_headers\": []}','[]',1727,'2018-10-18 23:29:32','2018-10-18 23:29:32'),(1800,'App\\Participant',144,'photos','Luis','Luis.jpg','image/jpeg','public',103517,'[]','{\"custom_headers\": []}','[]',1728,'2018-10-18 23:32:45','2018-10-18 23:32:45'),(1801,'App\\Participant',145,'photos','fabrizio','fabrizio.jpg','image/jpeg','public',93691,'[]','{\"custom_headers\": []}','[]',1729,'2018-10-18 23:33:22','2018-10-18 23:33:22'),(1802,'App\\Participant',152,'photos','PHOTO-2018-10-18-15-32-18','PHOTO-2018-10-18-15-32-18.jpg','image/jpeg','public',90460,'[]','{\"custom_headers\": []}','[]',1730,'2018-10-18 23:33:51','2018-10-18 23:33:51'),(1803,'App\\Participant',123,'photos','Angelica','Angelica.jpg','image/jpeg','public',93740,'[]','{\"custom_headers\": []}','[]',1731,'2018-10-18 23:34:17','2018-10-18 23:34:17'),(1804,'App\\Participant',135,'photos','Sarah 2','Sarah-2.jpg','image/jpeg','public',77807,'[]','{\"custom_headers\": []}','[]',1732,'2018-10-18 23:34:43','2018-10-18 23:34:43'),(1806,'App\\Participant',179,'last_payments','1pagoestudiantes2018-10-18 16.45.50_1','1pagoestudiantes2018-10-18-16.45.50_1.pdf','application/pdf','public',213025,'[]','{\"custom_headers\": []}','[]',1734,'2018-10-19 02:03:15','2018-10-19 02:03:15'),(1807,'App\\Participant',182,'last_payments','1pagoestudiantes2018-10-18 16.45.50_1','1pagoestudiantes2018-10-18-16.45.50_1.pdf','application/pdf','public',213025,'[]','{\"custom_headers\": []}','[]',1735,'2018-10-19 02:04:07','2018-10-19 02:04:07'),(1808,'App\\Participant',184,'last_payments','1pagoestudiantes2018-10-18 16.45.50_1','1pagoestudiantes2018-10-18-16.45.50_1.pdf','application/pdf','public',213025,'[]','{\"custom_headers\": []}','[]',1736,'2018-10-19 02:05:02','2018-10-19 02:05:02'),(1809,'App\\Participant',83,'conduct_codes','Diego Jiménez 001','Diego-Jiménez-001.jpg','image/jpeg','public',784033,'[]','{\"custom_headers\": []}','[]',1737,'2018-10-19 13:03:32','2018-10-19 13:03:32'),(1810,'App\\Participant',482,'conduct_codes','Camila Velez 001','Camila-Velez-001.jpg','image/jpeg','public',826014,'[]','{\"custom_headers\": []}','[]',1738,'2018-10-19 13:04:51','2018-10-19 13:04:51'),(1811,'App\\Participant',231,'conduct_codes','Ana Kristina 001','Ana-Kristina-001.jpg','image/jpeg','public',488345,'[]','{\"custom_headers\": []}','[]',1739,'2018-10-19 13:05:57','2018-10-19 13:05:57'),(1812,'App\\Participant',218,'conduct_codes','Ana Kristina 001','Ana-Kristina-001.jpg','image/jpeg','public',488345,'[]','{\"custom_headers\": []}','[]',1740,'2018-10-19 13:06:46','2018-10-19 13:06:46'),(1813,'App\\Participant',512,'last_payments','ENMANUELLE COMPLETO','ENMANUELLE-COMPLETO.jpeg','image/jpeg','public',124971,'[]','{\"custom_headers\": []}','[]',1741,'2018-10-19 13:07:50','2018-10-19 13:07:50'),(1814,'App\\Participant',218,'first_payments','PAGO DE 200 DOLARES','PAGO-DE-200-DOLARES.pdf','application/pdf','public',208384,'[]','{\"custom_headers\": []}','[]',1742,'2018-10-19 14:57:19','2018-10-19 14:57:19'),(1815,'App\\Participant',218,'last_payments','PAGO DE 1,530 DOLARES','PAGO-DE-1,530-DOLARES.pdf','application/pdf','public',322432,'[]','{\"custom_headers\": []}','[]',1743,'2018-10-19 14:57:19','2018-10-19 14:57:19'),(1816,'App\\Participant',231,'first_payments','PAGO DE 200 DOLARES','PAGO-DE-200-DOLARES.pdf','application/pdf','public',208384,'[]','{\"custom_headers\": []}','[]',1744,'2018-10-19 14:57:49','2018-10-19 14:57:49'),(1817,'App\\Participant',231,'last_payments','PAGO DE 1,530 DOLARES','PAGO-DE-1,530-DOLARES.pdf','application/pdf','public',322432,'[]','{\"custom_headers\": []}','[]',1745,'2018-10-19 14:57:49','2018-10-19 14:57:49'),(1818,'App\\Participant',353,'last_payments','astrid','astrid.jpeg','image/jpeg','public',77513,'[]','{\"custom_headers\": []}','[]',1746,'2018-10-19 15:33:30','2018-10-19 15:33:30'),(1822,'App\\Participant',517,'conduct_codes','alexis martir','alexis-martir.pdf','application/pdf','public',918898,'[]','{\"custom_headers\": []}','[]',1750,'2018-10-19 18:15:32','2018-10-19 18:15:32'),(1824,'App\\Participant',518,'conduct_codes','cesar manuel baez','cesar-manuel-baez.pdf','application/pdf','public',920391,'[]','{\"custom_headers\": []}','[]',1752,'2018-10-19 18:18:22','2018-10-19 18:18:22'),(1826,'App\\Participant',519,'conduct_codes','Josue Raul Castillo','Josue-Raul-Castillo.pdf','application/pdf','public',458482,'[]','{\"custom_headers\": []}','[]',1754,'2018-10-19 18:22:33','2018-10-19 18:22:33'),(1828,'App\\Participant',520,'conduct_codes','oscar gonzales','oscar-gonzales.pdf','application/pdf','public',927855,'[]','{\"custom_headers\": []}','[]',1756,'2018-10-19 18:25:11','2018-10-19 18:25:11'),(1832,'App\\Participant',517,'first_payments','Gerente General Naciones Unidas','Gerente-General-Naciones-Unidas.pdf','application/pdf','public',283063,'[]','{\"custom_headers\": []}','[]',1759,'2018-10-19 19:20:42','2018-10-19 19:20:42'),(1833,'App\\Participant',517,'last_payments','Gerente General Naciones Unidas','Gerente-General-Naciones-Unidas.pdf','application/pdf','public',283063,'[]','{\"custom_headers\": []}','[]',1760,'2018-10-19 19:20:42','2018-10-19 19:20:42'),(1834,'App\\Participant',518,'first_payments','Gerente General Naciones Unidas','Gerente-General-Naciones-Unidas.pdf','application/pdf','public',283063,'[]','{\"custom_headers\": []}','[]',1761,'2018-10-19 19:23:40','2018-10-19 19:23:40'),(1835,'App\\Participant',518,'last_payments','Gerente General Naciones Unidas','Gerente-General-Naciones-Unidas.pdf','application/pdf','public',283063,'[]','{\"custom_headers\": []}','[]',1762,'2018-10-19 19:23:40','2018-10-19 19:23:40'),(1836,'App\\Participant',519,'first_payments','Gerente General Naciones Unidas','Gerente-General-Naciones-Unidas.pdf','application/pdf','public',283063,'[]','{\"custom_headers\": []}','[]',1763,'2018-10-19 19:24:20','2018-10-19 19:24:20'),(1837,'App\\Participant',519,'last_payments','Gerente General Naciones Unidas','Gerente-General-Naciones-Unidas.pdf','application/pdf','public',283063,'[]','{\"custom_headers\": []}','[]',1764,'2018-10-19 19:24:20','2018-10-19 19:24:20'),(1838,'App\\Participant',520,'first_payments','Gerente General Naciones Unidas','Gerente-General-Naciones-Unidas.pdf','application/pdf','public',283063,'[]','{\"custom_headers\": []}','[]',1765,'2018-10-19 19:24:47','2018-10-19 19:24:47'),(1839,'App\\Participant',520,'last_payments','Gerente General Naciones Unidas','Gerente-General-Naciones-Unidas.pdf','application/pdf','public',283063,'[]','{\"custom_headers\": []}','[]',1766,'2018-10-19 19:24:47','2018-10-19 19:24:47'),(1843,'App\\Participant',521,'photos','Franklyn Araujo','Franklyn-Araujo.jpg','image/jpeg','public',102985,'[]','{\"custom_headers\": []}','[]',1768,'2018-10-19 20:23:24','2018-10-19 20:23:24'),(1844,'App\\Participant',521,'conduct_codes','Franklin Araujo','Franklin-Araujo.pdf','application/pdf','public',856501,'[]','{\"custom_headers\": []}','[]',1769,'2018-10-19 20:23:24','2018-10-19 20:23:24'),(1845,'App\\Participant',521,'first_payments','IMG-20181019-WA0020','IMG-20181019-WA0020.jpg','image/jpeg','public',89936,'[]','{\"custom_headers\": []}','[]',1770,'2018-10-19 20:36:45','2018-10-19 20:36:45'),(1846,'App\\Participant',521,'last_payments','IMG-20181019-WA0020','IMG-20181019-WA0020.jpg','image/jpeg','public',89936,'[]','{\"custom_headers\": []}','[]',1771,'2018-10-19 20:36:45','2018-10-19 20:36:45'),(1854,'App\\Participant',524,'conduct_codes','WhatsApp Image 2018-10-18 at 4.46.28 PM','WhatsApp-Image-2018-10-18-at-4.46.28-PM.jpeg','image/jpeg','public',92733,'[]','{\"custom_headers\": []}','[]',1779,'2018-10-19 21:06:36','2018-10-19 21:06:36'),(1855,'App\\Participant',524,'first_payments','WhatsApp Image 2018-10-19 at 4.27.49 PM','WhatsApp-Image-2018-10-19-at-4.27.49-PM.jpeg','image/jpeg','public',63137,'[]','{\"custom_headers\": []}','[]',1780,'2018-10-19 21:06:36','2018-10-19 21:06:36'),(1856,'App\\Participant',524,'last_payments','WhatsApp Image 2018-10-19 at 6.04.30 PM (1)','WhatsApp-Image-2018-10-19-at-6.04.30-PM-(1).jpeg','image/jpeg','public',109350,'[]','{\"custom_headers\": []}','[]',1781,'2018-10-19 21:06:36','2018-10-19 21:06:36'),(1858,'App\\Participant',525,'conduct_codes','IMG-20181018-WA0004','IMG-20181018-WA0004.jpg','image/jpeg','public',92733,'[]','{\"custom_headers\": []}','[]',1783,'2018-10-19 21:06:58','2018-10-19 21:06:58'),(1859,'App\\Participant',525,'first_payments','IMG-20181019-WA0009','IMG-20181019-WA0009.jpg','image/jpeg','public',63137,'[]','{\"custom_headers\": []}','[]',1784,'2018-10-19 21:06:58','2018-10-19 21:06:58'),(1860,'App\\Participant',525,'last_payments','IMG-20181019-WA0017','IMG-20181019-WA0017.jpg','image/jpeg','public',109350,'[]','{\"custom_headers\": []}','[]',1785,'2018-10-19 21:06:58','2018-10-19 21:06:58'),(1862,'App\\Participant',526,'conduct_codes','IMG-20181019-WA0036','IMG-20181019-WA0036.jpg','image/jpeg','public',100005,'[]','{\"custom_headers\": []}','[]',1787,'2018-10-19 21:11:24','2018-10-19 21:11:24'),(1863,'App\\Participant',526,'first_payments','IMG-20181019-WA0033','IMG-20181019-WA0033.jpg','image/jpeg','public',63137,'[]','{\"custom_headers\": []}','[]',1788,'2018-10-19 21:11:24','2018-10-19 21:11:24'),(1864,'App\\Participant',526,'last_payments','IMG-20181019-WA0043','IMG-20181019-WA0043.jpg','image/jpeg','public',109350,'[]','{\"custom_headers\": []}','[]',1789,'2018-10-19 21:11:24','2018-10-19 21:11:24'),(1869,'App\\Participant',528,'photos','F54F913A-573B-43FA-85C1-7DFB3803A400','F54F913A-573B-43FA-85C1-7DFB3803A400.jpeg','image/jpeg','public',168200,'[]','{\"custom_headers\": []}','[]',1790,'2018-10-19 21:25:16','2018-10-19 21:25:16'),(1870,'App\\Participant',528,'conduct_codes','02F279AA-40F2-42FB-BD6E-84C70FE3F2E0','02F279AA-40F2-42FB-BD6E-84C70FE3F2E0.jpeg','image/jpeg','public',92733,'[]','{\"custom_headers\": []}','[]',1791,'2018-10-19 21:25:16','2018-10-19 21:25:16'),(1871,'App\\Participant',528,'first_payments','D70E6D6C-3717-4C35-894F-68DC1D2E6917','D70E6D6C-3717-4C35-894F-68DC1D2E6917.jpeg','image/jpeg','public',63137,'[]','{\"custom_headers\": []}','[]',1792,'2018-10-19 21:25:16','2018-10-19 21:25:16'),(1872,'App\\Participant',528,'last_payments','CA469D29-4A2B-40CD-BDB6-14AD4B8F95A1','CA469D29-4A2B-40CD-BDB6-14AD4B8F95A1.jpeg','image/jpeg','public',109350,'[]','{\"custom_headers\": []}','[]',1793,'2018-10-19 21:25:16','2018-10-19 21:25:16'),(1875,'App\\Participant',531,'photos','283187B6-4E82-4104-B15D-803AD277B262','283187B6-4E82-4104-B15D-803AD277B262.jpeg','image/jpeg','public',296193,'[]','{\"custom_headers\": []}','[]',1796,'2018-10-19 21:37:11','2018-10-19 21:37:11'),(1876,'App\\Participant',531,'conduct_codes','4A3D64B3-116F-4E6A-A8A9-82D45E2E4500','4A3D64B3-116F-4E6A-A8A9-82D45E2E4500.jpeg','image/jpeg','public',100005,'[]','{\"custom_headers\": []}','[]',1797,'2018-10-19 21:37:11','2018-10-19 21:37:11'),(1877,'App\\Participant',531,'first_payments','29B6257A-405C-49A2-A890-A01078F6E92C','29B6257A-405C-49A2-A890-A01078F6E92C.jpeg','image/jpeg','public',63137,'[]','{\"custom_headers\": []}','[]',1798,'2018-10-19 21:37:11','2018-10-19 21:37:11'),(1878,'App\\Participant',531,'last_payments','F002198A-0306-451D-ABC1-56CD191517FE','F002198A-0306-451D-ABC1-56CD191517FE.jpeg','image/jpeg','public',109350,'[]','{\"custom_headers\": []}','[]',1799,'2018-10-19 21:37:11','2018-10-19 21:37:11'),(1880,'App\\Participant',532,'conduct_codes','512436D2-8AAE-4CD1-AFEA-B7BDA12B6370','512436D2-8AAE-4CD1-AFEA-B7BDA12B6370.png','image/png','public',1549603,'[]','{\"custom_headers\": []}','[]',1801,'2018-10-19 22:02:56','2018-10-19 22:02:56'),(1881,'App\\Participant',532,'first_payments','59C96835-9077-44ED-AE0A-3C65B3EE3BBD','59C96835-9077-44ED-AE0A-3C65B3EE3BBD.jpeg','image/jpeg','public',63137,'[]','{\"custom_headers\": []}','[]',1802,'2018-10-19 22:02:56','2018-10-19 22:02:56'),(1882,'App\\Participant',532,'last_payments','BBE22BD6-9B7C-466D-BD5A-95490351A738','BBE22BD6-9B7C-466D-BD5A-95490351A738.jpeg','image/jpeg','public',109350,'[]','{\"custom_headers\": []}','[]',1803,'2018-10-19 22:02:56','2018-10-19 22:02:56'),(1884,'App\\Participant',533,'conduct_codes','0E503B39-2867-4903-B5AD-363E3701F534','0E503B39-2867-4903-B5AD-363E3701F534.jpeg','image/jpeg','public',92733,'[]','{\"custom_headers\": []}','[]',1805,'2018-10-19 22:11:15','2018-10-19 22:11:15'),(1885,'App\\Participant',533,'first_payments','F853790A-5118-412F-B42F-F8952020821E','F853790A-5118-412F-B42F-F8952020821E.jpeg','image/jpeg','public',63137,'[]','{\"custom_headers\": []}','[]',1806,'2018-10-19 22:11:15','2018-10-19 22:11:15'),(1886,'App\\Participant',533,'last_payments','D7EB5834-1E26-4EE8-98D2-8302F7FA9ADA','D7EB5834-1E26-4EE8-98D2-8302F7FA9ADA.jpeg','image/jpeg','public',109350,'[]','{\"custom_headers\": []}','[]',1807,'2018-10-19 22:11:15','2018-10-19 22:11:15'),(1887,'App\\Participant',210,'first_payments','WhatsApp Image 2018-10-19 at 6.11.36 PM','WhatsApp-Image-2018-10-19-at-6.11.36-PM.jpeg','image/jpeg','public',33946,'[]','{\"custom_headers\": []}','[]',1808,'2018-10-19 22:19:52','2018-10-19 22:19:52'),(1888,'App\\Participant',529,'photos','genao','genao.jpg','image/jpeg','public',45589,'[]','{\"custom_headers\": []}','[]',1809,'2018-10-19 22:21:13','2018-10-19 22:21:13'),(1889,'App\\Participant',529,'last_payments','Pago Cila Hab Genao Salas','Pago-Cila-Hab-Genao-Salas.pdf','application/pdf','public',65700,'[]','{\"custom_headers\": []}','[]',1810,'2018-10-19 22:21:13','2018-10-19 22:21:13'),(1890,'App\\Participant',534,'last_payments','Pago Cila Hab Genao Salas','Pago-Cila-Hab-Genao-Salas.pdf','application/pdf','public',65700,'[]','{\"custom_headers\": []}','[]',1811,'2018-10-19 22:23:51','2018-10-19 22:23:51'),(1892,'App\\Participant',488,'last_payments','fba40446-ca6d-4277-bc65-60db80266e87','fba40446-ca6d-4277-bc65-60db80266e87.JPG','image/jpeg','public',76787,'[]','{\"custom_headers\": []}','[]',1813,'2018-10-19 22:38:05','2018-10-19 22:38:05'),(1894,'App\\Participant',485,'last_payments','Comprobantes UNAPEC Raidthy','Comprobantes-UNAPEC-Raidthy.png','image/png','public',912862,'[]','{\"custom_headers\": []}','[]',1814,'2018-10-19 22:45:46','2018-10-19 22:45:46'),(1895,'App\\Participant',505,'last_payments','WhatsApp Image 2018-10-18 at 5.44.31 PM','WhatsApp-Image-2018-10-18-at-5.44.31-PM.jpeg','image/jpeg','public',57497,'[]','{\"custom_headers\": []}','[]',1815,'2018-10-19 22:47:20','2018-10-19 22:47:20'),(1897,'App\\Participant',321,'photos','20181015_151011','20181015_151011.jpg','image/jpeg','public',949659,'[]','{\"custom_headers\": []}','[]',1816,'2018-10-19 23:20:51','2018-10-19 23:20:51'),(1898,'App\\Participant',323,'photos','IMG_7349','IMG_7349.jpg','image/jpeg','public',106486,'[]','{\"custom_headers\": []}','[]',1817,'2018-10-19 23:21:58','2018-10-19 23:21:58'),(1899,'App\\Participant',534,'photos','genao2','genao2.jpg','image/jpeg','public',43890,'[]','{\"custom_headers\": []}','[]',1818,'2018-10-19 23:35:38','2018-10-19 23:35:38'),(1900,'App\\Participant',535,'photos','1_2018-10-09_21-57_foto_color','1_2018-10-09_21-57_foto_color.JPG','image/jpeg','public',288943,'[]','{\"custom_headers\": []}','[]',1819,'2018-10-19 23:51:02','2018-10-19 23:51:02'),(1901,'App\\Participant',536,'photos','1_2018-10-09_20-59_foto_color','1_2018-10-09_20-59_foto_color.jpg','image/jpeg','public',110867,'[]','{\"custom_headers\": []}','[]',1820,'2018-10-19 23:55:18','2018-10-19 23:55:18'),(1904,'App\\Participant',537,'photos','1_2018-10-09_21-36_foto_color','1_2018-10-09_21-36_foto_color.jpg','image/jpeg','public',43603,'[]','{\"custom_headers\": []}','[]',1823,'2018-10-20 00:02:32','2018-10-20 00:02:32'),(1907,'App\\Participant',540,'photos','8_2018-10-16_23-40_foto_color','8_2018-10-16_23-40_foto_color.jpg','image/jpeg','public',2562699,'[]','{\"custom_headers\": []}','[]',1826,'2018-10-20 00:08:08','2018-10-20 00:08:08'),(1909,'App\\Participant',542,'photos','6_2018-10-14_21-14_foto_color','6_2018-10-14_21-14_foto_color.jpeg','image/jpeg','public',72474,'[]','{\"custom_headers\": []}','[]',1828,'2018-10-20 00:13:26','2018-10-20 00:13:26'),(1911,'App\\Participant',544,'photos','5_2018-10-10_0-16_foto_color','5_2018-10-10_0-16_foto_color.jpg','image/jpeg','public',1119911,'[]','{\"custom_headers\": []}','[]',1830,'2018-10-20 00:17:45','2018-10-20 00:17:45'),(1912,'App\\Participant',545,'photos','5_2018-10-11_22-11_foto_color','5_2018-10-11_22-11_foto_color.jpeg','image/jpeg','public',623363,'[]','{\"custom_headers\": []}','[]',1831,'2018-10-20 00:19:42','2018-10-20 00:19:42'),(1913,'App\\Participant',546,'photos','5_2018-10-11_22-47_foto_color','5_2018-10-11_22-47_foto_color.JPG','image/jpeg','public',240838,'[]','{\"custom_headers\": []}','[]',1832,'2018-10-20 00:21:37','2018-10-20 00:21:37'),(1914,'App\\Participant',547,'photos','5_2018-10-12_20-21_foto_color','5_2018-10-12_20-21_foto_color.JPG','image/jpeg','public',1239278,'[]','{\"custom_headers\": []}','[]',1833,'2018-10-20 00:24:33','2018-10-20 00:24:33'),(1915,'App\\Participant',548,'photos','5_2018-10-12_20-46_foto_color','5_2018-10-12_20-46_foto_color.jpg','image/jpeg','public',48472,'[]','{\"custom_headers\": []}','[]',1834,'2018-10-20 00:26:55','2018-10-20 00:26:55'),(1916,'App\\Participant',549,'photos','1_2018-10-09_21-04_foto_color','1_2018-10-09_21-04_foto_color.jpg','image/jpeg','public',94445,'[]','{\"custom_headers\": []}','[]',1835,'2018-10-20 00:36:26','2018-10-20 00:36:26'),(1917,'App\\Participant',550,'photos','2_2018-10-09_8-05_foto_color','2_2018-10-09_8-05_foto_color.jpeg','image/jpeg','public',83523,'[]','{\"custom_headers\": []}','[]',1836,'2018-10-20 00:42:31','2018-10-20 00:42:31'),(1918,'App\\Participant',552,'photos','2_2018-10-10_20-19_foto_color','2_2018-10-10_20-19_foto_color.jpg','image/jpeg','public',1166273,'[]','{\"custom_headers\": []}','[]',1837,'2018-10-20 00:47:00','2018-10-20 00:47:00'),(1919,'App\\Participant',553,'photos','2_2018-10-10_20-25_foto_color','2_2018-10-10_20-25_foto_color.jpg','image/jpeg','public',78608,'[]','{\"custom_headers\": []}','[]',1838,'2018-10-20 00:49:22','2018-10-20 00:49:22'),(1922,'App\\Participant',555,'photos','1_2018-10-09_21-41_foto_color','1_2018-10-09_21-41_foto_color.jpg','image/jpeg','public',136430,'[]','{\"custom_headers\": []}','[]',1840,'2018-10-20 00:54:36','2018-10-20 00:54:36'),(1923,'App\\Participant',556,'photos','2_2018-10-10_12-56_foto_color','2_2018-10-10_12-56_foto_color.JPG','image/jpeg','public',6844094,'[]','{\"custom_headers\": []}','[]',1841,'2018-10-20 00:56:56','2018-10-20 00:56:56'),(1924,'App\\Participant',192,'last_payments','Pago Final Alexa Dalmau ','Pago-Final-Alexa-Dalmau-.jpeg','image/jpeg','public',2493346,'[]','{\"custom_headers\": []}','[]',1842,'2018-10-20 00:58:26','2018-10-20 00:58:26'),(1925,'App\\Participant',557,'photos','2_2018-10-10_19-25_foto_color','2_2018-10-10_19-25_foto_color.jpg','image/jpeg','public',23229,'[]','{\"custom_headers\": []}','[]',1843,'2018-10-20 00:59:10','2018-10-20 00:59:10'),(1926,'App\\Participant',558,'photos','2_2018-10-10_19-57_foto_color','2_2018-10-10_19-57_foto_color.jpg','image/jpeg','public',56807,'[]','{\"custom_headers\": []}','[]',1844,'2018-10-20 01:00:52','2018-10-20 01:00:52'),(1927,'App\\Participant',559,'photos','2_2018-10-10_23-29_foto_color','2_2018-10-10_23-29_foto_color.jpeg','image/jpeg','public',15134,'[]','{\"custom_headers\": []}','[]',1845,'2018-10-20 01:02:43','2018-10-20 01:02:43'),(1928,'App\\Participant',560,'photos','2_2018-10-11_0-41_foto_color','2_2018-10-11_0-41_foto_color.jpg','image/jpeg','public',4962,'[]','{\"custom_headers\": []}','[]',1846,'2018-10-20 01:04:41','2018-10-20 01:04:41'),(1930,'App\\Participant',562,'photos','2_2018-10-11_21-18_foto_color','2_2018-10-11_21-18_foto_color.jpg','image/jpeg','public',1446211,'[]','{\"custom_headers\": []}','[]',1848,'2018-10-20 01:08:28','2018-10-20 01:08:28'),(1931,'App\\Participant',538,'photos','1_2018-10-09_21-46_foto_color','1_2018-10-09_21-46_foto_color.jpg','image/jpeg','public',80937,'[]','{\"custom_headers\": []}','[]',1849,'2018-10-20 01:14:12','2018-10-20 01:14:12'),(1932,'App\\Participant',539,'photos','1_2018-10-09_21-53_foto_color','1_2018-10-09_21-53_foto_color.jpg','image/jpeg','public',66459,'[]','{\"custom_headers\": []}','[]',1850,'2018-10-20 01:15:12','2018-10-20 01:15:12'),(1933,'App\\Participant',190,'last_payments','Pago Final Maria Alejandra ','Pago-Final-Maria-Alejandra-.jpg','image/jpeg','public',129892,'[]','{\"custom_headers\": []}','[]',1851,'2018-10-20 01:16:10','2018-10-20 01:16:10'),(1934,'App\\Participant',554,'photos','2_2018-10-09_21-20_foto_color','2_2018-10-09_21-20_foto_color.jpeg','image/jpeg','public',59038,'[]','{\"custom_headers\": []}','[]',1852,'2018-10-20 01:17:10','2018-10-20 01:17:10'),(1936,'App\\Participant',543,'photos','5_2018-10-08_20-30_foto_color','5_2018-10-08_20-30_foto_color.jpg','image/jpeg','public',69571,'[]','{\"custom_headers\": []}','[]',1853,'2018-10-20 01:37:23','2018-10-20 01:37:23'),(1937,'App\\Participant',561,'photos','2_2018-10-11_12-32_foto_color','2_2018-10-11_12-32_foto_color.jpg','image/jpeg','public',57829,'[]','{\"custom_headers\": []}','[]',1854,'2018-10-20 02:06:57','2018-10-20 02:06:57'),(1940,'App\\Participant',541,'photos','7_2018-10-13_19-59_foto_color','7_2018-10-13_19-59_foto_color.jpg','image/jpeg','public',73000,'[]','{\"custom_headers\": []}','[]',1855,'2018-10-20 02:16:23','2018-10-20 02:16:23'),(1941,'App\\Participant',564,'photos','WhatsApp Image 2018-10-20 at 10.05.11 PM','WhatsApp-Image-2018-10-20-at-10.05.11-PM.jpeg','image/jpeg','public',18418,'[]','{\"custom_headers\": []}','[]',1856,'2018-10-21 02:12:48','2018-10-21 02:12:48'),(1944,'App\\Participant',520,'photos','Webp.net-resizeimage','Webp.net-resizeimage.jpg','image/jpeg','public',2131764,'[]','{\"custom_headers\": []}','[]',1857,'2018-10-21 09:13:23','2018-10-21 09:13:23'),(1945,'App\\Participant',519,'photos','Webp.net-resizeimage (1)','Webp.net-resizeimage-(1).jpg','image/jpeg','public',3974795,'[]','{\"custom_headers\": []}','[]',1858,'2018-10-21 09:19:48','2018-10-21 09:19:48'),(1946,'App\\Participant',518,'photos','Webp.net-resizeimage (2)','Webp.net-resizeimage-(2).jpg','image/jpeg','public',3653721,'[]','{\"custom_headers\": []}','[]',1859,'2018-10-21 09:22:49','2018-10-21 09:22:49'),(1947,'App\\Participant',517,'photos','Webp.net-resizeimage (3)','Webp.net-resizeimage-(3).jpg','image/jpeg','public',1185853,'[]','{\"custom_headers\": []}','[]',1860,'2018-10-21 09:29:50','2018-10-21 09:29:50'),(1948,'App\\Participant',413,'photos','IMG-20181017-WA0100','IMG-20181017-WA0100.jpg','image/jpeg','public',19152,'[]','{\"custom_headers\": []}','[]',1861,'2018-10-21 13:03:06','2018-10-21 13:03:06'),(1949,'App\\Participant',532,'photos','Webp.net-resizeimage (4)','Webp.net-resizeimage-(4).jpg','image/jpeg','public',826071,'[]','{\"custom_headers\": []}','[]',1862,'2018-10-21 13:41:11','2018-10-21 13:41:11'),(1950,'App\\Participant',524,'photos','Webp.net-resizeimage (5)','Webp.net-resizeimage-(5).jpg','image/jpeg','public',973140,'[]','{\"custom_headers\": []}','[]',1863,'2018-10-21 13:42:02','2018-10-21 13:42:02'),(1951,'App\\Participant',526,'photos','Webp.net-resizeimage (7)','Webp.net-resizeimage-(7).jpg','image/jpeg','public',882249,'[]','{\"custom_headers\": []}','[]',1864,'2018-10-21 13:43:43','2018-10-21 13:43:43'),(1952,'App\\Participant',533,'photos','Webp.net-resizeimage (8)','Webp.net-resizeimage-(8).jpg','image/jpeg','public',1021910,'[]','{\"custom_headers\": []}','[]',1865,'2018-10-21 13:45:36','2018-10-21 13:45:36'),(1953,'App\\Participant',525,'photos','Webp.net-resizeimage (9)','Webp.net-resizeimage-(9).jpg','image/jpeg','public',2365649,'[]','{\"custom_headers\": []}','[]',1866,'2018-10-21 13:48:26','2018-10-21 13:48:26'),(1956,'App\\Participant',566,'photos','A2FF7429-5B0E-40A3-A492-70E73610B24B - Mariano Moran (1)','A2FF7429-5B0E-40A3-A492-70E73610B24B---Mariano-Moran-(1).jpeg','image/jpeg','public',133115,'[]','{\"custom_headers\": []}','[]',1869,'2018-10-21 15:07:51','2018-10-21 15:07:51'),(1957,'App\\Participant',565,'photos','1540134303672899148375','1540134303672899148375.jpg','image/jpeg','public',1468772,'[]','{\"custom_headers\": []}','[]',1870,'2018-10-21 15:15:51','2018-10-21 15:15:51'),(1958,'App\\Participant',371,'photos','JCF_0604 copylil - Gabriel Fernández Leroux','JCF_0604-copylil---Gabriel-Fernández-Leroux.jpg','image/jpeg','public',465487,'[]','{\"custom_headers\": []}','[]',1871,'2018-10-21 15:30:15','2018-10-21 15:30:15'),(1959,'App\\Participant',567,'photos','2b6ebc16-ae44-4513-85a0-f2a8ecc875e9 - Zoidi Carpio','2b6ebc16-ae44-4513-85a0-f2a8ecc875e9---Zoidi-Carpio.JPG','image/jpeg','public',24557,'[]','{\"custom_headers\": []}','[]',1872,'2018-10-21 15:47:52','2018-10-21 15:47:52'),(1962,'App\\Participant',569,'photos','CBFA57C8-682A-48E7-9D74-4E69F2235934','CBFA57C8-682A-48E7-9D74-4E69F2235934.jpeg','image/jpeg','public',68798,'[]','{\"custom_headers\": []}','[]',1874,'2018-10-21 16:33:16','2018-10-21 16:33:16'),(1963,'App\\Participant',568,'photos','Webp.net-resizeimage','Webp.net-resizeimage.jpg','image/jpeg','public',5212008,'[]','{\"custom_headers\": []}','[]',1875,'2018-10-21 16:38:57','2018-10-21 16:38:57'),(1964,'App\\Participant',570,'photos','15401402526975484195871537806748','15401402526975484195871537806748.jpg','image/jpeg','public',3363158,'[]','{\"custom_headers\": []}','[]',1876,'2018-10-21 16:48:44','2018-10-21 16:48:44'),(1965,'App\\Participant',572,'photos','IMG-20181018-WA0022','IMG-20181018-WA0022.jpg','image/jpeg','public',40310,'[]','{\"custom_headers\": []}','[]',1877,'2018-10-21 16:52:59','2018-10-21 16:52:59'),(1966,'App\\Participant',571,'photos','IMG_0002 - leitha mejia','IMG_0002---leitha-mejia.jpg','image/jpeg','public',509117,'[]','{\"custom_headers\": []}','[]',1878,'2018-10-21 16:53:42','2018-10-21 16:53:42'),(1967,'App\\Participant',573,'photos','edgar-duran - Edgar Duran - Edgar Duran','edgar-duran---Edgar-Duran---Edgar-Duran.jpg','image/jpeg','public',244887,'[]','{\"custom_headers\": []}','[]',1879,'2018-10-21 20:52:40','2018-10-21 20:52:40'),(1968,'App\\Participant',575,'photos','rsz_screenshot_20181016-142603-01_-_guillermo_sarita_1','rsz_screenshot_20181016-142603-01_-_guillermo_sarita_1.jpg','image/jpeg','public',5660,'[]','{\"custom_headers\": []}','[]',1880,'2018-10-21 21:09:19','2018-10-21 21:09:19'),(1969,'App\\Participant',576,'photos','rsz_img_8005_-_maximo_pimentel_-_maximo_pimentel_1','rsz_img_8005_-_maximo_pimentel_-_maximo_pimentel_1.jpg','image/jpeg','public',212682,'[]','{\"custom_headers\": []}','[]',1881,'2018-10-21 21:20:26','2018-10-21 21:20:26'),(1970,'App\\Participant',577,'photos','IMG_20151016_233414 - Edgar Duran','IMG_20151016_233414---Edgar-Duran.jpg','image/jpeg','public',184720,'[]','{\"custom_headers\": []}','[]',1882,'2018-10-22 06:14:41','2018-10-22 06:14:41'),(1971,'App\\Participant',578,'photos','A8C40C37-FEBA-4E6D-97C1-3E39F9E68543 - Daniela Cavada','A8C40C37-FEBA-4E6D-97C1-3E39F9E68543---Daniela-Cavada.jpeg','image/jpeg','public',1058506,'[]','{\"custom_headers\": []}','[]',1883,'2018-10-22 06:21:01','2018-10-22 06:21:01'),(1972,'App\\Participant',579,'photos','FB_IMG_1522694433669 - Yinette Vilorio','FB_IMG_1522694433669---Yinette-Vilorio.jpg','image/jpeg','public',57629,'[]','{\"custom_headers\": []}','[]',1884,'2018-10-22 06:27:06','2018-10-22 06:27:06'),(1973,'App\\Participant',574,'photos','20181009_082102 - Bryan Davis','20181009_082102---Bryan-Davis.jpg','image/jpeg','public',471643,'[]','{\"custom_headers\": []}','[]',1885,'2018-10-22 06:33:35','2018-10-22 06:33:35'),(1974,'App\\Participant',580,'photos','Daysis CILA','Daysis-CILA.jpg','image/jpeg','public',9176,'[]','{\"custom_headers\": []}','[]',1886,'2018-10-22 15:11:32','2018-10-22 15:11:32'),(1975,'App\\Participant',581,'photos','Foto CILA','Foto-CILA.jpg','image/jpeg','public',8569,'[]','{\"custom_headers\": []}','[]',1887,'2018-10-22 15:20:09','2018-10-22 15:20:09'),(1976,'App\\Participant',582,'photos','1540133951861625796835471044261 - Daniel Camejo','1540133951861625796835471044261---Daniel-Camejo.jpg','image/jpeg','public',1958257,'[]','{\"custom_headers\": []}','[]',1888,'2018-10-22 16:09:58','2018-10-22 16:09:58'),(1977,'App\\Participant',1,'photos','A542B7CD-B0CD-4138-87CB-B6F065C65B47','A542B7CD-B0CD-4138-87CB-B6F065C65B47.jpeg','image/jpeg','public',96459,'[]','{\"custom_headers\": []}','[]',1889,'2019-02-15 15:24:38','2019-02-15 15:24:38'),(1978,'App\\Participant',1,'first_payments','A0375A0C-46BB-4FF5-BBBB-EF10C5806637','A0375A0C-46BB-4FF5-BBBB-EF10C5806637.jpeg','image/jpeg','public',61583,'[]','{\"custom_headers\": []}','[]',1890,'2019-02-15 15:24:38','2019-02-15 15:24:38'),(1979,'App\\Participant',1,'last_payments','E7B3F21C-C6E3-475E-A2AE-F3D6A8CD54C7','E7B3F21C-C6E3-475E-A2AE-F3D6A8CD54C7.jpeg','image/jpeg','public',61583,'[]','{\"custom_headers\": []}','[]',1891,'2019-02-15 15:24:38','2019-02-15 15:24:38'),(1983,'App\\Participant',3,'photos','0','0.jpg','image/jpeg','public',31497,'[]','{\"custom_headers\": []}','[]',1895,'2019-02-15 15:29:45','2019-02-15 15:29:45'),(1984,'App\\Participant',3,'first_payments','file-1 (1)','file-1-(1).jpeg','image/jpeg','public',1734388,'[]','{\"custom_headers\": []}','[]',1896,'2019-02-15 15:29:45','2019-02-15 15:29:45'),(1985,'App\\Participant',3,'last_payments','file-1 (1)','file-1-(1).jpeg','image/jpeg','public',1734388,'[]','{\"custom_headers\": []}','[]',1897,'2019-02-15 15:29:45','2019-02-15 15:29:45'),(1986,'App\\Participant',4,'conduct_codes','Presentación1','Presentación1.jpg','image/jpeg','public',8432,'[]','{\"custom_headers\": []}','[]',1898,'2019-02-15 15:39:16','2019-02-15 15:39:16'),(1987,'App\\Participant',4,'first_payments','0','0.jpg','image/jpeg','public',42802,'[]','{\"custom_headers\": []}','[]',1899,'2019-02-15 15:39:16','2019-02-15 15:39:16'),(1988,'App\\Participant',4,'last_payments','0','0.jpg','image/jpeg','public',42802,'[]','{\"custom_headers\": []}','[]',1900,'2019-02-15 15:39:16','2019-02-15 15:39:16'),(1989,'App\\Participant',5,'photos','IMG-20190215-WA0000','IMG-20190215-WA0000.jpg','image/jpeg','public',63567,'[]','{\"custom_headers\": []}','[]',1901,'2019-02-15 15:45:11','2019-02-15 15:45:11'),(1990,'App\\Participant',5,'first_payments','20190215_114111','20190215_114111.jpg','image/jpeg','public',3981593,'[]','{\"custom_headers\": []}','[]',1902,'2019-02-15 15:45:11','2019-02-15 15:45:11'),(1991,'App\\Participant',6,'photos','0','0.jpg','image/jpeg','public',39042,'[]','{\"custom_headers\": []}','[]',1903,'2019-02-15 15:52:31','2019-02-15 15:52:31'),(1992,'App\\Participant',6,'first_payments','0','0.jpg','image/jpeg','public',39042,'[]','{\"custom_headers\": []}','[]',1904,'2019-02-15 15:52:31','2019-02-15 15:52:31'),(1993,'App\\Participant',6,'last_payments','0','0.jpg','image/jpeg','public',39042,'[]','{\"custom_headers\": []}','[]',1905,'2019-02-15 15:52:31','2019-02-15 15:52:31'),(1994,'App\\Participant',7,'photos','file-5 (3)','file-5-(3).jpeg','image/jpeg','public',1026580,'[]','{\"custom_headers\": []}','[]',1906,'2019-02-15 15:52:37','2019-02-15 15:52:37'),(1995,'App\\Participant',7,'first_payments','155024497035594571134 (2)','155024497035594571134-(2).jpg','image/jpeg','public',3703678,'[]','{\"custom_headers\": []}','[]',1907,'2019-02-15 15:52:37','2019-02-15 15:52:37'),(1996,'App\\Participant',7,'last_payments','155024497035594571134 (2)','155024497035594571134-(2).jpg','image/jpeg','public',3703678,'[]','{\"custom_headers\": []}','[]',1908,'2019-02-15 15:52:37','2019-02-15 15:52:37'),(1997,'App\\Participant',8,'photos','F78884D4-5055-4130-ACFC-8B1BCA1741A8','F78884D4-5055-4130-ACFC-8B1BCA1741A8.jpeg','image/jpeg','public',114371,'[]','{\"custom_headers\": []}','[]',1909,'2019-02-15 15:56:15','2019-02-15 15:56:15'),(1998,'App\\Participant',8,'first_payments','5E4CB231-A98E-4092-A37A-65365B526948','5E4CB231-A98E-4092-A37A-65365B526948.png','image/png','public',7952661,'[]','{\"custom_headers\": []}','[]',1910,'2019-02-15 15:56:15','2019-02-15 15:56:15'),(1999,'App\\Participant',8,'last_payments','0A851E25-0F15-4A23-B68A-BBD9518F8799','0A851E25-0F15-4A23-B68A-BBD9518F8799.png','image/png','public',7952661,'[]','{\"custom_headers\": []}','[]',1911,'2019-02-15 15:56:15','2019-02-15 15:56:15'),(2004,'App\\Participant',11,'photos','0','0.jpg','image/jpeg','public',51611,'[]','{\"custom_headers\": []}','[]',1916,'2019-02-15 16:16:25','2019-02-15 16:16:25'),(2005,'App\\Participant',11,'first_payments','0','0.jpg','image/jpeg','public',51611,'[]','{\"custom_headers\": []}','[]',1917,'2019-02-15 16:16:25','2019-02-15 16:16:25'),(2006,'App\\Participant',11,'last_payments','0','0.jpg','image/jpeg','public',51611,'[]','{\"custom_headers\": []}','[]',1918,'2019-02-15 16:16:25','2019-02-15 16:16:25'),(2008,'App\\Participant',13,'photos','IMG-20190215-WA0006','IMG-20190215-WA0006.jpg','image/jpeg','public',71431,'[]','{\"custom_headers\": []}','[]',1920,'2019-02-15 16:36:21','2019-02-15 16:36:21'),(2013,'App\\Participant',17,'photos','IMG-20190215-WA0016','IMG-20190215-WA0016.jpg','image/jpeg','public',47890,'[]','{\"custom_headers\": []}','[]',1921,'2019-02-15 18:22:16','2019-02-15 18:22:16'),(2014,'App\\Participant',17,'first_payments','1550254114624','1550254114624.jpg','image/jpeg','public',735350,'[]','{\"custom_headers\": []}','[]',1922,'2019-02-15 18:22:16','2019-02-15 18:22:16'),(2015,'App\\Participant',17,'last_payments','1550254114624','1550254114624.jpg','image/jpeg','public',735350,'[]','{\"custom_headers\": []}','[]',1923,'2019-02-15 18:22:16','2019-02-15 18:22:16'),(2020,'App\\Participant',19,'photos','20190215_144500 (1)','20190215_144500-(1).jpg','image/jpeg','public',2078814,'[]','{\"custom_headers\": []}','[]',1928,'2019-02-15 18:51:33','2019-02-15 18:51:33'),(2026,'App\\Participant',22,'photos','DSC_0582','DSC_0582.jpg','image/jpeg','public',177720,'[]','{\"custom_headers\": []}','[]',1930,'2019-02-15 19:51:59','2019-02-15 19:51:59'),(2027,'App\\Participant',23,'photos','Marjorie','Marjorie.png','image/png','public',480076,'[]','{\"custom_headers\": []}','[]',1931,'2019-02-15 20:35:14','2019-02-15 20:35:14'),(2028,'App\\Participant',23,'first_payments','bauche Marjorie 1','bauche-Marjorie-1.png','image/png','public',53001,'[]','{\"custom_headers\": []}','[]',1932,'2019-02-15 20:35:14','2019-02-15 20:35:14'),(2029,'App\\Participant',23,'last_payments','bauche Marjorie 2','bauche-Marjorie-2.png','image/png','public',52527,'[]','{\"custom_headers\": []}','[]',1933,'2019-02-15 20:35:14','2019-02-15 20:35:14'),(2030,'App\\Participant',24,'photos','Foto Luisa','Foto-Luisa.png','image/png','public',836486,'[]','{\"custom_headers\": []}','[]',1934,'2019-02-15 20:43:52','2019-02-15 20:43:52'),(2031,'App\\Participant',24,'first_payments','bauche luisa 1','bauche-luisa-1.png','image/png','public',588142,'[]','{\"custom_headers\": []}','[]',1935,'2019-02-15 20:43:52','2019-02-15 20:43:52'),(2032,'App\\Participant',25,'photos','foto karishma','foto-karishma.jpg','image/jpeg','public',13050,'[]','{\"custom_headers\": []}','[]',1936,'2019-02-15 20:52:25','2019-02-15 20:52:25'),(2033,'App\\Participant',25,'first_payments','bauche karishma','bauche-karishma.bmp','image/x-ms-bmp','public',858758,'[]','{\"custom_headers\": []}','[]',1937,'2019-02-15 20:52:25','2019-02-15 20:52:25'),(2037,'App\\Participant',27,'first_payments','bauche hilary','bauche-hilary.bmp','image/x-ms-bmp','public',1626294,'[]','{\"custom_headers\": []}','[]',1941,'2019-02-15 21:17:19','2019-02-15 21:17:19'),(2038,'App\\Participant',28,'first_payments','bauche de pago jose ariel','bauche-de-pago-jose-ariel.jpg','image/jpeg','public',70144,'[]','{\"custom_headers\": []}','[]',1942,'2019-02-15 21:34:09','2019-02-15 21:34:09'),(2046,'App\\Participant',20,'photos','_DSC0841','_DSC0841.JPG','image/jpeg','public',3942350,'[]','{\"custom_headers\": []}','[]',1944,'2019-02-15 23:45:49','2019-02-15 23:45:49'),(2047,'App\\Participant',31,'photos','793D1202-277C-48D1-A132-1805C7FAA268','793D1202-277C-48D1-A132-1805C7FAA268.jpeg','image/jpeg','public',230171,'[]','{\"custom_headers\": []}','[]',1945,'2019-02-16 00:33:01','2019-02-16 00:33:01'),(2048,'App\\Participant',32,'photos','FDFE6657-4F83-4AD8-81F1-E326F33A75EB','FDFE6657-4F83-4AD8-81F1-E326F33A75EB.jpeg','image/jpeg','public',157434,'[]','{\"custom_headers\": []}','[]',1946,'2019-02-16 00:36:37','2019-02-16 00:36:37');
/*!40000 ALTER TABLE `media` ENABLE KEYS */;
UNLOCK TABLES;

--
-- Table structure for table `migrations`
--

DROP TABLE IF EXISTS `migrations`;
/*!40101 SET @saved_cs_client     = @@character_set_client */;
/*!40101 SET character_set_client = utf8 */;
CREATE TABLE `migrations` (
  `id` int(10) unsigned NOT NULL AUTO_INCREMENT,
  `migration` varchar(255) COLLATE utf8mb4_unicode_ci NOT NULL,
  `batch` int(11) NOT NULL,
  PRIMARY KEY (`id`)
) ENGINE=InnoDB AUTO_INCREMENT=15 DEFAULT CHARSET=utf8mb4 COLLATE=utf8mb4_unicode_ci;
/*!40101 SET character_set_client = @saved_cs_client */;

--
-- Dumping data for table `migrations`
--

LOCK TABLES `migrations` WRITE;
/*!40000 ALTER TABLE `migrations` DISABLE KEYS */;
INSERT INTO `migrations` VALUES (1,'2014_10_12_100000_create_password_resets_table',1),(2,'2018_09_24_011626_create_languages_table',1),(3,'2018_09_24_011627_create_institutions_table',1),(4,'2018_09_24_011628_create_commissions_table',1),(5,'2018_09_24_011629_create_users_table',1),(6,'2018_09_24_011630_create_participants_table',1),(7,'2018_09_24_011631_create_representations_table',1),(8,'2018_09_24_011632_create_institution_commissions_table',1),(9,'2018_09_24_152739_create_media_table',1),(10,'2018_09_26_150835_create_countries_table',1),(11,'2018_10_02_134831_create_institution_types_table',1),(12,'2018_10_02_180315_create_commission_representations_table',1),(13,'2018_10_02_180342_create_participant_representations_table',1),(14,'2018_10_02_185732_create_categories_table',1);
/*!40000 ALTER TABLE `migrations` ENABLE KEYS */;
UNLOCK TABLES;

--
-- Table structure for table `participant_representations`
--

DROP TABLE IF EXISTS `participant_representations`;
/*!40101 SET @saved_cs_client     = @@character_set_client */;
/*!40101 SET character_set_client = utf8 */;
CREATE TABLE `participant_representations` (
  `id` int(10) unsigned NOT NULL AUTO_INCREMENT,
  `commissionrepresentation_id` int(10) unsigned NOT NULL,
  `participant_id` int(10) unsigned NOT NULL,
  `created_at` timestamp NULL DEFAULT NULL,
  `updated_at` timestamp NULL DEFAULT NULL,
  PRIMARY KEY (`id`),
  KEY `participant_representations_commissionrepresentation_id_foreign` (`commissionrepresentation_id`),
  KEY `participant_representations_participant_id_foreign` (`participant_id`),
  CONSTRAINT `participant_representations_commissionrepresentation_id_foreign` FOREIGN KEY (`commissionrepresentation_id`) REFERENCES `commission_representations` (`id`) ON DELETE CASCADE,
  CONSTRAINT `participant_representations_participant_id_foreign` FOREIGN KEY (`participant_id`) REFERENCES `participants` (`id`) ON DELETE CASCADE
) ENGINE=InnoDB AUTO_INCREMENT=14 DEFAULT CHARSET=utf8mb4 COLLATE=utf8mb4_unicode_ci;
/*!40101 SET character_set_client = @saved_cs_client */;

--
-- Dumping data for table `participant_representations`
--

LOCK TABLES `participant_representations` WRITE;
/*!40000 ALTER TABLE `participant_representations` DISABLE KEYS */;
INSERT INTO `participant_representations` VALUES (1,7,1,'2019-02-15 15:24:38','2019-02-15 15:24:38'),(3,10,3,'2019-02-15 15:29:45','2019-02-15 15:29:45'),(4,10,4,'2019-02-15 15:39:16','2019-02-15 15:39:16'),(5,6,5,'2019-02-15 15:45:11','2019-02-15 15:45:11'),(6,1,6,'2019-02-15 15:52:31','2019-02-15 15:52:31'),(7,5,7,'2019-02-15 15:52:37','2019-02-15 15:52:37'),(9,3,11,'2019-02-15 16:16:25','2019-02-15 16:16:25'),(11,83,15,'2019-02-15 17:58:49','2019-02-15 17:58:49'),(12,84,16,'2019-02-15 18:04:56','2019-02-15 18:04:56'),(13,7,31,'2019-02-16 00:33:01','2019-02-16 00:33:01');
/*!40000 ALTER TABLE `participant_representations` ENABLE KEYS */;
UNLOCK TABLES;

--
-- Table structure for table `participants`
--

DROP TABLE IF EXISTS `participants`;
/*!40101 SET @saved_cs_client     = @@character_set_client */;
/*!40101 SET character_set_client = utf8 */;
CREATE TABLE `participants` (
  `id` int(10) unsigned NOT NULL AUTO_INCREMENT,
  `institution_id` int(10) unsigned DEFAULT NULL,
  `name` varchar(255) COLLATE utf8mb4_unicode_ci NOT NULL,
  `lastname` varchar(255) COLLATE utf8mb4_unicode_ci NOT NULL,
  `email` varchar(255) COLLATE utf8mb4_unicode_ci NOT NULL,
  `category` varchar(255) COLLATE utf8mb4_unicode_ci NOT NULL,
  `gender` varchar(255) COLLATE utf8mb4_unicode_ci NOT NULL,
  `academic_level` varchar(255) COLLATE utf8mb4_unicode_ci NOT NULL,
  `address` varchar(255) COLLATE utf8mb4_unicode_ci NOT NULL,
  `date_birth` date NOT NULL,
  `cellphone` varchar(255) COLLATE utf8mb4_unicode_ci DEFAULT NULL,
  `phone` varchar(255) COLLATE utf8mb4_unicode_ci NOT NULL,
  `blood_type` varchar(255) COLLATE utf8mb4_unicode_ci DEFAULT NULL,
  `emergency_contact_name` varchar(255) COLLATE utf8mb4_unicode_ci DEFAULT NULL,
  `emergency_contact_cellphone` varchar(255) COLLATE utf8mb4_unicode_ci DEFAULT NULL,
  `emergency_contact_phone` varchar(255) COLLATE utf8mb4_unicode_ci DEFAULT NULL,
  `emergency_contact_email` varchar(255) COLLATE utf8mb4_unicode_ci DEFAULT NULL,
  `emergency_contact_relation` varchar(255) COLLATE utf8mb4_unicode_ci DEFAULT NULL,
  `notes` text COLLATE utf8mb4_unicode_ci,
  `is_completed` tinyint(1) DEFAULT '0',
  `created_at` timestamp NULL DEFAULT NULL,
  `updated_at` timestamp NULL DEFAULT NULL,
  PRIMARY KEY (`id`),
  KEY `participants_institution_id_foreign` (`institution_id`),
  CONSTRAINT `participants_institution_id_foreign` FOREIGN KEY (`institution_id`) REFERENCES `institutions` (`id`) ON DELETE CASCADE
) ENGINE=InnoDB AUTO_INCREMENT=33 DEFAULT CHARSET=utf8mb4 COLLATE=utf8mb4_unicode_ci;
/*!40101 SET character_set_client = @saved_cs_client */;

--
-- Dumping data for table `participants`
--

LOCK TABLES `participants` WRITE;
/*!40000 ALTER TABLE `participants` DISABLE KEYS */;
INSERT INTO `participants` VALUES (1,44,'Lisbely Geraldine','Holguin Payano','lisbelyholguin1115@gmail.com','Delegado de Educación Media','Femenino','Media','Calle 6w, #12, Vista Hermosa, Santo Domingo Este.','2002-08-11','8092538873','8295458619','A+','Mercedes Payano Trinidad','8092538873','8295458619','Lupitapayano@yahoo.es','Madre',NULL,0,'2019-02-15 15:24:38','2019-02-15 15:24:38'),(3,44,'Lisbeth','Reyes ureña','lisbethhreyes1010@gmail.com','Delegado de Educación Media','Femenino','Media','calle21 #10 vista hermosa','2003-01-20','8295403600','8099857259','A+','Juan reyes manzueta','8297314481','8292615454','juanreye4466@hotmail.com','padre',NULL,0,'2019-02-15 15:29:45','2019-02-15 15:29:45'),(4,44,'Iamdra','Joaquin Sandoval','iamdra3028@gmail.com','Delegado de Educación Media','Femenino','Media','calle 12 #18 edificio gladis mercedes','2002-12-30','8494019850','8095969850','A+','Keiry sandoval','82997401457','8095969850','keirysandoval28@gmail.com','Madre',NULL,0,'2019-02-15 15:39:16','2019-02-15 15:39:16'),(5,44,'Sherley Alexandra','Matos Varela','matossherley@outlook.com','Delegado de Educación Media','Femenino','Media','Calle 3w #27, Lucerna, Santo Domingo Este','2004-05-23','(829)989-6038','(809)483-3950','O+','Eunice Varela','(809)714-7900','(809)422-9743','varelaeunice@hotmail.com','Madre',NULL,0,'2019-02-15 15:45:11','2019-02-15 15:45:11'),(6,44,'Michael','Pérez Pérez','michaelperezperez511@gmail.com','Delegado de Educación Básica','Masculino','Básica','calle juan mieses #33','2006-07-20','809602545464','8295967706','A+','Maria Pérez','8096025464','8295967706','mariaperezbubal@gmail.com','Madre',NULL,0,'2019-02-15 15:52:31','2019-02-15 15:52:31'),(7,44,'Jiannery','Valerio Gonzalez','biannygt@hotmail.com','Delegado de Educación Básica','Femenino','Básica','calle 3 w n. 27 lucerna','2007-05-07','829-725-3425','829-725-3425','A+','Bianny gONZALEZ','8297253425','8297253425','biannygt@hotmail.com','madre',NULL,0,'2019-02-15 15:52:37','2019-02-15 15:52:37'),(8,44,'Laura','Acedo de la Torre','lauraacedo2@gmail.com','Delegado de Educación Media','Femenino','Media','Camino Primero #16, vista hermosa, Santo Domingo este','2019-08-22','(829) 984-2533','(809) 483-2365','B+','Rosalia de la Torre','(809)299-5740','(809) 483-2365','el.libro@gmail.com','Madre',NULL,0,'2019-02-15 15:56:15','2019-02-15 15:56:15'),(11,44,'Juan Esteban','Peña Lantigua','Juanes152017@hotmail.com','Delegado de Educación Básica','Masculino','Básica','calle acacia #10 los prados del cachón','2007-03-15','8294339539','8294339539','O-','Wendy Lantigua','8294339539','8294339539','majacmontessori@hotmail.com','madre',NULL,0,'2019-02-15 16:16:25','2019-02-15 16:16:25'),(13,44,'Miguel Antonio','Lopez Andino','xxironthecrafter@gmail.com','Delegado de Educación Media','Masculino','Media','Calle 8w casa #6 vista hermosa. santo domingo este','2001-10-29','8299905629','8095969350','AB+','Isaias Vargas','8299930098','8095969350','m.alopez@hotmail.com','padre',NULL,0,'2019-02-15 16:36:21','2019-02-15 16:36:21'),(15,55,'Amelia','Agüero Cuenca','ameliaguero@gmail.com','Delegado de Educación Media','Femenino','Media','Viriato Fiallo #18 Ensanche Julieta','2005-03-02','8299574104','8095674114','A+','Esther Cuenca','8298774104','8490084774','carrionec@yahoo.com.ar','Madre',NULL,0,'2019-02-15 17:58:49','2019-02-15 17:58:49'),(16,55,'Daniel','Álvarez','alvarezcavaglianodaniel@gmail.com','Delegado de Educación Media','Masculino','Media','gustavo mejia ricart 153','2002-03-27','8494551459','809692912','B+','Carlos GArcía','8498551459','8299239633','alexgarcialo@hotmail.com','padre',NULL,0,'2019-02-15 18:04:56','2019-02-15 18:04:56'),(17,44,'Caroline','Polanco Moronta','wendy.moronta@yahoo.com','Delegado de Educación Media','Femenino','Media','carretera mella km 8 1/2 residencial las terraza apt. n. 301','2005-05-27','8497516759','8497516759','A+','Wendy Moronta','8497516759','8497516759','wendy.moronta @yahoo.com','Madre',NULL,0,'2019-02-15 18:22:16','2019-02-15 18:22:16'),(19,48,'Yajaida','Madrigal Sierra','yajaida1@gmail.com','Asesor Docente Responsable de Grupo (ADOR)','Femenino','Posgrado','C. Palenque no. 16 San Cristóbal','1984-11-24','8293437768','8092797432','B+','Isabel Sierra','8092797432','8092797432','yajaida1@gmail.com','Madre',NULL,0,'2019-02-15 18:51:33','2019-02-15 18:51:33'),(20,22,'asdasd','asdasd','asdasd@asdasd.com','Delegado de Educación Media','Femenino','Básica','asd','2019-02-20','asdasd','asdasd','A+','asdasd','asd','asd','asd','asd',NULL,1,'2019-02-15 18:56:45','2019-02-16 00:45:19'),(22,25,'Oscar','Moquete','o.moquete@unadr.org.do','Secretaría','Masculino','Grado','-','2000-06-19','-','-','A+','-','-','-','-','-',NULL,0,'2019-02-15 19:51:59','2019-02-15 19:51:59'),(23,50,'Marjorie','Pacheco Batista','Marjorie_pacheco79@hotmail.com','Delegado de Educación Media','Femenino','Media','Calle el Alto#9, Colinas de Los Ríos, Santo Domingo.','2003-05-30','829-708-8244','809-245-9850','A+','Kelvin Pacheco Pérez y María Eugenia Sánchez.','809-785-1087','809-607-7992','mariae.sanchezbatista@gmail.com','Padre',NULL,0,'2019-02-15 20:35:14','2019-02-15 20:35:14'),(24,50,'Luisa','Rodriguez Castillo','luisaangely@outlook.com','Delegado de Educación Media','Femenino','Media','Los Rios, Calle Villa Elena numero 6, Apartamento Málaga','2003-10-28','849-655-5405','809-560-7258','O+','Luis Inocencio Rodriguez de Jesus','809- 222-5533','809-560-7258','lurodrigr@hotmail.com','Padre',NULL,0,'2019-02-15 20:43:52','2019-02-15 20:43:52'),(25,50,'Karishma','Goyal Olivero','Karishmagoyalolivero@icloud.com','Delegado de Educación Básica','Femenino','Básica','Calle Peñón No. 6 Arroyo Hondo III','2007-02-27','829-686-7200','829-544-2120','O+','Giselle Denise Olivero','849-878-8869','829-619-7200','Sangoysrl@gmail.com','Madre',NULL,0,'2019-02-15 20:52:25','2019-02-15 20:52:25'),(27,50,'Hillary Jazmín','Rodriguez Comas','Hrodriguezcomas@gmail.com','Delegado de Educación Básica','Femenino','Básica','Calle las Llanuras, las Colinas de los Ríos, apartamento TSIII, 401.','2007-01-17','829-931-0239','809-369-6493','A+','Yan Carlos Rodriguez Báez','809-206-3239','829-645-3239','Rodriguez12yancarlo@hotmail.com / Rodriguezyancarlo@hotmail.com','Padre',NULL,0,'2019-02-15 21:17:19','2019-02-15 21:17:19'),(28,50,'José Ariel','Toribio Luis','Toribio170222@gmail.com','Delegado de Educación Media','Masculino','Media','los ríos, calle D, edificio 3','2005-02-02','829-801-6269','809-561-3938','A+','Libanesa Toribio','809-467-0878 o 829-586-8584','809-561-3938','la_liba1@hotmail.com ltoribio@arspalic.com.do','Tutora',NULL,0,'2019-02-15 21:34:09','2019-02-15 21:34:09'),(31,44,'Mercedes','Payano Trinidad','lupitapayano@yahoo.es','Invitado Especial','Femenino','Posgrado','Calle 6w, #12, Vista Hermosa, Santo Domingo Este','1978-03-15','8294201130','8295458619','O+','Octavio Holguin','8299861311','8295458619','Octavio26holguin@gmail.com','Pareja',NULL,0,'2019-02-16 00:33:01','2019-02-16 00:33:01'),(32,44,'Octavio','Holguin Liz','octavio26holguin@gmail.com','Invitado Especial','Masculino','Posgrado','Calle 6w, #12, Vista Hermosa, Santo Domingo Este','1980-08-26','8299861311','8295458619','A+','Mercedes Payano','8294201130','8295458619','Lupitapayano@yahoo.es','Pareja',NULL,0,'2019-02-16 00:36:37','2019-02-16 00:36:37');
/*!40000 ALTER TABLE `participants` ENABLE KEYS */;
UNLOCK TABLES;

--
-- Table structure for table `password_resets`
--

DROP TABLE IF EXISTS `password_resets`;
/*!40101 SET @saved_cs_client     = @@character_set_client */;
/*!40101 SET character_set_client = utf8 */;
CREATE TABLE `password_resets` (
  `email` varchar(255) COLLATE utf8mb4_unicode_ci NOT NULL,
  `token` varchar(255) COLLATE utf8mb4_unicode_ci NOT NULL,
  `created_at` timestamp NULL DEFAULT NULL,
  KEY `password_resets_email_index` (`email`)
) ENGINE=InnoDB DEFAULT CHARSET=utf8mb4 COLLATE=utf8mb4_unicode_ci;
/*!40101 SET character_set_client = @saved_cs_client */;

--
-- Dumping data for table `password_resets`
--

LOCK TABLES `password_resets` WRITE;
/*!40000 ALTER TABLE `password_resets` DISABLE KEYS */;
INSERT INTO `password_resets` VALUES ('r.valdivieso@unadr.org.do','$2y$10$WYFSY6vlSOh3cHRPQPgRfO5QngmXXjkLQDZHaFgStF90Xk2xBEh8.','2018-10-10 04:10:44'),('marthajimenezmale@hotmail.com','$2y$10$cf7FIaQ7Rz69hAO0lLmid.wSf8hMT/TZTWzDc5pRbDqpadFaO2y9m','2018-10-11 00:43:46'),('paredes_belgica@hotmail.com','$2y$10$8Toc/3yJcP6cxnO/3hLaFOmBt60lVfdJLXrWSTGI/GLIZcOVslOEW','2018-10-11 00:56:36'),('osarah2927@gmail.com','$2y$10$zDXTBDRDKBJ6DZpIGH.5tu5hv1UKcoJEIRyXnH72QXayk6SJblkdC','2018-10-11 01:03:20'),('gissellrosario20@hotmail.com','$2y$10$yh1iqlXeKSaaKMZBpIeJ4OOhrO5BTARaxR1evGJs6vogExHY1L/1O','2018-10-11 01:05:21'),('lmartinez@sjs.edu.do','$2y$10$9XMq50bTdEQrMx33Jeei1u9NBox/gdA/7eiOKOIJcwAzD5tE0LwjG','2018-10-11 01:17:36'),('angela@colegiosanjuanbautista.com','$2y$10$PFE3P6CkItXoctXeiBC59e5ZwKWtIn6trFUXglUwCQ3S88HOa5L9G','2018-10-11 01:22:41'),('gjorge3rd@gmail.com','$2y$10$IOcLG54NBCa5RCn92hlGlOM5fR9nWgb9fetFH1aFZOmrnM1Uy0Ogq','2018-10-11 15:38:03'),('kenialopezcollado@hotmail.com','$2y$10$/eiDLwT6x0qtvI4jzJaPmuPmarvDuQPbAbnMswHvBEI3TdOG7jEZK','2018-10-15 16:30:40'),('rafavl160@hotmail.com','$2y$10$Nx37t5sncWSbAFIDxOYj5O7iR6uPo8FIlogdgI2KmBoKSIn1DX0qK','2018-10-16 03:55:13'),('y.vilorio@unadr.org.do','$2y$10$r8Rwx6RwSAODQeCR/M6Nm.267T0hG7V3NNbcFWmMfy/1bAu4Lj/Aq','2018-12-03 16:38:11'),('sgc@unadr.org.do','$2y$10$.lEDkoHVyB/0wB28qWj5Oe.GAUSNiipUlAMZdxjQbkt02.zl2L8du','2019-02-14 16:05:29'),('cudeni@gmail.com','$2y$10$qAxbpgg5GKMznYw.PiLhpO51gzEqt.lR9eNr5nSkWOGbcp1R0IK1m','2019-02-14 18:57:58'),('ramsespi08@gmail.com','$2y$10$wr2RCvqXyPqj05euKeC6luyVWn1rjrtlLmw6tQC7aKqbO2mJqp9Le','2019-02-15 19:14:44'),('ddeliadelrosario@gmail.com','$2y$10$x11jy0vbw0NI8uJQhb4pNOdoT9qzO1hLVvX23TO/fYzhlgqObz9nm','2019-02-15 19:15:48'),('o.moquete@unadr.org.do','$2y$10$53Gf.qROcwZqcJKxG4.ptuYPZHSOXxXVoiNGJoW5BnY1dITSeDtf2','2019-02-15 19:21:29');
/*!40000 ALTER TABLE `password_resets` ENABLE KEYS */;
UNLOCK TABLES;

--
-- Table structure for table `representations`
--

DROP TABLE IF EXISTS `representations`;
/*!40101 SET @saved_cs_client     = @@character_set_client */;
/*!40101 SET character_set_client = utf8 */;
CREATE TABLE `representations` (
  `id` int(10) unsigned NOT NULL AUTO_INCREMENT,
  `spanish_name` varchar(255) COLLATE utf8mb4_unicode_ci DEFAULT NULL,
  `english_name` varchar(255) COLLATE utf8mb4_unicode_ci DEFAULT NULL,
  `french_name` varchar(255) COLLATE utf8mb4_unicode_ci DEFAULT NULL,
  `created_at` timestamp NULL DEFAULT NULL,
  `updated_at` timestamp NULL DEFAULT NULL,
  PRIMARY KEY (`id`)
) ENGINE=InnoDB AUTO_INCREMENT=285 DEFAULT CHARSET=utf8mb4 COLLATE=utf8mb4_unicode_ci;
/*!40101 SET character_set_client = @saved_cs_client */;

--
-- Dumping data for table `representations`
--

LOCK TABLES `representations` WRITE;
/*!40000 ALTER TABLE `representations` DISABLE KEYS */;
INSERT INTO `representations` VALUES (1,'Afganistán','Afghanistan','Afghanistan','2018-10-04 21:25:05','2018-10-04 21:25:05'),(2,'Albania','Albania','Albanie','2018-10-04 21:25:05','2018-10-04 21:25:05'),(3,'Argelia','Algeria','Algérie','2018-10-04 21:25:06','2018-10-04 21:25:06'),(4,'Andorra','Andorra','Andorre','2018-10-04 21:25:06','2018-10-04 21:25:06'),(5,'Angola','Angola','Angola','2018-10-04 21:25:06','2018-10-04 21:25:06'),(6,'Antigua y Barbuda','Antigua and Barbuda','Antigua-et-Barbuda','2018-10-04 21:25:06','2018-10-04 21:25:06'),(7,'Argentina','Argentina','Argentine','2018-10-04 21:25:06','2018-10-04 21:25:06'),(8,'Armenia','Armenia','Arménie','2018-10-04 21:25:06','2018-10-04 21:25:06'),(9,'Australia','Australia','Australie','2018-10-04 21:25:06','2018-10-04 21:25:06'),(10,'Austria','Austria','Autriche','2018-10-04 21:25:06','2018-10-04 21:25:06'),(11,'Azerbaiyán','Azerbaijan','Azerbaďdjan','2018-10-04 21:25:06','2018-10-04 21:25:06'),(12,'Bahamas','Bahamas','Bahamas','2018-10-04 21:25:06','2018-10-04 21:25:06'),(13,'Bahrein','Bahrain','Bahreďn','2018-10-04 21:25:06','2018-10-04 21:25:06'),(14,'Bangladesh','Bangladesh','Bangladesh','2018-10-04 21:25:06','2018-10-04 21:25:06'),(15,'Barbados','Barbados','Barbade','2018-10-04 21:25:06','2018-10-04 21:25:06'),(16,'Belarús','Belarus','Bélarus','2018-10-04 21:25:06','2018-10-04 21:25:06'),(17,'Bélgica','Belgium','Belgique','2018-10-04 21:25:06','2018-10-04 21:25:06'),(18,'Belice','Belize','Belize','2018-10-04 21:25:06','2018-10-04 21:25:06'),(19,'Benin','Benin','Bénin','2018-10-04 21:25:06','2018-10-04 21:25:06'),(20,'Bhután','Bhutan','Bhoutan','2018-10-04 21:25:06','2018-10-04 21:25:06'),(21,'Bolivia (Estado Plurinacional de)','Bolivia (Plurinational State of)','Bolivie (État plurinational de)','2018-10-04 21:25:06','2018-10-04 21:25:06'),(22,'Bosnia y Herzegovina','Bosnia and Herzegovina','Bosnie-Herzégovine','2018-10-04 21:25:06','2018-10-04 21:25:06'),(23,'Botswana','Botswana','Botswana','2018-10-04 21:25:06','2018-10-04 21:25:06'),(24,'Brasil','Brazil','Brésil','2018-10-04 21:25:06','2018-10-04 21:25:06'),(25,'Brunei Darussalam','Brunei Darussalam','Brunei Darussalam','2018-10-04 21:25:06','2018-10-04 21:25:06'),(26,'Bulgaria','Bulgaria','Bulgarie','2018-10-04 21:25:06','2018-10-04 21:25:06'),(27,'Burkina Faso','Burkina Faso','Burkina Faso','2018-10-04 21:25:06','2018-10-04 21:25:06'),(28,'Burundi','Burundi','Burundi','2018-10-04 21:25:06','2018-10-04 21:25:06'),(29,'Cabo Verde','Cabo Verde','Cabo Verde (République de)','2018-10-04 21:25:06','2018-10-04 21:25:06'),(30,'Camboya','Cambodia','Cambodge','2018-10-04 21:25:06','2018-10-04 21:25:06'),(31,'Camerún','Cameroon','Cameroun','2018-10-04 21:25:06','2018-10-04 21:25:06'),(32,'Canadá','Canada','Canada','2018-10-04 21:25:06','2018-10-04 21:25:06'),(33,'República Centroafricana','Central African Republic','République centrafricaine','2018-10-04 21:25:06','2018-10-04 21:25:06'),(34,'Chad','Chad','Tchad','2018-10-04 21:25:06','2018-10-04 21:25:06'),(35,'Chile','Chile','Chili','2018-10-04 21:25:06','2018-10-04 21:25:06'),(36,'China','China','Chine','2018-10-04 21:25:06','2018-10-04 21:25:06'),(37,'Colombia','Colombia','Colombie','2018-10-04 21:25:06','2018-10-04 21:25:06'),(38,'Comoras','Comoros','Comores','2018-10-04 21:25:06','2018-10-04 21:25:06'),(39,'Congo','Congo','Congo','2018-10-04 21:25:06','2018-10-04 21:25:06'),(40,'Costa Rica','Costa Rica','Costa Rica','2018-10-04 21:25:06','2018-10-04 21:25:06'),(41,'Côte d\'Ivoire','Côte D\'Ivoire','Côte D\'Ivoire','2018-10-04 21:25:06','2018-10-04 21:25:06'),(42,'Croacia','Croatia','Croatie','2018-10-04 21:25:06','2018-10-04 21:25:06'),(43,'Cuba','Cuba','Cuba','2018-10-04 21:25:06','2018-10-04 21:25:06'),(44,'Chipre','Cyprus','Chypre','2018-10-04 21:25:06','2018-10-04 21:25:06'),(45,'República Checa','Czech Republic','République tchčque','2018-10-04 21:25:06','2018-10-04 21:25:06'),(46,'República Popular Democrática de Corea','Democratic People\'s Republic of Korea','République populaire démocratique de Corée','2018-10-04 21:25:06','2018-10-04 21:25:06'),(47,'República Democrática del Congo','Democratic Republic of the Congo','République démocratique du Congo','2018-10-04 21:25:06','2018-10-04 21:25:06'),(48,'Dinamarca','Denmark','Danemark','2018-10-04 21:25:06','2018-10-04 21:25:06'),(49,'Djibouti','Djibouti','Djibouti','2018-10-04 21:25:06','2018-10-04 21:25:06'),(50,'Dominica','Dominica','Dominique','2018-10-04 21:25:06','2018-10-04 21:25:06'),(51,'República Dominicana','Dominican Republic','République dominicaine','2018-10-04 21:25:06','2018-10-04 21:25:06'),(52,'Ecuador','Ecuador','Équateur','2018-10-04 21:25:06','2018-10-04 21:25:06'),(53,'Egipto','Egypt','Égypte','2018-10-04 21:25:06','2018-10-04 21:25:06'),(54,'El Salvador','El Salvador','El Salvador','2018-10-04 21:25:06','2018-10-04 21:25:06'),(55,'Guinea Ecuatorial','Equatorial Guinea','Guinée équatoriale','2018-10-04 21:25:06','2018-10-04 21:25:06'),(56,'Eritrea','Eritrea','Érythrée','2018-10-04 21:25:06','2018-10-04 21:25:06'),(57,'Estonia','Estonia','Estonie','2018-10-04 21:25:06','2018-10-04 21:25:06'),(58,'Eswatini','Eswatini','Eswatini','2018-10-04 21:25:06','2018-10-04 21:25:06'),(59,'Etiopía','Ethiopia','Éthiopie','2018-10-04 21:25:06','2018-10-04 21:25:06'),(60,'Fiji','Fiji','Fidji','2018-10-04 21:25:06','2018-10-04 21:25:06'),(61,'Finlandia','Finland','Finlande','2018-10-04 21:25:06','2018-10-04 21:25:06'),(62,'Francia','France','France','2018-10-04 21:25:06','2018-10-04 21:25:06'),(63,'Gabón','Gabon','Gabon','2018-10-04 21:25:06','2018-10-04 21:25:06'),(64,'Gambia (República de)','Gambia (Republic of The)','Gambie (République de)','2018-10-04 21:25:06','2018-10-04 21:25:06'),(65,'Georgia','Georgia','Géorgie','2018-10-04 21:25:06','2018-10-04 21:25:06'),(66,'Alemania','Germany','Allemagne','2018-10-04 21:25:06','2018-10-04 21:25:06'),(67,'Ghana','Ghana','Ghana','2018-10-04 21:25:06','2018-10-04 21:25:06'),(68,'Grecia','Greece','Grčce','2018-10-04 21:25:06','2018-10-04 21:25:06'),(69,'Granada','Grenada','Grenade','2018-10-04 21:25:06','2018-10-04 21:25:06'),(70,'Guatemala','Guatemala','Guatemala','2018-10-04 21:25:06','2018-10-04 21:25:06'),(71,'Guinea','Guinea','Guinée','2018-10-04 21:25:06','2018-10-04 21:25:06'),(72,'Guinea Bissau','Guinea Bissau','Guinée Bissau','2018-10-04 21:25:06','2018-10-04 21:25:06'),(73,'Guyana','Guyana','Guyana','2018-10-04 21:25:06','2018-10-04 21:25:06'),(74,'Haití','Haiti','Haďti','2018-10-04 21:25:06','2018-10-04 21:25:06'),(75,'Honduras','Honduras','Honduras','2018-10-04 21:25:06','2018-10-04 21:25:06'),(76,'Hungría','Hungary','Hongrie','2018-10-04 21:25:06','2018-10-04 21:25:06'),(77,'Islandia','Iceland','Islande','2018-10-04 21:25:06','2018-10-04 21:25:06'),(78,'India','India','Inde','2018-10-04 21:25:06','2018-10-04 21:25:06'),(79,'Indonesia','Indonesia','Indonésie','2018-10-04 21:25:06','2018-10-15 07:38:42'),(80,'Irán (República Islámica del)','Iran (Islamic Republic of)','Iran (République islamique d\')','2018-10-04 21:25:06','2018-10-04 21:25:06'),(81,'Iraq','Iraq','Iraq','2018-10-04 21:25:06','2018-10-04 21:25:06'),(82,'Irlanda','Ireland','Irlande','2018-10-04 21:25:06','2018-10-04 21:25:06'),(83,'Israel','Israel','Israël','2018-10-04 21:25:06','2018-10-04 21:25:06'),(84,'Italia','Italy','Italie','2018-10-04 21:25:06','2018-10-04 21:25:06'),(85,'Jamaica','Jamaica','Jamaďque','2018-10-04 21:25:06','2018-10-04 21:25:06'),(86,'Japón','Japan','Japon','2018-10-04 21:25:06','2018-10-04 21:25:06'),(87,'Jordania','Jordan','Jordanie','2018-10-04 21:25:06','2018-10-04 21:25:06'),(88,'Kazajstán','Kazakhstan','Kazakhstan','2018-10-04 21:25:06','2018-10-04 21:25:06'),(89,'Kenya','Kenya','Kenya','2018-10-04 21:25:06','2018-10-04 21:25:06'),(90,'Kiribati','Kiribati','Kiribati','2018-10-04 21:25:06','2018-10-04 21:25:06'),(91,'Kuwait','Kuwait','Koweďt','2018-10-04 21:25:06','2018-10-04 21:25:06'),(92,'Kirguistán','Kyrgyzstan','Kirghizistan','2018-10-04 21:25:06','2018-10-04 21:25:06'),(93,'República Democrática Popular Lao','Lao People’s Democratic Republic','République démocratique populaire lao','2018-10-04 21:25:06','2018-10-04 21:25:06'),(94,'Letonia','Latvia','Lettonie','2018-10-04 21:25:06','2018-10-04 21:25:06'),(95,'Líbano','Lebanon','Liban','2018-10-04 21:25:06','2018-10-04 21:25:06'),(96,'Lesotho','Lesotho','Lesotho','2018-10-04 21:25:06','2018-10-04 21:25:06'),(97,'Liberia','Liberia','Libéria','2018-10-04 21:25:06','2018-10-04 21:25:06'),(98,'Libia','Libya','Libye*','2018-10-04 21:25:06','2018-10-15 07:38:50'),(99,'Liechtenstein','Liechtenstein','Liechtenstein','2018-10-04 21:25:06','2018-10-04 21:25:06'),(100,'Lituania','Lithuania','Lituanie','2018-10-04 21:25:06','2018-10-04 21:25:06'),(101,'Luxemburgo','Luxembourg','Luxembourg','2018-10-04 21:25:06','2018-10-04 21:25:06'),(102,'Madagascar','Madagascar','Madagascar','2018-10-04 21:25:06','2018-10-04 21:25:06'),(103,'Malawi','Malawi','Malawi','2018-10-04 21:25:06','2018-10-04 21:25:06'),(104,'Malasia','Malaysia','Malaisie','2018-10-04 21:25:06','2018-10-04 21:25:06'),(105,'Maldivas','Maldives','Maldives','2018-10-04 21:25:06','2018-10-04 21:25:06'),(106,'Malí','Mali','Mali','2018-10-04 21:25:06','2018-10-04 21:25:06'),(107,'Malta','Malta','Malte','2018-10-04 21:25:06','2018-10-04 21:25:06'),(108,'Islas Marshall','Marshall Islands','Îles Marshall','2018-10-04 21:25:06','2018-10-04 21:25:06'),(109,'Mauritania','Mauritania','Mauritanie','2018-10-04 21:25:06','2018-10-04 21:25:06'),(110,'Mauricio','Mauritius','Maurice','2018-10-04 21:25:06','2018-10-04 21:25:06'),(111,'México','Mexico','Mexique','2018-10-04 21:25:06','2018-10-04 21:25:06'),(112,'Micronesia (Estados Federados de)','Micronesia (Federated States of)','Micronésie (États fédérés de)','2018-10-04 21:25:06','2018-10-04 21:25:06'),(113,'Mónaco','Monaco','Monaco','2018-10-04 21:25:06','2018-10-04 21:25:06'),(114,'Mongolia','Mongolia','Mongolie','2018-10-04 21:25:06','2018-10-04 21:25:06'),(115,'Montenegro','Montenegro','Monténégro','2018-10-04 21:25:06','2018-10-04 21:25:06'),(116,'Marruecos','Morocco','Maroc','2018-10-04 21:25:06','2018-10-04 21:25:06'),(117,'Mozambique','Mozambique','Mozambique','2018-10-04 21:25:06','2018-10-04 21:25:06'),(118,'Myanmar','Myanmar','Myanmar','2018-10-04 21:25:06','2018-10-04 21:25:06'),(119,'Namibia','Namibia','Namibie','2018-10-04 21:25:06','2018-10-04 21:25:06'),(120,'Nauru','Nauru','Nauru','2018-10-04 21:25:06','2018-10-04 21:25:06'),(121,'Nepal','Nepal','Népal','2018-10-04 21:25:06','2018-10-04 21:25:06'),(122,'Países Bajos','Netherlands','Pays-Bas','2018-10-04 21:25:06','2018-10-04 21:25:06'),(123,'Nueva Zelandia','New Zealand','Nouvelle-Zélande','2018-10-04 21:25:06','2018-10-04 21:25:06'),(124,'Nicaragua','Nicaragua','Nicaragua','2018-10-04 21:25:06','2018-10-04 21:25:06'),(125,'Niger','Niger','Niger','2018-10-04 21:25:06','2018-10-04 21:25:06'),(126,'Nigeria','Nigeria','Nigéria','2018-10-04 21:25:06','2018-10-04 21:25:06'),(127,'Noruega','Norway','Norvčge','2018-10-04 21:25:06','2018-10-04 21:25:06'),(128,'Omán','Oman','Oman','2018-10-04 21:25:06','2018-10-04 21:25:06'),(129,'Pakistán','Pakistan','Pakistan','2018-10-04 21:25:06','2018-10-04 21:25:06'),(130,'Palau','Palau','Palaos','2018-10-04 21:25:06','2018-10-04 21:25:06'),(131,'Panamá','Panama','Panama','2018-10-04 21:25:06','2018-10-04 21:25:06'),(132,'Papua Nueva Guinea','Papua New Guinea','Papouasie-Nouvelle-Guinée','2018-10-04 21:25:06','2018-10-04 21:25:06'),(133,'Paraguay','Paraguay','Paraguay','2018-10-04 21:25:06','2018-10-04 21:25:06'),(134,'Perú','Peru','Pérou','2018-10-04 21:25:06','2018-10-04 21:25:06'),(135,'Filipinas','Philippines','Philippines','2018-10-04 21:25:06','2018-10-04 21:25:06'),(136,'Polonia','Poland','Pologne','2018-10-04 21:25:06','2018-10-04 21:25:06'),(137,'Portugal','Portugal','Portugal','2018-10-04 21:25:06','2018-10-04 21:25:06'),(138,'Qatar','Qatar','Qatar','2018-10-04 21:25:06','2018-10-04 21:25:06'),(139,'República de Corea','Republic of Korea','République de Corée','2018-10-04 21:25:06','2018-10-04 21:25:06'),(140,'República de Moldova','Republic of Moldova','République de Moldova','2018-10-04 21:25:06','2018-10-04 21:25:06'),(141,'Rumania','Romania','Roumanie','2018-10-04 21:25:06','2018-10-04 21:25:06'),(142,'Federación de Rusia','Russian Federation','Fédération de Russie','2018-10-04 21:25:06','2018-10-04 21:25:06'),(143,'Rwanda','Rwanda','Rwanda','2018-10-04 21:25:06','2018-10-04 21:25:06'),(144,'Saint Kitts y Nevis','Saint Kitts and Nevis','Saint-Kitts-et-Nevis','2018-10-04 21:25:06','2018-10-04 21:25:06'),(145,'Santa Lucía','Saint Lucia','Sainte-Lucie','2018-10-04 21:25:06','2018-10-04 21:25:06'),(146,'San Vicente y las Granadinas','Saint Vincent and the Grenadines','Saint-Vincent-et- les Grenadines','2018-10-04 21:25:06','2018-10-04 21:25:06'),(147,'Samoa','Samoa','Samoa','2018-10-04 21:25:06','2018-10-04 21:25:06'),(148,'San Marino','San Marino','Saint-Marin','2018-10-04 21:25:06','2018-10-04 21:25:06'),(149,'Santo Tomé y Príncipe','Sao Tome and Principe','Sao Tomé-et-Principe','2018-10-04 21:25:06','2018-10-04 21:25:06'),(150,'Arabia Saudita','Saudi Arabia','Arabie saoudite','2018-10-04 21:25:06','2018-10-04 21:25:06'),(151,'Senegal','Senegal','Sénégal','2018-10-04 21:25:06','2018-10-04 21:25:06'),(152,'Serbia','Serbia','Serbie','2018-10-04 21:25:06','2018-10-04 21:25:06'),(153,'Seychelles','Seychelles','Seychelles','2018-10-04 21:25:06','2018-10-04 21:25:06'),(154,'Sierra Leona','Sierra Leone','Sierra Leone','2018-10-04 21:25:06','2018-10-04 21:25:06'),(155,'Singapur','Singapore','Singapour','2018-10-04 21:25:06','2018-10-04 21:25:06'),(156,'Eslovaquia','Slovakia','Slovaquie','2018-10-04 21:25:06','2018-10-04 21:25:06'),(157,'Eslovenia','Slovenia','Slovénie','2018-10-04 21:25:06','2018-10-04 21:25:06'),(158,'Islas Salomón','Solomon Islands','Îles Salomon','2018-10-04 21:25:06','2018-10-04 21:25:06'),(159,'Somalia','Somalia','Somalie','2018-10-04 21:25:06','2018-10-04 21:25:06'),(160,'Sudáfrica','South Africa','Afrique du Sud','2018-10-04 21:25:06','2018-10-04 21:25:06'),(161,'Sudán del Sur','South Sudan','Soudan du Sud','2018-10-04 21:25:06','2018-10-04 21:25:06'),(162,'España','Spain','Espagne','2018-10-04 21:25:06','2018-10-17 15:26:16'),(163,'Sri Lanka','Sri Lanka','Sri Lanka','2018-10-04 21:25:06','2018-10-04 21:25:06'),(164,'Sudán','Sudan','Soudan','2018-10-04 21:25:06','2018-10-04 21:25:06'),(165,'Suriname','Suriname','Suriname','2018-10-04 21:25:06','2018-10-04 21:25:06'),(166,'Suecia','Sweden','Sučde','2018-10-04 21:25:06','2018-10-04 21:25:06'),(167,'Suiza','Switzerland','Suisse','2018-10-04 21:25:06','2018-10-04 21:25:06'),(168,'República Árabe Siria','Syrian Arab Republic','République arabe syrienne','2018-10-04 21:25:06','2018-10-04 21:25:06'),(169,'Tayikistán','Tajikistan','Tadjikistan','2018-10-04 21:25:06','2018-10-04 21:25:06'),(170,'Tailandia','Thailand','Thaďlande','2018-10-04 21:25:06','2018-10-04 21:25:06'),(171,'ex República Yugoslava de Macedonia','The former Yugoslav Republic of Macedonia','Ex-République yougoslave de Macédoine','2018-10-04 21:25:06','2018-10-15 07:38:28'),(172,'Timor-Leste','Timor-Leste','Timor-Leste','2018-10-04 21:25:06','2018-10-04 21:25:06'),(173,'Togo','Togo','Togo','2018-10-04 21:25:06','2018-10-04 21:25:06'),(174,'Tonga','Tonga','Tonga','2018-10-04 21:25:06','2018-10-04 21:25:06'),(175,'Trinidad y Tobago','Trinidad and Tobago','Trinité-et-Tobago','2018-10-04 21:25:06','2018-10-06 02:50:22'),(176,'Túnez','Tunisia','Tunisie','2018-10-04 21:25:06','2018-10-04 21:25:06'),(177,'Turquía','Turkey','Turquie','2018-10-04 21:25:06','2018-10-04 21:25:06'),(178,'Turkmenistán','Turkmenistan','Turkménistan','2018-10-04 21:25:06','2018-10-04 21:25:06'),(179,'Tuvalu','Tuvalu','Tuvalu','2018-10-04 21:25:06','2018-10-04 21:25:06'),(180,'Uganda','Uganda','Ouganda','2018-10-04 21:25:06','2018-10-04 21:25:06'),(181,'Ucrania','Ukraine','Ukraine','2018-10-04 21:25:06','2018-10-04 21:25:06'),(182,'Emiratos Árabes Unidos','United Arab Emirates','Émirats arabes unis','2018-10-04 21:25:06','2018-10-04 21:25:06'),(183,'Reino Unido de Gran Bretaña e Irlanda del Norte','United Kingdom of Great Britain and Northern Ireland','Royaume-Uni de Grande-Bretagne et d\'Irlande du Nord','2018-10-04 21:25:06','2018-10-18 15:48:05'),(184,'República Unida de Tanzanía','United Republic of Tanzania','République-Unie de Tanzanie','2018-10-04 21:25:06','2018-10-04 21:25:06'),(185,'Estados Unidos de América','United States of America','États-Unis d\'Amérique','2018-10-04 21:25:06','2018-10-04 21:25:06'),(186,'Uruguay','Uruguay','Uruguay','2018-10-04 21:25:06','2018-10-04 21:25:06'),(187,'Uzbekistán','Uzbekistan','Ouzbékistan','2018-10-04 21:25:06','2018-10-04 21:25:06'),(188,'Vanuatu','Vanuatu','Vanuatu','2018-10-04 21:25:06','2018-10-04 21:25:06'),(189,'Venezuela (República Bolivariana de)','Venezuela, Bolivarian Republic of','Venezuela (République bolivarienne du)','2018-10-04 21:25:06','2018-10-04 21:25:06'),(190,'Viet Nam','Viet Nam','Viet Nam','2018-10-04 21:25:06','2018-10-04 21:25:06'),(191,'Yemen','Yemen','Yémen','2018-10-04 21:25:06','2018-10-04 21:25:06'),(192,'Zambia','Zambia','Zambie','2018-10-04 21:25:06','2018-10-04 21:25:06'),(193,'Zimbabwe','Zimbabwe','Zimbabwe','2018-10-04 21:25:06','2018-10-04 21:25:06'),(194,'Presidente','President',NULL,'2018-10-04 21:25:06','2018-10-06 13:42:15'),(195,'VIcepresidente','Vice-President',NULL,'2018-10-04 21:25:06','2018-10-06 14:00:22'),(196,'Relator','Rapporteur',NULL,'2018-10-04 21:25:06','2018-10-06 13:44:02'),(197,'Presidenta','President',NULL,'2018-10-04 21:25:06','2018-10-06 13:42:55'),(198,'Vicepresidenta','Vice-President',NULL,'2018-10-04 21:25:06','2018-10-06 13:43:35'),(199,'Relatora','Rapporteur',NULL,'2018-10-04 21:25:06','2018-10-06 13:44:14'),(200,'Coordinador General','Coordinador General',NULL,'2018-10-04 21:25:06','2018-10-05 20:32:50'),(201,'Coordinadora Administrativa','Coordinadora Administrativa',NULL,'2018-10-04 21:25:06','2018-10-05 20:32:56'),(202,'Secretario General','Secretario General',NULL,'2018-10-04 21:25:06','2018-10-05 20:33:03'),(203,'Vicesecretaria General','Vicesecretaria General',NULL,'2018-10-04 21:25:06','2018-10-05 20:33:09'),(204,'Encargada de Actividades para Asesores Docentes Responsables de Grupo','Encargada de Actividades para Asesores Docentes Responsables de Grupo',NULL,'2018-10-04 21:25:06','2018-10-05 20:33:17'),(205,'Oficial de Actividades para Asesores Docentes Responsables de Grupo','Oficial de Actividades para Asesores Docentes Responsables de Grupo',NULL,'2018-10-04 21:25:06','2018-10-05 20:33:23'),(206,'Encargado de EXPOCILA 2018','Encargado de EXPOCILA 2018',NULL,'2018-10-04 21:25:06','2018-10-05 20:33:29'),(207,'Asesora de Protocolo para Inauguración y Clausura','Asesora de Protocolo para Inauguración y Clausura',NULL,'2018-10-04 21:25:06','2018-10-05 20:33:35'),(208,'Secretario General Adjunto de Servicios de Conferencia','Secretario General Adjunto de Servicios de Conferencia',NULL,'2018-10-04 21:25:06','2018-10-12 01:35:24'),(209,'Encargado de Servicios de Reuniones de Trabajo en Comités','Encargado de Servicios de Reuniones de Trabajo en Comités',NULL,'2018-10-04 21:25:06','2018-10-05 20:33:46'),(210,'Oficial de Servicios de Conferencia','Oficial de Servicios de Conferencia',NULL,'2018-10-04 21:25:06','2018-10-12 01:35:45'),(211,'Oficial de Servicios de Gestión de Conferencia','Oficial de Servicios de Gestión de Conferencia',NULL,'2018-10-04 21:25:06','2018-10-05 20:34:20'),(212,'Oficial de Servicios de Gestión de Conferencias - Encargado de Tecnología','Oficial de Servicios de Gestión de Conferencias - Encargado de Tecnología',NULL,'2018-10-04 21:25:06','2018-10-05 20:34:25'),(213,'Secretaria General Adjunta de Protocolo y Enlace con Expertos','Secretaria General Adjunta de Protocolo y Enlace con Expertos',NULL,'2018-10-04 21:25:06','2018-10-05 20:34:30'),(214,'Oficial de Protocolo y Enlace con Expertos','Oficial de Protocolo y Enlace con Expertos',NULL,'2018-10-04 21:25:06','2018-10-05 20:34:35'),(215,'Presidente (Sesión de Emergencia)','Presidente (Sesión de Emergencia)',NULL,'2018-10-04 21:25:06','2018-10-05 20:34:42'),(216,'Asesor (Sesión de Emergencia)','Asesor (Sesión de Emergencia)',NULL,'2018-10-04 21:25:06','2018-10-05 20:34:47'),(217,'Oficial de Sesión de Emergencia','Oficial de Sesión de Emergencia',NULL,'2018-10-04 21:25:06','2018-10-05 20:34:55'),(218,'Encargada de Encuentro Cultural y Concierto Global','Encargada de Encuentro Cultural y Concierto Global',NULL,'2018-10-04 21:25:06','2018-10-05 20:35:06'),(219,'Oficial Encuentro Cultural y Concierto Global','Oficial Encuentro Cultural y Concierto Global',NULL,'2018-10-04 21:25:06','2018-10-05 20:36:00'),(220,'Encargada de Calidad Académica','Encargada de Calidad Académica',NULL,'2018-10-04 21:25:06','2018-10-05 20:36:06'),(221,'Oficial de Calidad Académica','Oficial de Calidad Académica',NULL,'2018-10-04 21:25:06','2018-10-05 20:36:12'),(222,'Director','Director',NULL,'2018-10-04 21:25:06','2018-10-05 20:36:34'),(223,'Subdirector','Subdirector',NULL,'2018-10-04 21:25:06','2018-10-05 20:36:39'),(224,'Encargado de la División de Noticias y Medios de Información','Encargado de la División de Noticias y Medios de Información',NULL,'2018-10-04 21:25:06','2018-10-05 20:36:48'),(225,'Jueza Presidenta','Jueza Presidenta',NULL,'2018-10-04 21:25:06','2018-10-05 20:36:54'),(226,'Juez Vicepresidente','Juez Vicepresidente',NULL,'2018-10-04 21:25:06','2018-10-05 20:37:02'),(227,'Audiovisuales','Audiovisuales',NULL,'2018-10-04 21:25:06','2018-10-05 20:37:07'),(228,'Invitado Especial','Invitado Especial',NULL,'2018-10-04 21:25:06','2018-10-05 20:37:32'),(229,'Invitada Especial','Invitada Especial',NULL,'2018-10-04 21:25:06','2018-10-05 20:37:41'),(230,'Director Ejecutivo ANU-RD','Director Ejecutivo ANU-RD',NULL,'2018-10-04 21:25:06','2018-10-05 20:37:48'),(231,'Director Ejecutivo FUNGLODE','Director Ejecutivo FUNGLODE',NULL,'2018-10-04 21:25:06','2018-10-05 20:37:54'),(232,'Directora General Globalmuners A.C.','Directora General Globalmuners A. C.',NULL,'2018-10-04 21:25:06','2018-10-05 20:38:08'),(233,'London News','London News',NULL,'2018-10-04 21:25:06','2018-10-05 20:38:15'),(234,'Red Stars News','Red Stars News',NULL,'2018-10-04 21:25:06','2018-10-05 20:38:21'),(235,'Roma Notizie','Roma Notizie',NULL,'2018-10-04 21:25:06','2018-10-05 20:38:29'),(236,'Noticiero Dominicano','Noticiero Dominicano',NULL,'2018-10-04 21:25:06','2018-10-05 20:38:33'),(237,'El Ateneo','El Ateneo',NULL,'2018-10-04 21:25:06','2018-10-05 20:38:37'),(238,'Nippon Daily','Nippon Daily',NULL,'2018-10-04 21:25:06','2018-10-05 20:38:42'),(239,'Press de Gaulle','Press de Gaulle',NULL,'2018-10-04 21:25:06','2018-10-05 20:38:46'),(240,'Noticias Patagonia','Noticias Patagonia',NULL,'2018-10-04 21:25:06','2018-10-05 20:40:15'),(241,'Sabah International','Sabah International',NULL,'2018-10-04 21:25:06','2018-10-05 20:40:21'),(242,'Swahili News','Swahili News',NULL,'2018-10-04 21:25:06','2018-10-05 20:40:26'),(243,'Empire News','Empire News',NULL,'2018-10-04 21:25:06','2018-10-05 20:40:31'),(244,'Emirates Post','Emirates Post',NULL,'2018-10-04 21:25:06','2018-10-05 20:40:36'),(245,'US Daily News','US Daily News',NULL,'2018-10-04 21:25:06','2018-10-05 20:40:41'),(246,'Agora Río','Agora Río',NULL,'2018-10-04 21:25:06','2018-10-05 20:40:45'),(247,'Cadena Informativa Española','Cadena Informativa Española',NULL,'2018-10-04 21:25:06','2018-10-05 20:40:50'),(248,'Sydney Today','Sydney Today',NULL,'2018-10-04 21:25:06','2018-10-05 20:40:54'),(249,'India News Network','India News Network',NULL,'2018-10-04 21:25:06','2018-10-05 20:41:00'),(250,'China´s People Network','China´s People Network',NULL,'2018-10-04 21:25:06','2018-10-05 20:41:04'),(251,'El Bolivariano','El Bolivariano',NULL,'2018-10-04 21:25:06','2018-10-05 20:41:08'),(252,'Die Journal','Die Journal',NULL,'2018-10-04 21:25:06','2018-10-05 20:41:13'),(253,'Presidente FUNGLODE y ANU-RD','Presidente FUNGLODE y ANU-RD',NULL,'2018-10-04 21:25:06','2018-10-05 20:41:19'),(254,'Representante - Metro Tours','Representante - Metro Tours',NULL,'2018-10-04 21:25:06','2018-10-05 20:41:27'),(255,'Prensa','Prensa',NULL,'2018-10-04 21:25:06','2018-10-05 20:41:35'),(256,'Encargada de Apoyo y Gestión de Voluntarios','Encargada de Apoyo y Gestión de Voluntarios',NULL,'2018-10-04 21:25:06','2018-10-05 20:32:27'),(257,'Tecnología','Tecnología',NULL,'2018-10-04 21:25:06','2018-10-05 20:32:42'),(258,'S.E. (Santa Teresa)',NULL,NULL,'2018-10-05 14:01:50','2018-10-05 14:01:50'),(259,'Asesor Docente Responsable de Grupo (ADOR)','Asesor Docente Responsable de Grupo (ADOR)',NULL,'2018-10-05 14:24:25','2018-10-05 14:25:29'),(260,'Observador',NULL,NULL,'2018-10-05 20:32:19','2018-10-05 20:32:19'),(261,'S.E. Sayas','-',NULL,'2018-10-06 02:45:36','2018-10-22 21:29:46'),(262,'S.E. Gómez','-',NULL,'2018-10-06 02:50:43','2018-10-19 14:01:38'),(263,'S.E. (Babeque)',NULL,NULL,'2018-10-06 02:58:11','2018-10-06 02:58:11'),(264,'S.E. Antolínez','-',NULL,'2018-10-06 03:08:30','2018-10-21 09:06:33'),(265,'S.E. Ortega','-',NULL,'2018-10-06 03:12:45','2018-10-16 23:24:54'),(266,'S.E. Marmolejo','-',NULL,'2018-10-06 03:21:53','2018-10-21 09:06:49'),(267,'S.E. Pérez','-',NULL,'2018-10-06 03:27:33','2018-10-16 17:41:06'),(268,'S.E. Solano','-',NULL,'2018-10-06 03:33:20','2018-10-18 13:56:56'),(269,'S.E. Julián','-',NULL,'2018-10-06 03:50:00','2018-10-18 00:45:55'),(270,'S.E. Lazo','-',NULL,'2018-10-06 03:52:24','2018-10-21 21:30:31'),(271,'S.E. Rodríguez','-',NULL,'2018-10-06 04:05:45','2018-10-19 15:38:43'),(273,'Staff Globalmuners A.C.',NULL,NULL,'2018-10-16 03:47:30','2018-10-16 03:47:30'),(274,'Oficial de Protocolo y Servicios de Conferencia',NULL,NULL,'2018-10-16 03:48:36','2018-10-16 03:48:36'),(275,'Globalmuners A. C.',NULL,NULL,'2018-10-20 02:49:58','2018-10-20 02:49:58'),(276,'Coordinadora de voluntarios Globalmuners A. C.',NULL,NULL,'2018-10-20 03:13:33','2018-10-20 03:13:33'),(277,'Asistente Ejecutivo','Executive Assistant',NULL,'2018-10-20 23:52:10','2018-10-20 23:52:10'),(278,'Encargada de Comunicaciones','-','-','2018-10-21 09:07:10','2018-10-21 09:07:10'),(279,'S.E. Pérez','-','-','2018-10-21 19:56:34','2018-10-21 19:56:34'),(280,'S.E. Peña','-','-','2018-10-21 19:57:39','2018-10-21 19:57:39'),(281,'S.E. Peña','-','-','2018-10-21 20:02:04','2018-10-21 20:02:04'),(282,'Presidente del Comité de Crisis',NULL,NULL,'2018-10-22 15:58:32','2018-10-22 15:58:32'),(283,'Audiovisuales','-','-','2018-10-23 22:28:54','2018-10-23 22:28:54'),(284,'Secretaria General Especial',NULL,NULL,'2018-10-23 23:04:37','2018-10-23 23:04:37');
/*!40000 ALTER TABLE `representations` ENABLE KEYS */;
UNLOCK TABLES;

--
-- Table structure for table `users`
--

DROP TABLE IF EXISTS `users`;
/*!40101 SET @saved_cs_client     = @@character_set_client */;
/*!40101 SET character_set_client = utf8 */;
CREATE TABLE `users` (
  `id` int(10) unsigned NOT NULL AUTO_INCREMENT,
  `name` varchar(255) COLLATE utf8mb4_unicode_ci NOT NULL,
  `lastname` varchar(255) COLLATE utf8mb4_unicode_ci DEFAULT NULL,
  `role` int(11) NOT NULL,
  `institution_id` int(10) unsigned DEFAULT NULL,
  `email` varchar(255) COLLATE utf8mb4_unicode_ci NOT NULL,
  `email_verified_at` timestamp NULL DEFAULT NULL,
  `password` varchar(255) COLLATE utf8mb4_unicode_ci NOT NULL,
  `phone` varchar(255) COLLATE utf8mb4_unicode_ci NOT NULL,
  `remember_token` varchar(100) COLLATE utf8mb4_unicode_ci DEFAULT NULL,
  `created_at` timestamp NULL DEFAULT NULL,
  `updated_at` timestamp NULL DEFAULT NULL,
  PRIMARY KEY (`id`),
  UNIQUE KEY `users_email_unique` (`email`),
  KEY `users_institution_id_foreign` (`institution_id`),
  CONSTRAINT `users_institution_id_foreign` FOREIGN KEY (`institution_id`) REFERENCES `institutions` (`id`) ON DELETE CASCADE
) ENGINE=InnoDB AUTO_INCREMENT=96 DEFAULT CHARSET=utf8mb4 COLLATE=utf8mb4_unicode_ci;
/*!40101 SET character_set_client = @saved_cs_client */;

--
-- Dumping data for table `users`
--

LOCK TABLES `users` WRITE;
/*!40000 ALTER TABLE `users` DISABLE KEYS */;
INSERT INTO `users` VALUES (1,'SGC','ANU-RD',1,1,'admin@admin.com','2005-08-23 11:57:10','$2y$10$TKh8H1.PfQx37YgCzwiKb.KjNyWgaHb9cbcoQgdIVFlYg7B77UdFm','558.796.6155 x18638','dxJiFJmlPsRbezjQ86MoM28DLkm3FsC9RSSipH1Yn0JDvw3ZAnxuzxMVwyPN','2018-10-05 03:33:34','2018-10-06 03:17:39'),(14,'Servicio de Gestión de Conferencias (SCG)','Rafael Valdivieso',1,25,'r.valdivieso@unadr.org.do',NULL,'$2y$10$mpkVEOtq9PDLtCr30S6od.jcSwepMRzqrSahMzXORdtZjym2RpLAS','8296375626',NULL,'2018-10-10 04:10:44','2018-10-10 04:10:44'),(66,'Yinette','Vilorio',1,25,'y.vilorio@unadr.org.do',NULL,'$2y$10$/fGFM.z8lPRQRJlez21SjeG6KDu6w0U2irLL3Rp2rdGk5GsjkBEQ2','-',NULL,'2018-12-03 16:38:11','2018-12-03 16:38:11'),(67,'Yinette','Vilorio',1,25,'yvilorio.anurd@gmail.com',NULL,'$2y$10$/C5Z3abogz3My/r3nz8Fj.RcWcPB6OjIiezvps6JfAhLZvi.1jnle','-','6RBEwl8aZBDq2misdjsM4fBswSNh8micPZUJzkKwRzFNrWsnOmVrfjE1OjT3','2018-12-03 16:39:04','2018-12-03 16:39:31'),(71,'Colegio San Gabriel de la Dolorosa','Ramona González',2,14,'ramona_go@outlook.com',NULL,'$2y$10$jkK..qAOuc6X4trmJo2Z5.2uG9C6jU7ummER8fa7yOM3e5FIYmgNC','-','b8igUzYyfMrP02iovFJsTxNrBjbvbU7BzXuwhaUhI0V5aeMgkkqCnkPIU4Hu','2019-02-14 16:09:03','2019-02-14 17:11:34'),(72,'Colegio Santa Teresita','Bélgica Paredes',2,6,'paredes_belgica@hotmail.com',NULL,'$2y$10$qxK4TgYFNRQwMvlsdOMaE.ZCSAgl.qnddtTlY3rpRf/bul2kwhc3O','-','9PLIQmF5uuETlyHkCHUt5XMpoj23ebY1o63yLByM5MEHoQhyRhFiD64M3fHg','2019-02-14 17:14:45','2019-02-14 17:16:22'),(73,'Colegio Majac Montessori','María Cecilia',2,44,'majacmontessori@hotmail.com',NULL,'$2y$10$aMBh07XZKwr1p2WYOSI4FusbjTfwIQcyfBzPyDn5ZEjLq7D4bFvtq','-','fU1D8elcgfldEf4QBb3tsQt7IzPNjtiIch3dC0oGhlpyugrfpgIZgJA8YSrx','2019-02-14 17:20:52','2019-02-14 17:21:59'),(74,'Secundaria Babeque','Cecil Hiraldo',2,3,'cecilhiraldo@hotmail.com',NULL,'$2y$10$AFKS3pV7qjPxnIwhlngN4OFp0yo6CHToWOyEqyWYPQl4EtK12cixe','-','d3sPYOhkrYbgovW76YYxOFj7zbhAAoZmSfrYKs0xUmAthq4AI2SSR1ro4IK3','2019-02-14 17:34:29','2019-02-14 17:37:20'),(75,'Saint George School','Fireley Uribe',2,20,'furibe@saintgeorge.do',NULL,'$2y$10$EDz06UAtMCiLsXQbSsKYq.JUS3WXJNVKFdXNRuMwp4IMcKea6SwoO','-','sKVtF3rB2SUNbk5sD1Rqoq9bblyVXbVZd7IlcDTXVgZ5Tp4mUxPND1s2nBoW','2019-02-14 17:39:49','2019-02-14 17:41:03'),(76,'MC School','Cynthia Abreu',2,7,'c.abreu@mcschool.edu.do',NULL,'$2y$10$rheQKKl4sQDE7/fhRQhDOeFX2bIt0N7GI9.TAbVNynkRK5YfbQ8dS','-','IzNL7BLwImkvkwd0wGC1OOGFZa0PDWcEbKhvrB9p8BooFKNJ2YyNs22ZrAQ9','2019-02-14 17:43:06','2019-02-14 17:57:24'),(77,'Saint Thomas School','Tania Borges',2,19,'borgesmartinez@hotmail.com',NULL,'$2y$10$TK/xl29JZ4C2hJDE1xnE0uVHULYI43aokX2tp7FZSI03UWQiSrLuy','-','zRIeUr2bR2rFU98xXPCjRwYvXmKCaEKikBs6KrXaI7gba2Is6RUcDpU1aaAh','2019-02-14 18:08:53','2019-02-14 18:13:07'),(78,'Mi Colegio','Lender Leyba',2,8,'l.leyba@mcschool.edu.do',NULL,'$2y$10$0RUJ8ibDq7ZYavu.1QcUtO18MaZnxkZHv3jXGGvLX.AhhD8XvKdMa','-','nNTRTIt2pWMODGpvJOxEk2gXxfizbhvv6SrnzOoUyHFnmc90uKnuAX8IppMv','2019-02-14 18:15:56','2019-02-14 18:18:13'),(79,'Colegio San Juan Bautista','María de los Ángeles',2,24,'Angela@colegiosanjuanbautista.com',NULL,'$2y$10$G6dpqM5kfI4AqKk1Z9z7xeb.ncmiYSCBRCvusdfkH6iMSkKmEP52m','-','TUybWbeNFgGGLoMCB3EDh9kAl2PjouUHNrRhTgcVjfcygAj8csuxS7rRC6Qv','2019-02-14 18:21:17','2019-02-14 18:23:41'),(80,'Colegio Nuestra Señora de Lourdes','Milta Carmona',2,45,'dalmi1214@hotmail.com',NULL,'$2y$10$y9h3c7N7EMdxk/oaCTNEW.sZAZEEfr8vDEDtrqk3sFjzjIZnVD.UW','-','AQjYXZZUe3WQUl3CmueJU8LQOANuCyt14VHbEk3DL2eWFvV0tXIzzecUrj9M','2019-02-14 18:55:39','2019-02-14 18:57:08'),(82,'CUDENI Comunidad Educativa','Rolando Gross',2,46,'cudeni@gmail.com',NULL,'$2y$10$XTo3vKSwis8ZVlJ.1DHhz.piu5O2F8.ffKquOcCvIq7C1usirmZAG','-','kNIBsWoymiCtI20YRygCxOc9mREIx8c6eOpXFAjWkspuyRmsEmlR6ZtNomiV','2019-02-14 18:58:48','2019-02-14 19:00:37'),(83,'Colegio Loyola','Jose Romero',2,47,'rencarnacion@loyola.edu.do',NULL,'$2y$10$Il4gUesXad73h/fA4s8njeEbGBbaku8W8PV86otdGfQma.7WOGauy','-','XGHO7J5ARkJquL9aw8C1uoLnIDsxl9tzcDFFZtoUg5Lq1esXHWw632BQNvLE','2019-02-14 19:01:13','2019-02-14 19:02:22'),(84,'Escuela Parroquial Santa Rita','Yajaida Madrigal',2,48,'yajaida1@gmail.com',NULL,'$2y$10$UC32PQIK2g2JLC/yMYObpOuNstw83ieyXweGJbVOGBZBqtlJjg/qG','-','XPPioxbDzdu9sOaLeANIQQcDL5vlehrqZmNp7FmHIIftrpI2fGuGFAB2KVT6','2019-02-14 19:02:57','2019-02-14 19:04:47'),(85,'Colegio Jaime Molina Mota','Lourdes de Jesus',2,49,'lourdesdejesusdiaz@gmail.com',NULL,'$2y$10$c6t2LHt6hEcD.v5nbHSGlOl4wI2IRdQ567U4wRQP4rV6beSm0C1c2','-','cquPLO2S0tHi4KbWanI9qbQWsJ9MLis9U5S1ISPtXXHq6FrwonA0GTh4TTNS','2019-02-14 19:05:44','2019-02-14 19:06:52'),(86,'Centro Educativo Hi-Hello','Yomalia María',2,50,'yomaliamaria@hotmail.com',NULL,'$2y$10$Osc2YNzCHdugfacKaL/4ieV06qpdm3DTPaqksKpYcngvF0Nz5CiIu','-','MBPxEeRS31PuDEbfLwbtz7mN8E4fzm9Rpz6DmuCH9es72TNBfBs2UIgAlGfk','2019-02-14 19:08:00','2019-02-14 19:09:49'),(87,'Colegio Luis Muñoz Rivera','Stephanie Núñez',2,51,'s.nunez@lumuri.edu.do',NULL,'$2y$10$TzRKvK74sJIVzT9UDStfxuxuKt8vOj18NubhDEqhMY5HUmZfmXxyi','-','SFVXPRkeH0PJvv2yVOl3u6l5fIIt4nL2YrZ9hT4WV3R6TFqx2oCiPaVp2PgP','2019-02-14 19:10:48','2019-02-14 19:12:45'),(88,'Saint Patrick School','María Hernández',2,52,'mariah@stpatrick.edu.do ',NULL,'$2y$10$N.rw/I5d4ty4oScn7C.pMucwGWeAfOS7uMFgbTCFhcNeadXn4hXlO','-','aR2hqY5U9ruK17EqJQ3fACDViMqKtRqcMVTfP3zWRoyTajzWOMUqYyptl6Yo','2019-02-14 19:14:19','2019-02-14 19:46:10'),(89,'Instituto Tecnológico de las Américas (ITLA)','Marlyn Carmen García',2,53,'mcarmen@itla.edu.do',NULL,'$2y$10$U.elPzQLovGxwcKIRIeOJeWGD4Pc6DYPQM6oJwmc2nlkrs86lE.X.','-','Lq8AYXH37S4dmoQLEToLFzxAAHZXirfTZ8NHSPl5ZwSUqWOnE4Lv2Sewp3eh','2019-02-14 19:47:30','2019-02-14 19:49:00'),(90,'Liceo Francés de Santo Domingo','Gurvan Corduant',2,54,'GURVAN.CORDUANT@lfsd.edu.do',NULL,'$2y$10$.TORCI26uR/0lyWEBvhc.OfLZ/33cfA18WXwEh0fN11HiDqQVLtXO','-','WP01kxmlFSkvny85LuztHDbVj5xyeor3OoWuuRWM1nIQfUBsbNr9JX3kspx1','2019-02-14 19:50:46','2019-02-14 19:52:03'),(91,'Colegio Ad Maiora','Alex García',2,55,'ydominguez@admaiora.edu.do',NULL,'$2y$10$fAUeImdlYw3RusL40Rkz/.KObOAH5rX9VqmdibHLFilTvtemGbtRW','-','0vi0F3H53C7ddMjhVAP3gkrNZIDLHk0ShYvdFrb5Z5vTiTpUI50G1ajO1vk5','2019-02-14 19:53:35','2019-02-15 17:48:55'),(93,'Ramsés','Pimentel',2,57,'ramsespi08@gmail.com',NULL,'$2y$10$/hefLeeMWxiQ3UgxmKN87e7U2RflgLiBT7RUESC3xfiD5Yhf/GI0S','-',NULL,'2019-02-15 19:14:43','2019-02-15 19:14:43'),(94,'Delia','Del Rosario',2,57,'ddeliadelrosario@gmail.com',NULL,'$2y$10$1Ul9h1UYO1oXJJ/8N8oCyebzs9xU2m1cZgYuaxOKcOezK8n1RP6Ry','-',NULL,'2019-02-15 19:15:48','2019-02-15 19:15:48'),(95,'Oscar','Moquete',1,25,'o.moquete@unadr.org.do',NULL,'$2y$10$JHFdlqNzVObNASXnQZNc4O4WWIzl4n/Eywks3IkNSAXhM6xit5Dj.','-',NULL,'2019-02-15 19:21:28','2019-02-15 19:21:28');
/*!40000 ALTER TABLE `users` ENABLE KEYS */;
UNLOCK TABLES;
/*!40103 SET TIME_ZONE=@OLD_TIME_ZONE */;

/*!40101 SET SQL_MODE=@OLD_SQL_MODE */;
/*!40014 SET FOREIGN_KEY_CHECKS=@OLD_FOREIGN_KEY_CHECKS */;
/*!40014 SET UNIQUE_CHECKS=@OLD_UNIQUE_CHECKS */;
/*!40101 SET CHARACTER_SET_CLIENT=@OLD_CHARACTER_SET_CLIENT */;
/*!40101 SET CHARACTER_SET_RESULTS=@OLD_CHARACTER_SET_RESULTS */;
/*!40101 SET COLLATION_CONNECTION=@OLD_COLLATION_CONNECTION */;
/*!40111 SET SQL_NOTES=@OLD_SQL_NOTES */;

-- Dump completed on 2019-02-16  1:02:41
