-- MySQL dump 10.13  Distrib 5.7.25, for Linux (x86_64)
--
-- Host: localhost    Database: anurd
-- ------------------------------------------------------
-- Server version	5.7.25

/*!40101 SET @OLD_CHARACTER_SET_CLIENT=@@CHARACTER_SET_CLIENT */;
/*!40101 SET @OLD_CHARACTER_SET_RESULTS=@@CHARACTER_SET_RESULTS */;
/*!40101 SET @OLD_COLLATION_CONNECTION=@@COLLATION_CONNECTION */;
/*!40101 SET NAMES utf8 */;
/*!40103 SET @OLD_TIME_ZONE=@@TIME_ZONE */;
/*!40103 SET TIME_ZONE='+00:00' */;
/*!40014 SET @OLD_UNIQUE_CHECKS=@@UNIQUE_CHECKS, UNIQUE_CHECKS=0 */;
/*!40014 SET @OLD_FOREIGN_KEY_CHECKS=@@FOREIGN_KEY_CHECKS, FOREIGN_KEY_CHECKS=0 */;
/*!40101 SET @OLD_SQL_MODE=@@SQL_MODE, SQL_MODE='NO_AUTO_VALUE_ON_ZERO' */;
/*!40111 SET @OLD_SQL_NOTES=@@SQL_NOTES, SQL_NOTES=0 */;

--
-- Table structure for table `categories`
--

DROP TABLE IF EXISTS `categories`;
/*!40101 SET @saved_cs_client     = @@character_set_client */;
/*!40101 SET character_set_client = utf8 */;
CREATE TABLE `categories` (
  `id` int(10) unsigned NOT NULL AUTO_INCREMENT,
  `name` varchar(255) COLLATE utf8mb4_unicode_ci NOT NULL,
  `created_at` timestamp NULL DEFAULT NULL,
  `updated_at` timestamp NULL DEFAULT NULL,
  PRIMARY KEY (`id`)
) ENGINE=InnoDB AUTO_INCREMENT=9 DEFAULT CHARSET=utf8mb4 COLLATE=utf8mb4_unicode_ci;
/*!40101 SET character_set_client = @saved_cs_client */;

--
-- Dumping data for table `categories`
--

LOCK TABLES `categories` WRITE;
/*!40000 ALTER TABLE `categories` DISABLE KEYS */;
INSERT INTO `categories` VALUES (1,'Delegado de Educación Básica','2018-10-08 20:48:23','2018-10-08 20:48:23'),(2,'Delegado de Educación Media','2018-10-08 20:48:23','2018-10-08 20:48:23'),(3,'Delegado de Educación Superior','2018-10-08 20:48:23','2018-10-08 20:48:23'),(4,'Invitado Especial','2018-10-08 20:48:23','2018-10-08 20:48:23'),(5,'Asesor Docente Responsable de Grupo (ADOR)','2018-10-08 20:48:23','2018-10-08 20:48:23'),(6,'Asesor Docente Adicional (ADA)','2018-10-08 20:48:23','2018-10-08 20:48:23'),(7,'Observador','2018-10-08 20:48:23','2018-10-08 20:48:23'),(8,'Secretaría','2018-10-08 20:48:23','2018-10-08 20:48:23');
/*!40000 ALTER TABLE `categories` ENABLE KEYS */;
UNLOCK TABLES;

--
-- Table structure for table `commission_representations`
--

DROP TABLE IF EXISTS `commission_representations`;
/*!40101 SET @saved_cs_client     = @@character_set_client */;
/*!40101 SET character_set_client = utf8 */;
CREATE TABLE `commission_representations` (
  `id` int(10) unsigned NOT NULL AUTO_INCREMENT,
  `institutioncommission_id` int(10) unsigned NOT NULL,
  `representation_id` int(10) unsigned NOT NULL,
  `capacity` int(11) NOT NULL,
  `created_at` timestamp NULL DEFAULT NULL,
  `updated_at` timestamp NULL DEFAULT NULL,
  PRIMARY KEY (`id`),
  KEY `commission_representations_representation_id_foreign` (`representation_id`),
  KEY `commission_representations_institutioncommission_id_foreign` (`institutioncommission_id`),
  CONSTRAINT `commission_representations_institutioncommission_id_foreign` FOREIGN KEY (`institutioncommission_id`) REFERENCES `institution_commissions` (`id`) ON DELETE CASCADE,
  CONSTRAINT `commission_representations_representation_id_foreign` FOREIGN KEY (`representation_id`) REFERENCES `representations` (`id`) ON DELETE CASCADE
) ENGINE=InnoDB AUTO_INCREMENT=176 DEFAULT CHARSET=utf8mb4 COLLATE=utf8mb4_unicode_ci;
/*!40101 SET character_set_client = @saved_cs_client */;

--
-- Dumping data for table `commission_representations`
--

LOCK TABLES `commission_representations` WRITE;
/*!40000 ALTER TABLE `commission_representations` DISABLE KEYS */;
INSERT INTO `commission_representations` VALUES (1,1,7,2,'2019-02-15 15:04:45','2019-02-15 15:04:45'),(2,1,91,2,'2019-02-15 15:04:45','2019-02-15 15:04:45'),(3,1,183,2,'2019-02-15 15:04:45','2019-02-15 15:04:45'),(4,1,160,2,'2019-02-15 15:04:45','2019-02-15 15:04:45'),(5,1,78,2,'2019-02-15 15:04:46','2019-02-15 15:04:46'),(6,2,7,1,'2019-02-15 15:05:16','2019-02-15 15:05:16'),(7,3,7,2,'2019-02-15 15:05:32','2019-02-15 15:05:32'),(8,4,91,1,'2019-02-15 15:05:51','2019-02-15 15:05:51'),(9,5,122,1,'2019-02-15 15:06:12','2019-02-15 15:06:12'),(10,6,252,2,'2019-02-15 15:06:25','2019-02-15 15:06:25'),(11,7,160,2,'2019-02-15 15:09:09','2019-02-15 15:09:09'),(12,7,189,2,'2019-02-15 15:09:09','2019-02-15 15:09:09'),(13,8,131,2,'2019-02-15 15:09:37','2019-02-15 15:09:37'),(14,9,185,2,'2019-02-15 15:10:48','2019-02-15 15:10:48'),(15,9,67,2,'2019-02-15 15:10:48','2019-02-15 15:10:48'),(16,10,166,1,'2019-02-15 15:11:04','2019-02-15 15:11:04'),(17,11,166,1,'2019-02-15 15:11:25','2019-02-15 15:11:25'),(18,12,251,2,'2019-02-15 15:11:41','2019-02-15 15:11:41'),(19,13,41,2,'2019-02-15 15:14:53','2019-02-15 15:14:53'),(20,14,3,2,'2019-02-15 15:15:17','2019-02-15 15:15:17'),(21,14,53,2,'2019-02-15 15:15:17','2019-02-15 15:15:17'),(22,15,17,2,'2019-02-15 15:16:00','2019-02-15 15:16:00'),(23,16,17,1,'2019-02-15 15:16:24','2019-02-15 15:16:24'),(24,17,35,2,'2019-02-15 15:16:44','2019-02-15 15:16:44'),(25,18,17,1,'2019-02-15 15:16:59','2019-02-15 15:16:59'),(26,19,17,1,'2019-02-15 15:17:28','2019-02-15 15:17:28'),(27,19,10,1,'2019-02-15 15:17:28','2019-02-15 15:17:28'),(28,20,134,2,'2019-02-15 15:19:10','2019-02-15 15:19:10'),(29,20,84,2,'2019-02-15 15:19:10','2019-02-15 15:19:10'),(30,20,118,2,'2019-02-15 15:19:10','2019-02-15 15:19:10'),(31,21,134,1,'2019-02-15 15:19:41','2019-02-15 15:19:41'),(32,21,84,1,'2019-02-15 15:19:41','2019-02-15 15:19:41'),(33,22,134,2,'2019-02-15 15:20:12','2019-02-15 15:20:12'),(34,23,134,1,'2019-02-15 15:20:30','2019-02-15 15:20:30'),(35,24,84,1,'2019-02-15 15:21:02','2019-02-15 15:21:02'),(36,24,62,1,'2019-02-15 15:21:02','2019-02-15 15:21:02'),(37,25,51,2,'2019-02-15 15:23:45','2019-02-15 15:23:45'),(38,25,53,2,'2019-02-15 15:23:45','2019-02-15 15:23:45'),(39,25,24,2,'2019-02-15 15:23:45','2019-02-15 15:23:45'),(40,25,31,2,'2019-02-15 15:23:45','2019-02-15 15:23:45'),(41,25,55,2,'2019-02-15 15:23:45','2019-02-15 15:23:45'),(42,25,60,2,'2019-02-15 15:23:45','2019-02-15 15:23:45'),(43,25,111,2,'2019-02-15 15:23:45','2019-02-15 15:23:45'),(44,25,89,2,'2019-02-15 15:23:45','2019-02-15 15:23:45'),(45,26,51,2,'2019-02-15 15:24:37','2019-02-15 15:24:37'),(46,26,126,2,'2019-02-15 15:24:37','2019-02-15 15:24:37'),(47,26,14,2,'2019-02-15 15:24:37','2019-02-15 15:24:37'),(48,27,51,1,'2019-02-15 15:25:19','2019-02-15 15:25:19'),(49,27,100,1,'2019-02-15 15:25:19','2019-02-15 15:25:19'),(50,27,35,1,'2019-02-15 15:25:19','2019-02-15 15:25:19'),(51,28,51,2,'2019-02-15 15:25:37','2019-02-15 15:25:37'),(52,29,51,1,'2019-02-15 15:26:01','2019-02-15 15:26:01'),(53,30,51,1,'2019-02-15 15:26:33','2019-02-15 15:26:33'),(54,31,100,1,'2019-02-15 15:27:09','2019-02-15 15:27:09'),(55,31,101,1,'2019-02-15 15:27:09','2019-02-15 15:27:09'),(56,31,48,1,'2019-02-15 15:27:09','2019-02-15 15:27:09'),(57,32,236,2,'2019-02-15 15:27:36','2019-02-15 15:27:36'),(58,32,240,2,'2019-02-15 15:27:36','2019-02-15 15:27:36'),(59,33,70,1,'2019-02-15 15:36:58','2019-02-15 15:36:58'),(60,33,12,1,'2019-02-15 15:36:58','2019-02-15 15:36:58'),(61,33,15,1,'2019-02-15 15:36:58','2019-02-15 15:36:58'),(62,34,136,2,'2019-02-15 15:37:31','2019-02-15 15:37:31'),(63,34,177,2,'2019-02-15 15:37:31','2019-02-15 15:37:31'),(64,35,70,2,'2019-02-15 15:38:46','2019-02-15 15:38:46'),(65,36,70,1,'2019-02-15 15:40:36','2019-02-15 15:40:36'),(66,36,12,1,'2019-02-15 15:40:36','2019-02-15 15:40:36'),(67,36,15,1,'2019-02-15 15:40:36','2019-02-15 15:40:36'),(68,37,111,2,'2019-02-15 15:46:00','2019-02-15 15:46:00'),(69,38,79,2,'2019-02-15 15:47:37','2019-02-15 15:47:37'),(70,38,86,2,'2019-02-15 15:47:37','2019-02-15 15:47:37'),(71,39,79,2,'2019-02-15 15:52:14','2019-02-15 15:52:14'),(72,39,86,2,'2019-02-15 15:52:14','2019-02-15 15:52:14'),(73,40,133,1,'2019-02-15 15:52:50','2019-02-15 15:52:50'),(74,41,79,1,'2019-02-15 15:53:13','2019-02-15 15:53:13'),(75,42,66,2,'2019-02-15 15:54:16','2019-02-15 15:54:16'),(76,43,66,1,'2019-02-15 15:54:41','2019-02-15 15:54:41'),(77,43,37,1,'2019-02-15 15:54:41','2019-02-15 15:54:41'),(78,44,37,2,'2019-02-15 15:55:05','2019-02-15 15:55:05'),(79,45,66,1,'2019-02-15 15:55:25','2019-02-15 15:55:25'),(80,46,66,1,'2019-02-15 15:55:55','2019-02-15 15:55:55'),(81,46,68,1,'2019-02-15 15:55:55','2019-02-15 15:55:55'),(82,47,248,2,'2019-02-15 15:56:10','2019-02-15 15:56:10'),(83,48,68,1,'2019-02-15 16:00:55','2019-02-15 16:00:55'),(84,48,74,1,'2019-02-15 16:00:55','2019-02-15 16:00:55'),(85,48,101,1,'2019-02-15 16:00:55','2019-02-15 16:00:55'),(86,48,124,1,'2019-02-15 16:00:55','2019-02-15 16:00:55'),(87,49,62,2,'2019-02-15 16:17:00','2019-02-15 16:17:00'),(88,50,137,1,'2019-02-15 16:17:28','2019-02-15 16:17:28'),(89,51,62,1,'2019-02-15 16:17:51','2019-02-15 16:17:51'),(90,52,137,1,'2019-02-15 16:18:35','2019-02-15 16:18:35'),(91,52,44,1,'2019-02-15 16:18:35','2019-02-15 16:18:35'),(92,52,45,1,'2019-02-15 16:18:35','2019-02-15 16:18:35'),(93,53,36,2,'2019-02-15 16:30:42','2019-02-15 16:30:42'),(94,54,36,2,'2019-02-15 16:31:10','2019-02-15 16:31:10'),(95,55,61,1,'2019-02-15 16:31:33','2019-02-15 16:31:33'),(96,55,136,1,'2019-02-15 16:31:33','2019-02-15 16:31:33'),(97,56,36,1,'2019-02-15 16:31:53','2019-02-15 16:31:53'),(98,57,26,1,'2019-02-15 16:32:12','2019-02-15 16:32:12'),(99,58,55,1,'2019-02-15 16:33:29','2019-02-15 16:33:29'),(100,59,156,1,'2019-02-15 16:33:53','2019-02-15 16:33:53'),(101,59,76,1,'2019-02-15 16:33:53','2019-02-15 16:33:53'),(102,60,183,2,'2019-02-15 16:34:39','2019-02-15 16:34:39'),(103,61,183,1,'2019-02-15 16:34:55','2019-02-15 16:34:55'),(104,62,183,1,'2019-02-15 16:35:26','2019-02-15 16:35:26'),(105,62,136,1,'2019-02-15 16:35:26','2019-02-15 16:35:26'),(106,63,183,1,'2019-02-15 16:35:56','2019-02-15 16:35:56'),(107,63,136,1,'2019-02-15 16:35:56','2019-02-15 16:35:56'),(108,64,142,2,'2019-02-15 16:38:06','2019-02-15 16:38:06'),(109,64,136,2,'2019-02-15 16:38:06','2019-02-15 16:38:06'),(110,64,177,2,'2019-02-15 16:38:06','2019-02-15 16:38:06'),(111,64,181,2,'2019-02-15 16:38:06','2019-02-15 16:38:06'),(112,64,42,2,'2019-02-15 16:38:06','2019-02-15 16:38:06'),(113,64,84,2,'2019-02-15 16:38:06','2019-02-15 16:38:06'),(114,64,118,2,'2019-02-15 16:38:06','2019-02-15 16:38:06'),(115,64,45,2,'2019-02-15 16:38:06','2019-02-15 16:38:06'),(116,64,74,2,'2019-02-15 16:38:06','2019-02-15 16:38:06'),(117,65,142,2,'2019-02-15 16:42:17','2019-02-15 16:42:17'),(118,66,142,2,'2019-02-15 16:42:43','2019-02-15 16:42:43'),(119,67,62,1,'2019-02-15 16:43:06','2019-02-15 16:43:06'),(120,68,142,1,'2019-02-15 16:43:39','2019-02-15 16:43:39'),(121,69,157,1,'2019-02-15 16:43:58','2019-02-15 16:43:58'),(122,70,46,2,'2019-02-15 16:46:04','2019-02-15 16:46:04'),(123,70,116,2,'2019-02-15 16:46:04','2019-02-15 16:46:04'),(124,71,185,2,'2019-02-15 16:46:32','2019-02-15 16:46:32'),(125,71,24,2,'2019-02-15 16:46:32','2019-02-15 16:46:32'),(126,71,42,2,'2019-02-15 16:46:32','2019-02-15 16:46:32'),(127,72,43,1,'2019-02-15 16:47:10','2019-02-15 16:47:10'),(128,72,24,1,'2019-02-15 16:47:10','2019-02-15 16:47:10'),(129,73,24,2,'2019-02-15 16:47:45','2019-02-15 16:47:45'),(130,74,185,1,'2019-02-15 16:48:13','2019-02-15 16:48:13'),(131,75,42,1,'2019-02-15 16:48:41','2019-02-15 16:48:41'),(132,75,162,1,'2019-02-15 16:48:41','2019-02-15 16:48:41'),(133,76,246,2,'2019-02-15 16:49:01','2019-02-15 16:49:01'),(134,77,10,1,'2019-02-15 16:53:28','2019-02-15 16:53:28'),(135,77,48,1,'2019-02-15 16:53:28','2019-02-15 16:53:28'),(136,77,57,1,'2019-02-15 16:53:28','2019-02-15 16:53:28'),(137,77,94,1,'2019-02-15 16:53:28','2019-02-15 16:53:28'),(138,78,7,1,'2019-02-15 17:24:23','2019-02-15 17:24:23'),(139,78,131,1,'2019-02-15 17:24:23','2019-02-15 17:24:23'),(140,78,35,1,'2019-02-15 17:24:23','2019-02-15 17:24:23'),(141,78,183,1,'2019-02-15 17:24:23','2019-02-15 17:24:23'),(142,78,51,1,'2019-02-15 17:24:23','2019-02-15 17:24:23'),(143,78,189,1,'2019-02-15 17:24:23','2019-02-15 17:24:23'),(144,78,62,1,'2019-02-15 17:24:23','2019-02-15 17:24:23'),(145,78,84,1,'2019-02-15 17:24:23','2019-02-15 17:24:23'),(146,78,86,1,'2019-02-15 17:24:23','2019-02-15 17:24:23'),(147,78,111,1,'2019-02-15 17:24:23','2019-02-15 17:24:23'),(148,79,24,1,'2019-02-15 19:19:14','2019-02-15 19:19:14'),(149,79,37,1,'2019-02-15 19:19:14','2019-02-15 19:19:14'),(150,79,66,1,'2019-02-15 19:19:14','2019-02-15 19:19:14'),(151,79,162,1,'2019-02-15 19:19:14','2019-02-15 19:19:14'),(152,80,194,1,'2019-02-16 19:18:45','2019-02-16 19:18:45'),(153,80,198,1,'2019-02-16 19:18:45','2019-02-16 19:18:45'),(154,81,194,1,'2019-02-16 19:19:10','2019-02-16 19:19:10'),(155,81,198,1,'2019-02-16 19:19:10','2019-02-16 19:19:10'),(156,82,197,1,'2019-02-16 19:19:43','2019-02-16 19:19:43'),(157,82,198,1,'2019-02-16 19:19:43','2019-02-16 19:19:43'),(158,82,199,1,'2019-02-16 19:19:43','2019-02-16 19:19:43'),(159,83,194,1,'2019-02-16 19:20:13','2019-02-16 19:20:13'),(160,83,198,1,'2019-02-16 19:20:13','2019-02-16 19:20:13'),(161,83,199,1,'2019-02-16 19:20:13','2019-02-16 19:20:13'),(162,84,194,1,'2019-02-16 19:20:41','2019-02-16 19:20:41'),(163,84,195,1,'2019-02-16 19:20:41','2019-02-16 19:20:41'),(164,84,199,1,'2019-02-16 19:20:41','2019-02-16 19:20:41'),(165,85,222,1,'2019-02-16 19:21:18','2019-02-16 19:21:18'),(166,85,223,1,'2019-02-16 19:21:18','2019-02-16 19:21:18'),(167,85,224,1,'2019-02-16 19:21:18','2019-02-16 19:21:18'),(168,86,194,1,'2019-02-16 19:21:49','2019-02-16 19:21:49'),(169,86,195,1,'2019-02-16 19:21:49','2019-02-16 19:21:49'),(170,86,196,1,'2019-02-16 19:21:49','2019-02-16 19:21:49'),(171,87,197,1,'2019-02-16 19:22:33','2019-02-16 19:22:33'),(172,87,195,1,'2019-02-16 19:22:33','2019-02-16 19:22:33'),(173,87,199,1,'2019-02-16 19:22:33','2019-02-16 19:22:33'),(174,88,208,1,'2019-02-16 19:23:31','2019-02-16 19:23:31'),(175,89,210,5,'2019-02-16 19:24:13','2019-02-16 19:24:13');
/*!40000 ALTER TABLE `commission_representations` ENABLE KEYS */;
UNLOCK TABLES;

--
-- Table structure for table `commissions`
--

DROP TABLE IF EXISTS `commissions`;
/*!40101 SET @saved_cs_client     = @@character_set_client */;
/*!40101 SET character_set_client = utf8 */;
CREATE TABLE `commissions` (
  `id` int(10) unsigned NOT NULL AUTO_INCREMENT,
  `name` varchar(255) COLLATE utf8mb4_unicode_ci NOT NULL,
  `language_id` int(10) unsigned NOT NULL,
  `description` varchar(255) COLLATE utf8mb4_unicode_ci DEFAULT NULL,
  `created_at` timestamp NULL DEFAULT NULL,
  `updated_at` timestamp NULL DEFAULT NULL,
  PRIMARY KEY (`id`),
  KEY `commissions_language_id_foreign` (`language_id`),
  CONSTRAINT `commissions_language_id_foreign` FOREIGN KEY (`language_id`) REFERENCES `languages` (`id`) ON DELETE CASCADE
) ENGINE=InnoDB AUTO_INCREMENT=10 DEFAULT CHARSET=utf8mb4 COLLATE=utf8mb4_unicode_ci;
/*!40101 SET character_set_client = @saved_cs_client */;

--
-- Dumping data for table `commissions`
--

LOCK TABLES `commissions` WRITE;
/*!40000 ALTER TABLE `commissions` DISABLE KEYS */;
INSERT INTO `commissions` VALUES (1,' Comité Ejecutivo del Alto Comisionado de las Naciones Unidas para los Refugiados (ACNUR)',1,NULL,'2019-02-07 12:12:50','2019-02-07 12:12:50'),(2,'Banco Interamericano de Desarrollo (BID)',1,NULL,'2019-02-07 12:12:50','2019-02-07 12:12:50'),(3,'Reunión Ministerial Unión Europea - Comunidad de Estados Latinoamericanos Caribeños (UE - CELAC)',1,'2019-02-07 12:12:50','2019-02-07 12:12:50',NULL),(4,'Asamblea de las Naciones Unidas para el Medio Ambiente (UNEA)',1,NULL,'2019-02-07 12:12:50','2019-02-07 12:12:50'),(5,'Cumbre de Jefes de Estado para la creación de un Estado Europeo , 2025',1,NULL,'2019-02-07 12:12:50','2019-02-07 12:12:50'),(6,' Consejo de Seguridad (CS)',1,NULL,'2019-02-07 12:12:50','2019-02-07 12:12:50'),(7,'Cuerpo de Prensa (CP)',1,NULL,'2019-02-07 12:12:50','2019-02-07 12:12:50'),(8,'Comisión Económica para América Latina y el Caribe (CEPAL)',1,NULL,'2019-02-07 12:12:50','2019-02-07 12:12:50'),(9,'Servicios de Gestión de Conferencia',1,NULL,'2019-02-16 19:23:08','2019-02-16 19:23:08');
/*!40000 ALTER TABLE `commissions` ENABLE KEYS */;
UNLOCK TABLES;

--
-- Table structure for table `countries`
--

DROP TABLE IF EXISTS `countries`;
/*!40101 SET @saved_cs_client     = @@character_set_client */;
/*!40101 SET character_set_client = utf8 */;
CREATE TABLE `countries` (
  `id` int(10) unsigned NOT NULL AUTO_INCREMENT,
  `name` varchar(255) COLLATE utf8mb4_unicode_ci NOT NULL,
  `created_at` timestamp NULL DEFAULT NULL,
  `updated_at` timestamp NULL DEFAULT NULL,
  PRIMARY KEY (`id`)
) ENGINE=InnoDB AUTO_INCREMENT=245 DEFAULT CHARSET=utf8mb4 COLLATE=utf8mb4_unicode_ci;
/*!40101 SET character_set_client = @saved_cs_client */;

--
-- Dumping data for table `countries`
--

LOCK TABLES `countries` WRITE;
/*!40000 ALTER TABLE `countries` DISABLE KEYS */;
INSERT INTO `countries` VALUES (1,'Afghanistan','2018-10-08 20:48:23','2018-10-08 20:48:23'),(2,'Albania','2018-10-08 20:48:23','2018-10-08 20:48:23'),(3,'Argelia','2018-10-08 20:48:23','2018-10-08 20:48:23'),(4,'Alemania','2018-10-08 20:48:23','2018-10-08 20:48:23'),(5,'American Samoa','2018-10-08 20:48:23','2018-10-08 20:48:23'),(6,'Andorra','2018-10-08 20:48:23','2018-10-08 20:48:23'),(7,'Angola','2018-10-08 20:48:23','2018-10-08 20:48:23'),(8,'Anguilla','2018-10-08 20:48:23','2018-10-08 20:48:23'),(9,'Antartida','2018-10-08 20:48:23','2018-10-08 20:48:23'),(10,'Antigua y Barbuda','2018-10-08 20:48:23','2018-10-08 20:48:23'),(11,'Argentina','2018-10-08 20:48:23','2018-10-08 20:48:23'),(12,'Armenia','2018-10-08 20:48:23','2018-10-08 20:48:23'),(13,'Aruba','2018-10-08 20:48:23','2018-10-08 20:48:23'),(14,'Australia','2018-10-08 20:48:23','2018-10-08 20:48:23'),(15,'Austria','2018-10-08 20:48:23','2018-10-08 20:48:23'),(16,'Azerbaijan','2018-10-08 20:48:23','2018-10-08 20:48:23'),(17,'Bahamas','2018-10-08 20:48:23','2018-10-08 20:48:23'),(18,'Bahrain','2018-10-08 20:48:23','2018-10-08 20:48:23'),(19,'Bangladesh','2018-10-08 20:48:23','2018-10-08 20:48:23'),(20,'Barbados','2018-10-08 20:48:23','2018-10-08 20:48:23'),(21,'Belarus','2018-10-08 20:48:23','2018-10-08 20:48:23'),(22,'Belgium','2018-10-08 20:48:23','2018-10-08 20:48:23'),(23,'Belize','2018-10-08 20:48:23','2018-10-08 20:48:23'),(24,'Benin','2018-10-08 20:48:23','2018-10-08 20:48:23'),(25,'Bermuda','2018-10-08 20:48:23','2018-10-08 20:48:23'),(26,'Bhutan','2018-10-08 20:48:23','2018-10-08 20:48:23'),(27,'Bolivia','2018-10-08 20:48:23','2018-10-08 20:48:23'),(28,'Bosnia-Herzegovina','2018-10-08 20:48:23','2018-10-08 20:48:23'),(29,'Botswana','2018-10-08 20:48:23','2018-10-08 20:48:23'),(30,'Bouvet Island','2018-10-08 20:48:23','2018-10-08 20:48:23'),(31,'Brasil','2018-10-08 20:48:23','2018-10-08 20:48:23'),(32,'Brit Ind Ocean Territory','2018-10-08 20:48:23','2018-10-08 20:48:23'),(33,'Brunei Darussalm','2018-10-08 20:48:23','2018-10-08 20:48:23'),(34,'Bulgaria','2018-10-08 20:48:23','2018-10-08 20:48:23'),(35,'Burkina Faso','2018-10-08 20:48:23','2018-10-08 20:48:23'),(36,'Burma','2018-10-08 20:48:23','2018-10-08 20:48:23'),(37,'Burundi','2018-10-08 20:48:23','2018-10-08 20:48:23'),(38,'Cambodia','2018-10-08 20:48:23','2018-10-08 20:48:23'),(39,'Cameroon','2018-10-08 20:48:23','2018-10-08 20:48:23'),(40,'Canada','2018-10-08 20:48:23','2018-10-08 20:48:23'),(41,'Canary Islands','2018-10-08 20:48:23','2018-10-08 20:48:23'),(42,'Cape Verde','2018-10-08 20:48:23','2018-10-08 20:48:23'),(43,'Caymen Islands','2018-10-08 20:48:23','2018-10-08 20:48:23'),(44,'Central African Rep','2018-10-08 20:48:23','2018-10-08 20:48:23'),(45,'Chad','2018-10-08 20:48:23','2018-10-08 20:48:23'),(46,'Chile','2018-10-08 20:48:23','2018-10-08 20:48:23'),(47,'China','2018-10-08 20:48:23','2018-10-08 20:48:23'),(48,'Christmas Islands','2018-10-08 20:48:23','2018-10-08 20:48:23'),(49,'Cocos Islands','2018-10-08 20:48:23','2018-10-08 20:48:23'),(50,'Colombia','2018-10-08 20:48:23','2018-10-08 20:48:23'),(51,'Comoros','2018-10-08 20:48:23','2018-10-08 20:48:23'),(52,'Congo','2018-10-08 20:48:23','2018-10-08 20:48:23'),(53,'Cook Islands','2018-10-08 20:48:23','2018-10-08 20:48:23'),(54,'Costa Rica','2018-10-08 20:48:23','2018-10-08 20:48:23'),(55,'Croatia','2018-10-08 20:48:23','2018-10-08 20:48:23'),(56,'Cuba','2018-10-08 20:48:23','2018-10-08 20:48:23'),(57,'Chipre','2018-10-08 20:48:23','2018-10-08 20:48:23'),(58,'Dem Rep. of Korea','2018-10-08 20:48:23','2018-10-08 20:48:23'),(59,'Dinamarca','2018-10-08 20:48:23','2018-10-08 20:48:23'),(60,'Djibouti','2018-10-08 20:48:23','2018-10-08 20:48:23'),(61,'Dominica','2018-10-08 20:48:23','2018-10-08 20:48:23'),(62,'East Timor','2018-10-08 20:48:23','2018-10-08 20:48:23'),(63,'Ecuador','2018-10-08 20:48:23','2018-10-08 20:48:23'),(64,'Egipto','2018-10-08 20:48:23','2018-10-08 20:48:23'),(65,'El Salvador','2018-10-08 20:48:23','2018-10-08 20:48:23'),(66,'Eritrea','2018-10-08 20:48:23','2018-10-08 20:48:23'),(67,'España','2018-10-08 20:48:23','2018-10-08 20:48:23'),(68,'Estados Unidos de America','2018-10-08 20:48:23','2018-10-08 20:48:23'),(69,'Estonia','2018-10-08 20:48:23','2018-10-08 20:48:23'),(70,'Etiopia','2018-10-08 20:48:23','2018-10-08 20:48:23'),(71,'Falkland Islands','2018-10-08 20:48:23','2018-10-08 20:48:23'),(72,'Faroe Islands','2018-10-08 20:48:23','2018-10-08 20:48:23'),(73,'Fiji','2018-10-08 20:48:23','2018-10-08 20:48:23'),(74,'Finland','2018-10-08 20:48:23','2018-10-08 20:48:23'),(75,'Francia','2018-10-08 20:48:23','2018-10-08 20:48:23'),(76,'Guiana Francesa','2018-10-08 20:48:23','2018-10-08 20:48:23'),(77,'Polynesia Francesa','2018-10-08 20:48:23','2018-10-08 20:48:23'),(78,'French So. Territories','2018-10-08 20:48:23','2018-10-08 20:48:23'),(79,'Gabon','2018-10-08 20:48:23','2018-10-08 20:48:23'),(80,'Gambia','2018-10-08 20:48:23','2018-10-08 20:48:23'),(81,'Georgia','2018-10-08 20:48:23','2018-10-08 20:48:23'),(82,'Ghana','2018-10-08 20:48:23','2018-10-08 20:48:23'),(83,'Gibraltar','2018-10-08 20:48:23','2018-10-08 20:48:23'),(84,'Guinea Equatorial','2018-10-08 20:48:23','2018-10-08 20:48:23'),(85,'Grecia','2018-10-08 20:48:23','2018-10-08 20:48:23'),(86,'Greenland','2018-10-08 20:48:23','2018-10-08 20:48:23'),(87,'Grenada','2018-10-08 20:48:23','2018-10-08 20:48:23'),(88,'Guadalupe','2018-10-08 20:48:23','2018-10-08 20:48:23'),(89,'Guatemala','2018-10-08 20:48:23','2018-10-08 20:48:23'),(90,'Guinea','2018-10-08 20:48:23','2018-10-08 20:48:23'),(91,'Guinea Bissau','2018-10-08 20:48:23','2018-10-08 20:48:23'),(92,'Guyana','2018-10-08 20:48:23','2018-10-08 20:48:23'),(93,'Haiti','2018-10-08 20:48:23','2018-10-08 20:48:23'),(94,'Heard, McDonald Island','2018-10-08 20:48:23','2018-10-08 20:48:23'),(95,'Honduras','2018-10-08 20:48:23','2018-10-08 20:48:23'),(96,'Hong Kong','2018-10-08 20:48:23','2018-10-08 20:48:23'),(97,'Hungary','2018-10-08 20:48:23','2018-10-08 20:48:23'),(98,'Iceland','2018-10-08 20:48:23','2018-10-08 20:48:23'),(99,'India','2018-10-08 20:48:23','2018-10-08 20:48:23'),(100,'Indonesia','2018-10-08 20:48:23','2018-10-08 20:48:23'),(101,'Inglaterra','2018-10-08 20:48:23','2018-10-08 20:48:23'),(102,'Iran','2018-10-08 20:48:23','2018-10-08 20:48:23'),(103,'Iraq','2018-10-08 20:48:23','2018-10-08 20:48:23'),(104,'Ireland','2018-10-08 20:48:23','2018-10-08 20:48:23'),(105,'Islas Filipinas','2018-10-08 20:48:23','2018-10-08 20:48:23'),(106,'Israel','2018-10-08 20:48:23','2018-10-08 20:48:23'),(107,'Italia','2018-10-08 20:48:23','2018-10-08 20:48:23'),(108,'Ivory Coast','2018-10-08 20:48:23','2018-10-08 20:48:23'),(109,'Jamaica','2018-10-08 20:48:23','2018-10-08 20:48:23'),(110,'Japon','2018-10-08 20:48:23','2018-10-08 20:48:23'),(111,'Jordan','2018-10-08 20:48:23','2018-10-08 20:48:23'),(112,'Kazakhistan','2018-10-08 20:48:23','2018-10-08 20:48:23'),(113,'Kenia','2018-10-08 20:48:23','2018-10-08 20:48:23'),(114,'Kiribati','2018-10-08 20:48:23','2018-10-08 20:48:23'),(115,'Korea del Norte','2018-10-08 20:48:23','2018-10-08 20:48:23'),(116,'Kuwait','2018-10-08 20:48:23','2018-10-08 20:48:23'),(117,'Kyrqyzstan','2018-10-08 20:48:23','2018-10-08 20:48:23'),(118,'Laos','2018-10-08 20:48:23','2018-10-08 20:48:23'),(119,'Lativa','2018-10-08 20:48:23','2018-10-08 20:48:23'),(120,'Libano','2018-10-08 20:48:23','2018-10-08 20:48:23'),(121,'Lesotho','2018-10-08 20:48:23','2018-10-08 20:48:23'),(122,'Liberia','2018-10-08 20:48:23','2018-10-08 20:48:23'),(123,'Libya','2018-10-08 20:48:23','2018-10-08 20:48:23'),(124,'Liechtenstein','2018-10-08 20:48:23','2018-10-08 20:48:23'),(125,'Lithuania','2018-10-08 20:48:23','2018-10-08 20:48:23'),(126,'Luxembourg','2018-10-08 20:48:23','2018-10-08 20:48:23'),(127,'Macau','2018-10-08 20:48:23','2018-10-08 20:48:23'),(128,'Madagascar','2018-10-08 20:48:23','2018-10-08 20:48:23'),(129,'Malawi','2018-10-08 20:48:23','2018-10-08 20:48:23'),(130,'Malaysia','2018-10-08 20:48:23','2018-10-08 20:48:23'),(131,'Maldivas','2018-10-08 20:48:23','2018-10-08 20:48:23'),(132,'Mali','2018-10-08 20:48:23','2018-10-08 20:48:23'),(133,'Malta','2018-10-08 20:48:23','2018-10-08 20:48:23'),(134,'Mariana Islands','2018-10-08 20:48:23','2018-10-08 20:48:23'),(135,'Marruecos','2018-10-08 20:48:23','2018-10-08 20:48:23'),(136,'Marshall Islands','2018-10-08 20:48:23','2018-10-08 20:48:23'),(137,'Martinique','2018-10-08 20:48:23','2018-10-08 20:48:23'),(138,'Mauritania','2018-10-08 20:48:23','2018-10-08 20:48:23'),(139,'Mauritius','2018-10-08 20:48:23','2018-10-08 20:48:23'),(140,'Mayotte','2018-10-08 20:48:23','2018-10-08 20:48:23'),(141,'Mexico','2018-10-08 20:48:23','2018-10-08 20:48:23'),(142,'Micronesia','2018-10-08 20:48:23','2018-10-08 20:48:23'),(143,'Moldova','2018-10-08 20:48:23','2018-10-08 20:48:23'),(144,'Monaco','2018-10-08 20:48:23','2018-10-08 20:48:23'),(145,'Mongolia','2018-10-08 20:48:23','2018-10-08 20:48:23'),(146,'Montserrat','2018-10-08 20:48:23','2018-10-08 20:48:23'),(147,'Mozambique','2018-10-08 20:48:23','2018-10-08 20:48:23'),(148,'Myanmar','2018-10-08 20:48:23','2018-10-08 20:48:23'),(149,'Nambia','2018-10-08 20:48:23','2018-10-08 20:48:23'),(150,'Nauru','2018-10-08 20:48:23','2018-10-08 20:48:23'),(151,'Nepal','2018-10-08 20:48:23','2018-10-08 20:48:23'),(152,'Netherland Antilles','2018-10-08 20:48:23','2018-10-08 20:48:23'),(153,'Netherlands','2018-10-08 20:48:23','2018-10-08 20:48:23'),(154,'New Caledonia','2018-10-08 20:48:23','2018-10-08 20:48:23'),(155,'New Zealand','2018-10-08 20:48:23','2018-10-08 20:48:23'),(156,'Nicaragua','2018-10-08 20:48:23','2018-10-08 20:48:23'),(157,'Niger','2018-10-08 20:48:23','2018-10-08 20:48:23'),(158,'Nigeria','2018-10-08 20:48:23','2018-10-08 20:48:23'),(159,'Niue Island','2018-10-08 20:48:23','2018-10-08 20:48:23'),(160,'Norfolk Island','2018-10-08 20:48:23','2018-10-08 20:48:23'),(161,'Northern Mariana Island','2018-10-08 20:48:23','2018-10-08 20:48:23'),(162,'Norway','2018-10-08 20:48:23','2018-10-08 20:48:23'),(163,'OCE','2018-10-08 20:48:23','2018-10-08 20:48:23'),(164,'Oman','2018-10-08 20:48:23','2018-10-08 20:48:23'),(165,'Pacific Islands','2018-10-08 20:48:23','2018-10-08 20:48:23'),(166,'Pakistan','2018-10-08 20:48:23','2018-10-08 20:48:23'),(167,'Palau','2018-10-08 20:48:23','2018-10-08 20:48:23'),(168,'Panama','2018-10-08 20:48:23','2018-10-08 20:48:23'),(169,'Papua New Guinea','2018-10-08 20:48:23','2018-10-08 20:48:23'),(170,'Paraguay','2018-10-08 20:48:23','2018-10-08 20:48:23'),(171,'Peru','2018-10-08 20:48:23','2018-10-08 20:48:23'),(172,'Pitcairn','2018-10-08 20:48:23','2018-10-08 20:48:23'),(173,'Poland','2018-10-08 20:48:23','2018-10-08 20:48:23'),(174,'Portugal','2018-10-08 20:48:23','2018-10-08 20:48:23'),(175,'Puerto Rico','2018-10-08 20:48:23','2018-10-08 20:48:23'),(176,'Qatar','2018-10-08 20:48:23','2018-10-08 20:48:23'),(177,'Reino Unido','2018-10-08 20:48:23','2018-10-08 20:48:23'),(178,'Republica de Corea','2018-10-08 20:48:23','2018-10-08 20:48:23'),(179,'República Dominicana','2018-10-08 20:48:23','2018-10-08 20:48:23'),(180,'Reunion','2018-10-08 20:48:23','2018-10-08 20:48:23'),(181,'Romania','2018-10-08 20:48:23','2018-10-08 20:48:23'),(182,'Russian Federation','2018-10-08 20:48:23','2018-10-08 20:48:23'),(183,'Rwanda','2018-10-08 20:48:23','2018-10-08 20:48:23'),(184,'South Georgia Sandwich','2018-10-08 20:48:23','2018-10-08 20:48:23'),(185,'Saint Pierre Miguelon','2018-10-08 20:48:23','2018-10-08 20:48:23'),(186,'Samoa','2018-10-08 20:48:23','2018-10-08 20:48:23'),(187,'San Marino','2018-10-08 20:48:23','2018-10-08 20:48:23'),(188,'Sao Tomee and Principe','2018-10-08 20:48:23','2018-10-08 20:48:23'),(189,'Saudi Arabia','2018-10-08 20:48:23','2018-10-08 20:48:23'),(190,'Senegal','2018-10-08 20:48:23','2018-10-08 20:48:23'),(191,'Seychelles','2018-10-08 20:48:23','2018-10-08 20:48:23'),(192,'Sierre Leone','2018-10-08 20:48:23','2018-10-08 20:48:23'),(193,'Singapore','2018-10-08 20:48:23','2018-10-08 20:48:23'),(194,'Slovakia','2018-10-08 20:48:23','2018-10-08 20:48:23'),(195,'Slovenia','2018-10-08 20:48:23','2018-10-08 20:48:23'),(196,'Solomon Islands','2018-10-08 20:48:23','2018-10-08 20:48:23'),(197,'Somali Republic','2018-10-08 20:48:23','2018-10-08 20:48:23'),(198,'South Africa','2018-10-08 20:48:23','2018-10-08 20:48:23'),(199,'South Korea','2018-10-08 20:48:23','2018-10-08 20:48:23'),(200,'Sri Lanka','2018-10-08 20:48:23','2018-10-08 20:48:23'),(201,'St. Helena','2018-10-08 20:48:23','2018-10-08 20:48:23'),(202,'St. Kits-Nevis','2018-10-08 20:48:23','2018-10-08 20:48:23'),(203,'St. Lucia','2018-10-08 20:48:23','2018-10-08 20:48:23'),(204,'St. Vincent/Grenadines','2018-10-08 20:48:23','2018-10-08 20:48:23'),(205,'Sudan','2018-10-08 20:48:23','2018-10-08 20:48:23'),(206,'Suriname','2018-10-08 20:48:23','2018-10-08 20:48:23'),(207,'Svalbard Jan Mayen','2018-10-08 20:48:23','2018-10-08 20:48:23'),(208,'Swaziland','2018-10-08 20:48:23','2018-10-08 20:48:23'),(209,'Sweden','2018-10-08 20:48:23','2018-10-08 20:48:23'),(210,'Switzerland','2018-10-08 20:48:23','2018-10-08 20:48:23'),(211,'Syria','2018-10-08 20:48:23','2018-10-08 20:48:23'),(212,'Taiwan','2018-10-08 20:48:23','2018-10-08 20:48:23'),(213,'Tajikistan','2018-10-08 20:48:23','2018-10-08 20:48:23'),(214,'Tanzania','2018-10-08 20:48:23','2018-10-08 20:48:23'),(215,'Thailand','2018-10-08 20:48:23','2018-10-08 20:48:23'),(216,'Togo','2018-10-08 20:48:23','2018-10-08 20:48:23'),(217,'Tokeelau','2018-10-08 20:48:23','2018-10-08 20:48:23'),(218,'Tonga','2018-10-08 20:48:23','2018-10-08 20:48:23'),(219,'Trinidad Tobago','2018-10-08 20:48:23','2018-10-08 20:48:23'),(220,'Tunisia','2018-10-08 20:48:23','2018-10-08 20:48:23'),(221,'Turquia','2018-10-08 20:48:23','2018-10-08 20:48:23'),(222,'Turkmenistan','2018-10-08 20:48:23','2018-10-08 20:48:23'),(223,'Turks Caicos Islands','2018-10-08 20:48:23','2018-10-08 20:48:23'),(224,'Tuvalu','2018-10-08 20:48:23','2018-10-08 20:48:23'),(225,'Uganda','2018-10-08 20:48:23','2018-10-08 20:48:23'),(226,'Ukrania','2018-10-08 20:48:23','2018-10-08 20:48:23'),(227,'United Arab Emirates','2018-10-08 20:48:23','2018-10-08 20:48:23'),(228,'Uruguay','2018-10-08 20:48:23','2018-10-08 20:48:23'),(229,'US Minor Outlying Is.','2018-10-08 20:48:23','2018-10-08 20:48:23'),(230,'Uzbekistan','2018-10-08 20:48:23','2018-10-08 20:48:23'),(231,'Vanuatu','2018-10-08 20:48:23','2018-10-08 20:48:23'),(232,'Vatican City State','2018-10-08 20:48:23','2018-10-08 20:48:23'),(233,'Venezuela','2018-10-08 20:48:23','2018-10-08 20:48:23'),(234,'Vietnam','2018-10-08 20:48:23','2018-10-08 20:48:23'),(235,'Virgin Islands: British','2018-10-08 20:48:23','2018-10-08 20:48:23'),(236,'Virgin Islands: US','2018-10-08 20:48:23','2018-10-08 20:48:23'),(237,'Wallis Futuna Islands','2018-10-08 20:48:23','2018-10-08 20:48:23'),(238,'Western Sahara','2018-10-08 20:48:23','2018-10-08 20:48:23'),(239,'Western Samoa','2018-10-08 20:48:23','2018-10-08 20:48:23'),(240,'Yemen','2018-10-08 20:48:23','2018-10-08 20:48:23'),(241,'Yugoslavia','2018-10-08 20:48:23','2018-10-08 20:48:23'),(242,'Zaire','2018-10-08 20:48:23','2018-10-08 20:48:23'),(243,'Zambia','2018-10-08 20:48:23','2018-10-08 20:48:23'),(244,'Zimbabwe','2018-10-08 20:48:23','2018-10-08 20:48:23');
/*!40000 ALTER TABLE `countries` ENABLE KEYS */;
UNLOCK TABLES;

--
-- Table structure for table `institution_commissions`
--

DROP TABLE IF EXISTS `institution_commissions`;
/*!40101 SET @saved_cs_client     = @@character_set_client */;
/*!40101 SET character_set_client = utf8 */;
CREATE TABLE `institution_commissions` (
  `id` int(10) unsigned NOT NULL AUTO_INCREMENT,
  `commission_id` int(10) unsigned NOT NULL,
  `institution_id` int(10) unsigned NOT NULL,
  `created_at` timestamp NULL DEFAULT NULL,
  `updated_at` timestamp NULL DEFAULT NULL,
  PRIMARY KEY (`id`),
  KEY `institution_commissions_commission_id_foreign` (`commission_id`),
  KEY `institution_commissions_institution_id_foreign` (`institution_id`),
  CONSTRAINT `institution_commissions_commission_id_foreign` FOREIGN KEY (`commission_id`) REFERENCES `commissions` (`id`) ON DELETE CASCADE,
  CONSTRAINT `institution_commissions_institution_id_foreign` FOREIGN KEY (`institution_id`) REFERENCES `institutions` (`id`) ON DELETE CASCADE
) ENGINE=InnoDB AUTO_INCREMENT=90 DEFAULT CHARSET=utf8mb4 COLLATE=utf8mb4_unicode_ci;
/*!40101 SET character_set_client = @saved_cs_client */;

--
-- Dumping data for table `institution_commissions`
--

LOCK TABLES `institution_commissions` WRITE;
/*!40000 ALTER TABLE `institution_commissions` DISABLE KEYS */;
INSERT INTO `institution_commissions` VALUES (1,4,44,'2019-02-15 15:04:45','2019-02-15 15:04:45'),(2,3,44,'2019-02-15 15:05:16','2019-02-15 15:05:16'),(3,2,44,'2019-02-15 15:05:32','2019-02-15 15:05:32'),(4,6,44,'2019-02-15 15:05:51','2019-02-15 15:05:51'),(5,5,44,'2019-02-15 15:06:12','2019-02-15 15:06:12'),(6,7,44,'2019-02-15 15:06:25','2019-02-15 15:06:25'),(7,1,14,'2019-02-15 15:09:09','2019-02-15 15:09:09'),(8,2,14,'2019-02-15 15:09:37','2019-02-15 15:09:37'),(9,4,6,'2019-02-15 15:10:48','2019-02-15 15:10:48'),(10,3,6,'2019-02-15 15:11:04','2019-02-15 15:11:04'),(11,5,6,'2019-02-15 15:11:25','2019-02-15 15:11:25'),(12,7,6,'2019-02-15 15:11:41','2019-02-15 15:11:41'),(13,4,50,'2019-02-15 15:14:53','2019-02-15 15:14:53'),(14,1,50,'2019-02-15 15:15:17','2019-02-15 15:15:17'),(15,1,49,'2019-02-15 15:16:00','2019-02-15 15:16:00'),(16,3,49,'2019-02-15 15:16:24','2019-02-15 15:16:24'),(17,2,49,'2019-02-15 15:16:44','2019-02-15 15:16:44'),(18,6,49,'2019-02-15 15:16:59','2019-02-15 15:16:59'),(19,5,49,'2019-02-15 15:17:28','2019-02-15 15:17:28'),(20,1,47,'2019-02-15 15:19:10','2019-02-15 15:19:10'),(21,3,47,'2019-02-15 15:19:41','2019-02-15 15:19:41'),(22,2,47,'2019-02-15 15:20:12','2019-02-15 15:20:12'),(23,6,47,'2019-02-15 15:20:30','2019-02-15 15:20:30'),(24,5,47,'2019-02-15 15:21:02','2019-02-15 15:21:02'),(25,4,51,'2019-02-15 15:23:45','2019-02-15 15:23:45'),(26,1,51,'2019-02-15 15:24:37','2019-02-15 15:24:37'),(27,3,51,'2019-02-15 15:25:19','2019-02-15 15:25:19'),(28,2,51,'2019-02-15 15:25:37','2019-02-15 15:25:37'),(29,6,51,'2019-02-15 15:26:01','2019-02-15 15:26:01'),(30,6,51,'2019-02-15 15:26:33','2019-02-15 15:26:33'),(31,5,51,'2019-02-15 15:27:09','2019-02-15 15:27:09'),(32,7,51,'2019-02-15 15:27:36','2019-02-15 15:27:36'),(33,3,45,'2019-02-15 15:36:58','2019-02-15 15:36:58'),(34,1,45,'2019-02-15 15:37:31','2019-02-15 15:37:31'),(35,2,45,'2019-02-15 15:38:46','2019-02-15 15:38:46'),(36,3,45,'2019-02-15 15:40:36','2019-02-15 15:40:36'),(37,1,24,'2019-02-15 15:46:00','2019-02-15 15:46:00'),(38,4,46,'2019-02-15 15:47:37','2019-02-15 15:47:37'),(39,1,46,'2019-02-15 15:52:14','2019-02-15 15:52:14'),(40,3,46,'2019-02-15 15:52:50','2019-02-15 15:52:50'),(41,6,46,'2019-02-15 15:53:13','2019-02-15 15:53:13'),(42,1,48,'2019-02-15 15:54:16','2019-02-15 15:54:16'),(43,3,48,'2019-02-15 15:54:41','2019-02-15 15:54:41'),(44,2,48,'2019-02-15 15:55:05','2019-02-15 15:55:05'),(45,6,48,'2019-02-15 15:55:25','2019-02-15 15:55:25'),(46,5,48,'2019-02-15 15:55:55','2019-02-15 15:55:55'),(47,7,48,'2019-02-15 15:56:10','2019-02-15 15:56:10'),(48,3,55,'2019-02-15 16:00:55','2019-02-15 16:00:55'),(49,1,54,'2019-02-15 16:17:00','2019-02-15 16:17:00'),(50,3,54,'2019-02-15 16:17:28','2019-02-15 16:17:28'),(51,6,54,'2019-02-15 16:17:51','2019-02-15 16:17:51'),(52,5,54,'2019-02-15 16:18:35','2019-02-15 16:18:35'),(53,4,7,'2019-02-15 16:30:42','2019-02-15 16:30:42'),(54,1,7,'2019-02-15 16:31:10','2019-02-15 16:31:10'),(55,3,7,'2019-02-15 16:31:33','2019-02-15 16:31:33'),(56,6,7,'2019-02-15 16:31:53','2019-02-15 16:31:53'),(57,5,7,'2019-02-15 16:32:12','2019-02-15 16:32:12'),(58,6,8,'2019-02-15 16:33:29','2019-02-15 16:33:29'),(59,5,8,'2019-02-15 16:33:53','2019-02-15 16:33:53'),(60,1,20,'2019-02-15 16:34:39','2019-02-15 16:34:39'),(61,3,20,'2019-02-15 16:34:55','2019-02-15 16:34:55'),(62,6,20,'2019-02-15 16:35:26','2019-02-15 16:35:26'),(63,5,20,'2019-02-15 16:35:56','2019-02-15 16:35:56'),(64,4,19,'2019-02-15 16:38:06','2019-02-15 16:38:06'),(65,1,19,'2019-02-15 16:42:17','2019-02-15 16:42:17'),(66,1,19,'2019-02-15 16:42:43','2019-02-15 16:42:43'),(67,3,19,'2019-02-15 16:43:06','2019-02-15 16:43:06'),(68,6,19,'2019-02-15 16:43:39','2019-02-15 16:43:39'),(69,5,19,'2019-02-15 16:43:58','2019-02-15 16:43:58'),(70,4,3,'2019-02-15 16:46:04','2019-02-15 16:46:04'),(71,1,3,'2019-02-15 16:46:32','2019-02-15 16:46:32'),(72,3,3,'2019-02-15 16:47:10','2019-02-15 16:47:10'),(73,2,3,'2019-02-15 16:47:45','2019-02-15 16:47:45'),(74,6,3,'2019-02-15 16:48:13','2019-02-15 16:48:13'),(75,5,3,'2019-02-15 16:48:41','2019-02-15 16:48:41'),(76,7,3,'2019-02-15 16:49:01','2019-02-15 16:49:01'),(77,3,52,'2019-02-15 16:53:28','2019-02-15 16:53:28'),(78,8,53,'2019-02-15 17:24:23','2019-02-15 17:24:23'),(79,8,57,'2019-02-15 19:19:14','2019-02-15 19:19:14'),(80,1,25,'2019-02-16 19:18:45','2019-02-16 19:18:45'),(81,6,25,'2019-02-16 19:19:10','2019-02-16 19:19:10'),(82,4,25,'2019-02-16 19:19:43','2019-02-16 19:19:43'),(83,2,25,'2019-02-16 19:20:13','2019-02-16 19:20:13'),(84,8,25,'2019-02-16 19:20:41','2019-02-16 19:20:41'),(85,7,25,'2019-02-16 19:21:18','2019-02-16 19:21:18'),(86,5,25,'2019-02-16 19:21:49','2019-02-16 19:21:49'),(87,3,25,'2019-02-16 19:22:33','2019-02-16 19:22:33'),(88,9,25,'2019-02-16 19:23:31','2019-02-16 19:23:31'),(89,9,25,'2019-02-16 19:24:13','2019-02-16 19:24:13');
/*!40000 ALTER TABLE `institution_commissions` ENABLE KEYS */;
UNLOCK TABLES;

--
-- Table structure for table `institution_types`
--

DROP TABLE IF EXISTS `institution_types`;
/*!40101 SET @saved_cs_client     = @@character_set_client */;
/*!40101 SET character_set_client = utf8 */;
CREATE TABLE `institution_types` (
  `id` int(10) unsigned NOT NULL AUTO_INCREMENT,
  `name` varchar(255) COLLATE utf8mb4_unicode_ci NOT NULL,
  `created_at` timestamp NULL DEFAULT NULL,
  `updated_at` timestamp NULL DEFAULT NULL,
  PRIMARY KEY (`id`)
) ENGINE=InnoDB AUTO_INCREMENT=7 DEFAULT CHARSET=utf8mb4 COLLATE=utf8mb4_unicode_ci;
/*!40101 SET character_set_client = @saved_cs_client */;

--
-- Dumping data for table `institution_types`
--

LOCK TABLES `institution_types` WRITE;
/*!40000 ALTER TABLE `institution_types` DISABLE KEYS */;
INSERT INTO `institution_types` VALUES (1,'Educación Media y Básica','2018-10-08 20:48:23','2018-10-08 20:48:23'),(2,'Educación Superior','2018-10-08 20:48:23','2018-10-08 20:48:23'),(3,'Auspiciadora de Participantes','2018-10-08 20:48:23','2018-10-08 20:48:23'),(4,'Secretaría','2018-10-08 20:48:23','2018-10-08 20:48:23'),(5,'Comité Organizador','2018-10-08 20:48:23','2018-10-08 20:48:23'),(6,'Invitada','2018-10-08 20:48:23','2018-10-08 20:48:23');
/*!40000 ALTER TABLE `institution_types` ENABLE KEYS */;
UNLOCK TABLES;

--
-- Table structure for table `institutions`
--

DROP TABLE IF EXISTS `institutions`;
/*!40101 SET @saved_cs_client     = @@character_set_client */;
/*!40101 SET character_set_client = utf8 */;
CREATE TABLE `institutions` (
  `id` int(10) unsigned NOT NULL AUTO_INCREMENT,
  `name` varchar(255) COLLATE utf8mb4_unicode_ci NOT NULL,
  `type` varchar(255) COLLATE utf8mb4_unicode_ci NOT NULL,
  `phone` varchar(255) COLLATE utf8mb4_unicode_ci DEFAULT NULL,
  `country` varchar(255) COLLATE utf8mb4_unicode_ci NOT NULL,
  `ador_one_name` varchar(255) COLLATE utf8mb4_unicode_ci DEFAULT NULL,
  `ador_one_phone` varchar(255) COLLATE utf8mb4_unicode_ci DEFAULT NULL,
  `ador_one_email` varchar(255) COLLATE utf8mb4_unicode_ci DEFAULT NULL,
  `ador_two_name` varchar(255) COLLATE utf8mb4_unicode_ci DEFAULT NULL,
  `ador_two_phone` varchar(255) COLLATE utf8mb4_unicode_ci DEFAULT NULL,
  `ador_two_email` varchar(255) COLLATE utf8mb4_unicode_ci DEFAULT NULL,
  `created_at` timestamp NULL DEFAULT NULL,
  `updated_at` timestamp NULL DEFAULT NULL,
  PRIMARY KEY (`id`)
) ENGINE=InnoDB AUTO_INCREMENT=58 DEFAULT CHARSET=utf8mb4 COLLATE=utf8mb4_unicode_ci;
/*!40101 SET character_set_client = @saved_cs_client */;

--
-- Dumping data for table `institutions`
--

LOCK TABLES `institutions` WRITE;
/*!40000 ALTER TABLE `institutions` DISABLE KEYS */;
INSERT INTO `institutions` VALUES (1,'Colegio San Judas Tadeo','Educación Media y Básica','8093680055','República Dominicana','Martha Jiménez','8099047413','marthajimenezmale@hotmail.com','Eliana Moisés','8297620359','emoisesc@gmail.com','2018-10-04 21:20:51','2018-10-04 21:20:51'),(2,'Colegio Domínico-Americano','Educación Media y Básica','8095350665','República Dominicana','Ana García','8094817864','anamar52e@gmail.com',NULL,NULL,NULL,'2018-10-04 21:20:51','2018-10-04 21:20:51'),(3,'Secundaria Babeque','Educación Media y Básica','8093812673','República Dominicana','María Victoria Suncar','8493562395','mariavictoriasuncar@gmail.com','Dra. Julissa Gómez','8096293557','gomez_julissa@hotmail.com','2018-10-04 21:20:51','2018-10-04 21:20:51'),(4,'Colegio San Martín de Porres','Educación Media y Básica','8098074827','República Dominicana','Carlos Antonio Rosario García','8092171932','carlosr1777@hotmail.com',NULL,NULL,NULL,'2018-10-04 21:20:51','2018-10-04 21:20:51'),(5,'Puntacana International School','Educación Media y Básica','8099593382','República Dominicana','Jossette Cuello','8098818842','cuellojossette@gmail.com','Isabel Tejeda','8092232847','isabeltej@gmail.com','2018-10-04 21:20:51','2018-10-04 21:20:51'),(6,'Colegio Santa Teresita','Educación Media y Básica','8096876607','República Dominicana','Bélgica Paredes','8099072601','paredesbelgica@','Karla Núñez Ávila','8094963599','canunes41@gmail.com','2018-10-04 21:20:51','2018-10-04 21:20:51'),(7,'MC School','Educación Media y Básica','8095486620','República Dominicana','Cynthia Abreu','8293171399','c.abreu@mcschool.edu.do','Lender Leyba','8098587210','l.leyba@mcschool.edu.do','2018-10-04 21:20:51','2018-10-04 21:20:51'),(8,'Mi Colegio','Educación Media y Básica','8095486555','República Dominicana','Cynthia Abreu','8293171399','c.abreu@mcschool.edu.do','Lender Leyba','8098587210','l.leyba@mcschool.edu.do','2018-10-04 21:20:51','2018-10-04 21:20:51'),(9,'Santiago Christian School','Educación Media y Básica','8095706140','República Dominicana','Dinelsa Alberty','8097536141','dalberty@scs.edu.do',NULL,NULL,NULL,'2018-10-04 21:20:51','2018-10-04 21:20:51'),(10,'Colegio Santa Teresa','Educación Media y Básica','8095948849','República Dominicana','Olga Silvestre','8298906016','osarah2927@gmail.com','Bruno Belony','8097777145','belony18love@gmail.com','2018-10-04 21:20:51','2018-10-04 21:20:51'),(11,'Colegio Dominicano de La Salle','Educación Media y Básica','8096890111 (255)','República Dominicana','Martín Medina Pimentel','8297131538','martinmedpim@gmail.com','Glenny Mateo','8097565690',NULL,'2018-10-04 21:20:51','2018-10-04 21:20:51'),(12,'Colegio Nuestra Señora de La Paz','Educación Media y Básica','80953333233','República Dominicana','Gissel Rosario','8493676972','gissellrosario20@hotmail.com',NULL,NULL,NULL,'2018-10-04 21:20:51','2018-10-04 21:20:51'),(13,'Cathedral International School','Educación Media y Básica','8095929997','República Dominicana','Guillermo Jorge','8098614174','gjorge3rd@gmail.com',NULL,NULL,NULL,'2018-10-04 21:20:51','2018-10-04 21:20:51'),(14,'Colegio San Gabriel de la Dolorosa','Educación Media y Básica','8095356795','República Dominicana','Ramona González','8292152206','ramona_go@outlook.com','Lidia Mota','8299031020','lidiavioleta_20@hotmail.com','2018-10-04 21:20:51','2018-10-04 21:20:51'),(15,'Colegio APEC Fernando Arturo de Meriño (CAFAM)','Educación Media y Básica','8096860021 (3236)','República Dominicana','Elizabeth Cirineo Cabrera','8299287156','cirineo.13@hotmail.com','Daysis Mena','8295987470','lachefmena@hotmail.com','2018-10-04 21:20:51','2018-10-06 02:44:46'),(16,'MI-EL Christian School','Educación Media y Básica','8094769346','República Dominicana','Rossy Báez','8095010943','baez.rossy@gmail.com',NULL,NULL,'secondarycoord@mielschool.edu.do','2018-10-04 21:20:51','2018-10-04 21:20:51'),(17,'Instituto Montessori','Educación Media y Básica','8096877820','República Dominicana','Massielle Martínez','8098019081','masielle.martinez@gmail.com',NULL,NULL,NULL,'2018-10-04 21:20:51','2018-10-04 21:20:51'),(18,'Centro Educativo Quisqueya de Santiago (CEQUISA)','Educación Media y Básica','8095751693, 8095755858','República Dominicana','Nora Ramírez','8093456445','colegioquisqueya@claro.net.do','Anny Guzmán','8295254618','annysamir2010@gmail.com','2018-10-04 21:20:51','2018-10-05 21:02:09'),(19,'Saint Thomas School','Educación Media y Básica','8097325870','República Dominicana','Tania Borges','8096976266','borgesmartinez@hotmail.com','Manuel Hazoury',NULL,'manuel3h@saintthomas.edu.do','2018-10-04 21:20:51','2018-10-04 21:20:51'),(20,'Saint George School','Educación Media y Básica','8095625262','República Dominicana','Firely Uribe Pagán','8493580510','furibe@saintgeorge.do',NULL,NULL,NULL,'2018-10-04 21:20:51','2018-10-04 21:20:51'),(21,'Saint Joseph School','Educación Media y Básica','8095408992','República Dominicana','Luis Martínez','8295705838','lmartinez@sjs.edu.do',NULL,NULL,NULL,'2018-10-04 21:20:51','2018-10-04 21:20:51'),(22,'Brilliant Minds School','Educación Media y Básica','8098069090, 8095925454','República Dominicana','Benedicta Calderón','8093069090','colegiobms@gmail.com','Ana Satarria','8093066191','asatarria@gmail.com','2018-10-04 21:20:51','2018-10-04 21:20:51'),(23,'Colegio Tilatá','Educación Media y Básica','5715921414 (122)','Colombia','Sandra Arévalo Pérez','573184935398','sarevalo@colegiotilata.edu.co',NULL,NULL,NULL,'2018-10-04 21:20:51','2018-10-04 21:20:51'),(24,'Colegio San Juan Bautista','Educación Media y Básica','8095816008','República Dominicana','Mariela Grullón','8099860126','mariela@colegiosanjuanbautista.com','Emmanuel Rodriguez Sanchez','8492597481','sanchez1991e@gmail.com','2018-10-04 21:20:51','2018-10-19 19:14:42'),(25,'Asociación Dominicana de las Naciones Unidas (ANU-RD)','Comité Organizador','8096859966','República Dominicana','Oscar Moquete','8299837685','o.moquete@unadr.com.do',NULL,NULL,NULL,'2018-10-05 20:23:38','2019-02-16 19:26:48'),(26,'Fundación Global Democracia y Desarrollo (FUNGLODE)','Comité Organizador','80)6859966','República Dominicana',NULL,NULL,NULL,NULL,NULL,NULL,'2018-10-05 20:24:36','2018-10-05 20:24:36'),(27,'Global Foundation for Democracy and Development (GFDD)','Comité Organizador','2022961840','Estados Unidos de America',NULL,NULL,NULL,NULL,NULL,NULL,'2018-10-05 20:25:56','2018-10-05 20:25:56'),(28,'Globalmuners A. C.','Comité Organizador','+ 52 (55) 50.84.80.02','Mexico',NULL,NULL,NULL,NULL,NULL,NULL,'2018-10-05 20:31:48','2018-10-05 20:31:48'),(29,'Colegio Calasanz Cúcuta','Educación Media y Básica','+57 5833332','Colombia','Blanca Mery Rolón Rodríguez','3002500405','brolon@calasanzcucuta.edu.co',NULL,NULL,NULL,'2018-10-06 03:07:21','2018-10-06 03:07:21'),(30,'Universidad APEC (UNAPEC)','Educación Superior',NULL,'República Dominicana',NULL,NULL,NULL,NULL,NULL,NULL,'2018-10-06 04:10:01','2018-10-06 04:10:01'),(31,'Universidad del Caribe (UNICARIBE)','Educación Superior',NULL,'República Dominicana',NULL,NULL,NULL,NULL,NULL,NULL,'2018-10-06 04:11:24','2018-10-06 04:11:24'),(35,'Instituto Bilingüe Rudyard Kipling','Educación Media y Básica','-','Mexico','-','-','-',NULL,NULL,NULL,'2018-10-16 15:31:17','2018-10-16 15:31:17'),(36,'Prepa Tec Campus Sonora Norte (ITESM)','Educación Media y Básica','-','Mexico','-','-','-',NULL,NULL,NULL,'2018-10-16 15:32:01','2018-10-16 15:32:01'),(37,'Prepa Tec Campus Veracruz (ITESM)','Educación Media y Básica','-','Mexico','-','-','-',NULL,NULL,NULL,'2018-10-16 15:32:23','2018-10-16 15:32:23'),(38,'Prepa Tec Campus Ciudad Juárez (ITESM)','Educación Media y Básica','-','Mexico','-','-','-',NULL,NULL,NULL,'2018-10-16 15:33:10','2018-10-17 15:07:26'),(39,'Escuela Nacional Preparatoria (ENP), Plantel 8','Educación Media y Básica','-','Mexico','-','-','-',NULL,NULL,NULL,'2018-10-16 15:34:02','2018-10-16 15:34:02'),(40,'Escuela Tomás Alva Edison','Educación Media y Básica','-','Mexico','-','-','-',NULL,NULL,NULL,'2018-10-16 15:34:30','2018-10-16 15:34:30'),(41,'Instituto Tecnológico de Santo Domingo (INTEC)','Educación Superior','-','República Dominicana','-','-','-',NULL,NULL,NULL,'2018-10-16 15:35:24','2018-10-16 15:35:24'),(42,'Universidad Autónoma de Santo Domingo (UASD)','Educación Superior','8496304763','República Dominicana','Decanato','8095358273','fcjp@uasd.edu.do',NULL,NULL,NULL,'2018-10-19 17:24:29','2018-10-19 17:24:29'),(43,'PrepaTec','Educación Media y Básica','-','Mexico',NULL,NULL,NULL,NULL,NULL,NULL,'2018-10-20 02:52:47','2018-10-20 02:52:47'),(44,'Colegio Majac Montessori','Educación Media y Básica','-','República Dominicana','María Cecilia','8095456106','majacmontessori@hotmail.com',NULL,NULL,NULL,'2019-02-14 17:20:01','2019-02-14 17:20:01'),(45,'Colegio Parroquial Nuestra Señora de Lourdes','Educación Media y Básica','-','República Dominicana','Milta Carmona Rincon','8099193521','dalmi1214@hotmail.com',NULL,NULL,NULL,'2019-02-14 18:36:16','2019-02-14 18:36:16'),(46,'CUDENI Comunidad Educativa','Educación Media y Básica','-','República Dominicana','Rolando Gross','8094402811','cudeni@gmail.com',NULL,NULL,NULL,'2019-02-14 18:37:57','2019-02-14 18:37:57'),(47,'Colegio Loyola','Educación Media y Básica','-','República Dominicana','Jose Romero','8297135948','rencarnacion@loyola.edu.do',NULL,NULL,NULL,'2019-02-14 18:39:33','2019-02-14 18:39:33'),(48,'Escuela Parroquial Santa Rita','Educación Media y Básica','-','República Dominicana','Yajaida Madrigal','8293437768','yajaida1@gmail.com',NULL,NULL,NULL,'2019-02-14 18:41:06','2019-02-14 18:41:06'),(49,'Colegio Jaime Molina Mota','Educación Media y Básica','-','República Dominicana','Lourdes de Jesús','8296103416','lourdesdejesusdiaz@gmail.com',NULL,NULL,NULL,'2019-02-14 18:42:28','2019-02-14 18:42:28'),(50,'Centro Educativo Hi-Hello','Educación Media y Básica','-','República Dominicana','Yomalia María','8098558878','yomaliamaria@hotmail.com',NULL,NULL,NULL,'2019-02-14 18:43:46','2019-02-14 18:43:46'),(51,'Colegio Luis Muñoz Rivera','Educación Media y Básica','-','República Dominicana','Stephanie Núñez','8095657544','s.nunez@lumuri.edu.do',NULL,NULL,NULL,'2019-02-14 18:45:28','2019-02-14 18:45:28'),(52,'Saint Patrick School','Educación Media y Básica','-','República Dominicana','María Hernández','8092581259','mariah@stpatrick.edu.do ',NULL,NULL,NULL,'2019-02-14 18:47:36','2019-02-14 18:47:36'),(53,'Instituto Tecnológico de las Américas (ITLA)','Educación Superior','-','República Dominicana','Marlyn Carmen García','8492227777','mcarmen@itla.edu.do',NULL,NULL,NULL,'2019-02-14 18:49:52','2019-02-14 18:49:52'),(54,'Liceo Francés de Santo Domingo','Educación Media y Básica','-','República Dominicana','Gurvan Corduant','-','gurvan.corduant@lfsd.edu.do',NULL,NULL,NULL,'2019-02-14 18:52:50','2019-02-14 18:52:50'),(55,'Colegio Ad Maiora','Educación Media y Básica','-','República Dominicana','Alex García','8498894774','alexgarcialo@hotmail.com',NULL,NULL,NULL,'2019-02-14 18:54:15','2019-02-14 18:54:15'),(56,'Representación Individual Media y Básica','Educación Media y Básica','-','República Dominicana','-','-','-',NULL,NULL,NULL,'2019-02-15 18:48:33','2019-02-15 19:10:20'),(57,'Representación Individual Superior','Educación Superior','-','República Dominicana',NULL,NULL,NULL,NULL,NULL,NULL,'2019-02-15 19:10:41','2019-02-15 19:10:41');
/*!40000 ALTER TABLE `institutions` ENABLE KEYS */;
UNLOCK TABLES;

--
-- Table structure for table `languages`
--

DROP TABLE IF EXISTS `languages`;
/*!40101 SET @saved_cs_client     = @@character_set_client */;
/*!40101 SET character_set_client = utf8 */;
CREATE TABLE `languages` (
  `id` int(10) unsigned NOT NULL AUTO_INCREMENT,
  `name` varchar(255) COLLATE utf8mb4_unicode_ci NOT NULL,
  `created_at` timestamp NULL DEFAULT NULL,
  `updated_at` timestamp NULL DEFAULT NULL,
  PRIMARY KEY (`id`)
) ENGINE=InnoDB AUTO_INCREMENT=4 DEFAULT CHARSET=utf8mb4 COLLATE=utf8mb4_unicode_ci;
/*!40101 SET character_set_client = @saved_cs_client */;

--
-- Dumping data for table `languages`
--

LOCK TABLES `languages` WRITE;
/*!40000 ALTER TABLE `languages` DISABLE KEYS */;
INSERT INTO `languages` VALUES (1,'Español','2018-10-08 20:48:23','2018-10-08 20:48:23'),(2,'Ingles','2018-10-08 20:48:23','2018-10-08 20:48:23'),(3,'Frances','2018-10-08 20:48:23','2018-10-08 20:48:23');
/*!40000 ALTER TABLE `languages` ENABLE KEYS */;
UNLOCK TABLES;

--
-- Table structure for table `media`
--

DROP TABLE IF EXISTS `media`;
/*!40101 SET @saved_cs_client     = @@character_set_client */;
/*!40101 SET character_set_client = utf8 */;
CREATE TABLE `media` (
  `id` int(10) unsigned NOT NULL AUTO_INCREMENT,
  `model_type` varchar(255) COLLATE utf8mb4_unicode_ci NOT NULL,
  `model_id` bigint(20) unsigned NOT NULL,
  `collection_name` varchar(255) COLLATE utf8mb4_unicode_ci NOT NULL,
  `name` varchar(255) COLLATE utf8mb4_unicode_ci NOT NULL,
  `file_name` varchar(255) COLLATE utf8mb4_unicode_ci NOT NULL,
  `mime_type` varchar(255) COLLATE utf8mb4_unicode_ci DEFAULT NULL,
  `disk` varchar(255) COLLATE utf8mb4_unicode_ci NOT NULL,
  `size` int(10) unsigned NOT NULL,
  `manipulations` json NOT NULL,
  `custom_properties` json NOT NULL,
  `responsive_images` json NOT NULL,
  `order_column` int(10) unsigned DEFAULT NULL,
  `created_at` timestamp NULL DEFAULT NULL,
  `updated_at` timestamp NULL DEFAULT NULL,
  PRIMARY KEY (`id`),
  KEY `media_model_type_model_id_index` (`model_type`,`model_id`)
) ENGINE=InnoDB AUTO_INCREMENT=2193 DEFAULT CHARSET=utf8mb4 COLLATE=utf8mb4_unicode_ci;
/*!40101 SET character_set_client = @saved_cs_client */;

--
-- Dumping data for table `media`
--

LOCK TABLES `media` WRITE;
/*!40000 ALTER TABLE `media` DISABLE KEYS */;
INSERT INTO `media` VALUES (2147,'App\\Participant',61,'photos','foto Alejandro Almonte','foto-Alejandro-Almonte.jpg','image/jpeg','public',2220991,'[]','{\"custom_headers\": []}','[]',3,'2019-02-16 18:01:04','2019-02-16 18:01:04'),(2148,'App\\Participant',22,'photos','DSC_0582','DSC_0582.jpg','image/jpeg','public',177720,'[]','{\"custom_headers\": []}','[]',4,'2019-02-16 19:13:33','2019-02-16 19:13:33'),(2151,'App\\Participant',77,'photos','Screenshot_20190216-153122','Screenshot_20190216-153122.png','image/png','public',1189823,'[]','{\"custom_headers\": []}','[]',5,'2019-02-16 19:55:14','2019-02-16 19:55:14'),(2152,'App\\Participant',77,'first_payments','Screenshot_20190216-154923','Screenshot_20190216-154923.png','image/png','public',309603,'[]','{\"custom_headers\": []}','[]',6,'2019-02-16 19:55:14','2019-02-16 19:55:14'),(2153,'App\\Participant',77,'last_payments','Screenshot_20190216-154923','Screenshot_20190216-154923.png','image/png','public',309603,'[]','{\"custom_headers\": []}','[]',7,'2019-02-16 19:55:14','2019-02-16 19:55:14'),(2154,'App\\Participant',73,'photos','Karla foto editada','Karla-foto-editada.jpg','image/jpeg','public',381976,'[]','{\"custom_headers\": []}','[]',8,'2019-02-17 00:45:39','2019-02-17 00:45:39'),(2155,'App\\Participant',73,'last_payments','Desposito $150 de Karla Betances Colegio Saint Patrick','Desposito-$150-de-Karla-Betances-Colegio-Saint-Patrick.jpg','image/jpeg','public',67405,'[]','{\"custom_headers\": []}','[]',9,'2019-02-17 00:45:39','2019-02-17 00:45:39'),(2156,'App\\Participant',74,'photos','Scan_20170611 (6)','Scan_20170611-(6).jpg','image/jpeg','public',38564,'[]','{\"custom_headers\": []}','[]',10,'2019-02-17 01:06:32','2019-02-17 01:06:32'),(2157,'App\\Participant',72,'photos','Alexa','Alexa.jpg','image/jpeg','public',144842,'[]','{\"custom_headers\": []}','[]',11,'2019-02-17 01:07:36','2019-02-17 01:07:36'),(2158,'App\\Participant',72,'last_payments','Desposito $150 de Alexa Soto','Desposito-$150-de-Alexa-Soto.jpg','image/jpeg','public',72082,'[]','{\"custom_headers\": []}','[]',12,'2019-02-17 01:07:36','2019-02-17 01:07:36'),(2161,'App\\Participant',80,'photos','awilda','awilda.jpg','image/jpeg','public',94751,'[]','{\"custom_headers\": []}','[]',15,'2019-02-17 01:29:29','2019-02-17 01:29:29'),(2162,'App\\Participant',61,'last_payments','DEPOSIT TOTAL ALEJANDRO ALMONTE','DEPOSIT-TOTAL-ALEJANDRO-ALMONTE.jpg','image/jpeg','public',53062,'[]','{\"custom_headers\": []}','[]',16,'2019-02-17 01:36:10','2019-02-17 01:36:10'),(2163,'App\\Participant',79,'first_payments','1ER DEP INSCRIPCION ALEJANDRA VITIELLO','1ER-DEP-INSCRIPCION-ALEJANDRA-VITIELLO.jpg','image/jpeg','public',117475,'[]','{\"custom_headers\": []}','[]',17,'2019-02-17 01:36:46','2019-02-17 01:36:46'),(2164,'App\\Participant',79,'last_payments','2DO DEP ALEJANDRA','2DO-DEP-ALEJANDRA.jpg','image/jpeg','public',117475,'[]','{\"custom_headers\": []}','[]',18,'2019-02-17 01:36:46','2019-02-17 01:36:46'),(2168,'App\\Participant',61,'conduct_codes','CODIGO_DE_CONDUCTA_Y_VESTIMENTA MUN','CODIGO_DE_CONDUCTA_Y_VESTIMENTA-MUN.doc','application/msword','public',34304,'[]','{\"custom_headers\": []}','[]',21,'2019-02-17 02:28:46','2019-02-17 02:28:46'),(2169,'App\\Participant',72,'conduct_codes','CODIGO_DE_CONDUCTA_Y_VESTIMENTA MUN','CODIGO_DE_CONDUCTA_Y_VESTIMENTA-MUN.doc','application/msword','public',34304,'[]','{\"custom_headers\": []}','[]',22,'2019-02-17 02:29:10','2019-02-17 02:29:10'),(2170,'App\\Participant',73,'conduct_codes','CODIGO_DE_CONDUCTA_Y_VESTIMENTA MUN','CODIGO_DE_CONDUCTA_Y_VESTIMENTA-MUN.doc','application/msword','public',34304,'[]','{\"custom_headers\": []}','[]',23,'2019-02-17 02:29:32','2019-02-17 02:29:32'),(2172,'App\\Participant',79,'conduct_codes','CODIGO_DE_CONDUCTA_Y_VESTIMENTA MUN','CODIGO_DE_CONDUCTA_Y_VESTIMENTA-MUN.doc','application/msword','public',34304,'[]','{\"custom_headers\": []}','[]',24,'2019-02-17 02:44:48','2019-02-17 02:44:48'),(2173,'App\\Participant',79,'photos','Alejandra Vitiello','Alejandra-Vitiello.jpg','image/jpeg','public',127747,'[]','{\"custom_headers\": []}','[]',25,'2019-02-17 11:57:10','2019-02-17 11:57:10'),(2174,'App\\Participant',82,'photos','Foto Eduardo','Foto-Eduardo.png','image/png','public',1575997,'[]','{\"custom_headers\": []}','[]',26,'2019-02-18 12:18:59','2019-02-18 12:18:59'),(2175,'App\\Participant',82,'first_payments','Bauche Eduardo','Bauche-Eduardo.png','image/png','public',198066,'[]','{\"custom_headers\": []}','[]',27,'2019-02-18 12:18:59','2019-02-18 12:18:59'),(2176,'App\\Participant',23,'photos','Marjorie','Marjorie.png','image/png','public',480076,'[]','{\"custom_headers\": []}','[]',28,'2019-02-18 12:19:59','2019-02-18 12:19:59'),(2177,'App\\Participant',23,'first_payments','bauche Marjorie 1','bauche-Marjorie-1.png','image/png','public',53001,'[]','{\"custom_headers\": []}','[]',29,'2019-02-18 12:19:59','2019-02-18 12:19:59'),(2178,'App\\Participant',23,'last_payments','bauche Marjorie 2','bauche-Marjorie-2.png','image/png','public',52527,'[]','{\"custom_headers\": []}','[]',30,'2019-02-18 12:19:59','2019-02-18 12:19:59'),(2179,'App\\Participant',24,'photos','Foto Luisa','Foto-Luisa.png','image/png','public',836486,'[]','{\"custom_headers\": []}','[]',31,'2019-02-18 12:20:38','2019-02-18 12:20:38'),(2180,'App\\Participant',24,'first_payments','bauche luisa 1','bauche-luisa-1.png','image/png','public',588142,'[]','{\"custom_headers\": []}','[]',32,'2019-02-18 12:20:38','2019-02-18 12:20:38'),(2181,'App\\Participant',25,'photos','foto karishma','foto-karishma.jpg','image/jpeg','public',13050,'[]','{\"custom_headers\": []}','[]',33,'2019-02-18 12:21:11','2019-02-18 12:21:11'),(2182,'App\\Participant',25,'first_payments','bauche karishma','bauche-karishma.bmp','image/x-ms-bmp','public',858758,'[]','{\"custom_headers\": []}','[]',34,'2019-02-18 12:21:11','2019-02-18 12:21:11'),(2184,'App\\Participant',83,'photos','IMG_0204','IMG_0204.JPG','image/jpeg','public',244448,'[]','{\"custom_headers\": []}','[]',36,'2019-02-18 12:23:09','2019-02-18 12:23:09'),(2185,'App\\Participant',27,'photos','Foto Hilary','Foto-Hilary.jpg','image/jpeg','public',80490,'[]','{\"custom_headers\": []}','[]',37,'2019-02-18 12:35:40','2019-02-18 12:35:40'),(2186,'App\\Participant',27,'first_payments','bauche hilary','bauche-hilary.bmp','image/x-ms-bmp','public',1626294,'[]','{\"custom_headers\": []}','[]',38,'2019-02-18 12:35:40','2019-02-18 12:35:40'),(2187,'App\\Participant',28,'photos','Foto Jose Ariel','Foto-Jose-Ariel.jpg','image/jpeg','public',73686,'[]','{\"custom_headers\": []}','[]',39,'2019-02-18 12:37:15','2019-02-18 12:37:15'),(2188,'App\\Participant',28,'first_payments','bauche de pago jose ariel','bauche-de-pago-jose-ariel.jpg','image/jpeg','public',70144,'[]','{\"custom_headers\": []}','[]',40,'2019-02-18 12:37:15','2019-02-18 12:37:15'),(2189,'App\\Participant',86,'photos','file-25','file-25.jpeg','image/jpeg','public',1094005,'[]','{\"custom_headers\": []}','[]',41,'2019-02-18 13:40:46','2019-02-18 13:40:46'),(2190,'App\\Participant',88,'photos','cindy','cindy.jpg','image/jpeg','public',2314379,'[]','{\"custom_headers\": []}','[]',42,'2019-02-18 13:58:10','2019-02-18 13:58:10'),(2191,'App\\Participant',89,'photos','IMG_20190218_095831','IMG_20190218_095831.jpg','image/jpeg','public',3117391,'[]','{\"custom_headers\": []}','[]',43,'2019-02-18 14:02:29','2019-02-18 14:02:29'),(2192,'App\\Participant',90,'photos','IMG_20190218_100304','IMG_20190218_100304.jpg','image/jpeg','public',3217534,'[]','{\"custom_headers\": []}','[]',44,'2019-02-18 14:06:54','2019-02-18 14:06:54');
/*!40000 ALTER TABLE `media` ENABLE KEYS */;
UNLOCK TABLES;

--
-- Table structure for table `migrations`
--

DROP TABLE IF EXISTS `migrations`;
/*!40101 SET @saved_cs_client     = @@character_set_client */;
/*!40101 SET character_set_client = utf8 */;
CREATE TABLE `migrations` (
  `id` int(10) unsigned NOT NULL AUTO_INCREMENT,
  `migration` varchar(255) COLLATE utf8mb4_unicode_ci NOT NULL,
  `batch` int(11) NOT NULL,
  PRIMARY KEY (`id`)
) ENGINE=InnoDB AUTO_INCREMENT=15 DEFAULT CHARSET=utf8mb4 COLLATE=utf8mb4_unicode_ci;
/*!40101 SET character_set_client = @saved_cs_client */;

--
-- Dumping data for table `migrations`
--

LOCK TABLES `migrations` WRITE;
/*!40000 ALTER TABLE `migrations` DISABLE KEYS */;
INSERT INTO `migrations` VALUES (1,'2014_10_12_100000_create_password_resets_table',1),(2,'2018_09_24_011626_create_languages_table',1),(3,'2018_09_24_011627_create_institutions_table',1),(4,'2018_09_24_011628_create_commissions_table',1),(5,'2018_09_24_011629_create_users_table',1),(6,'2018_09_24_011630_create_participants_table',1),(7,'2018_09_24_011631_create_representations_table',1),(8,'2018_09_24_011632_create_institution_commissions_table',1),(9,'2018_09_24_152739_create_media_table',1),(10,'2018_09_26_150835_create_countries_table',1),(11,'2018_10_02_134831_create_institution_types_table',1),(12,'2018_10_02_180315_create_commission_representations_table',1),(13,'2018_10_02_180342_create_participant_representations_table',1),(14,'2018_10_02_185732_create_categories_table',1);
/*!40000 ALTER TABLE `migrations` ENABLE KEYS */;
UNLOCK TABLES;

--
-- Table structure for table `participant_representations`
--

DROP TABLE IF EXISTS `participant_representations`;
/*!40101 SET @saved_cs_client     = @@character_set_client */;
/*!40101 SET character_set_client = utf8 */;
CREATE TABLE `participant_representations` (
  `id` int(10) unsigned NOT NULL AUTO_INCREMENT,
  `commissionrepresentation_id` int(10) unsigned NOT NULL,
  `participant_id` int(10) unsigned NOT NULL,
  `created_at` timestamp NULL DEFAULT NULL,
  `updated_at` timestamp NULL DEFAULT NULL,
  PRIMARY KEY (`id`),
  KEY `participant_representations_commissionrepresentation_id_foreign` (`commissionrepresentation_id`),
  KEY `participant_representations_participant_id_foreign` (`participant_id`),
  CONSTRAINT `participant_representations_commissionrepresentation_id_foreign` FOREIGN KEY (`commissionrepresentation_id`) REFERENCES `commission_representations` (`id`) ON DELETE CASCADE,
  CONSTRAINT `participant_representations_participant_id_foreign` FOREIGN KEY (`participant_id`) REFERENCES `participants` (`id`) ON DELETE CASCADE
) ENGINE=InnoDB AUTO_INCREMENT=108 DEFAULT CHARSET=utf8mb4 COLLATE=utf8mb4_unicode_ci;
/*!40101 SET character_set_client = @saved_cs_client */;

--
-- Dumping data for table `participant_representations`
--

LOCK TABLES `participant_representations` WRITE;
/*!40000 ALTER TABLE `participant_representations` DISABLE KEYS */;
INSERT INTO `participant_representations` VALUES (1,7,1,'2019-02-15 15:24:38','2019-02-15 15:24:38'),(3,10,3,'2019-02-15 15:29:45','2019-02-15 15:29:45'),(4,10,4,'2019-02-15 15:39:16','2019-02-15 15:39:16'),(5,6,5,'2019-02-15 15:45:11','2019-02-15 15:45:11'),(6,1,6,'2019-02-15 15:52:31','2019-02-15 15:52:31'),(7,5,7,'2019-02-15 15:52:37','2019-02-15 15:52:37'),(9,3,11,'2019-02-15 16:16:25','2019-02-15 16:16:25'),(11,83,15,'2019-02-15 17:58:49','2019-02-15 17:58:49'),(12,84,16,'2019-02-15 18:04:56','2019-02-15 18:04:56'),(13,7,31,'2019-02-16 00:33:01','2019-02-16 00:33:01'),(28,40,45,'2019-02-16 14:37:14','2019-02-16 14:37:14'),(31,38,47,'2019-02-16 14:49:18','2019-02-16 14:49:18'),(33,81,41,'2019-02-16 14:51:01','2019-02-16 14:51:01'),(34,41,48,'2019-02-16 14:52:39','2019-02-16 14:52:39'),(35,41,49,'2019-02-16 14:54:38','2019-02-16 14:54:38'),(36,40,50,'2019-02-16 14:58:03','2019-02-16 14:58:03'),(40,44,52,'2019-02-16 15:01:30','2019-02-16 15:01:30'),(41,79,46,'2019-02-16 15:03:12','2019-02-16 15:03:12'),(42,39,53,'2019-02-16 15:04:24','2019-02-16 15:04:24'),(44,75,51,'2019-02-16 15:06:29','2019-02-16 15:06:29'),(45,39,54,'2019-02-16 15:07:59','2019-02-16 15:07:59'),(46,42,55,'2019-02-16 15:09:54','2019-02-16 15:09:54'),(47,42,56,'2019-02-16 15:10:03','2019-02-16 15:10:03'),(48,44,57,'2019-02-16 15:12:20','2019-02-16 15:12:20'),(51,80,40,'2019-02-16 15:15:02','2019-02-16 15:15:02'),(52,43,59,'2019-02-16 15:15:05','2019-02-16 15:15:05'),(53,38,60,'2019-02-16 15:19:14','2019-02-16 15:19:14'),(55,78,44,'2019-02-16 15:21:11','2019-02-16 15:21:11'),(56,56,62,'2019-02-16 15:21:50','2019-02-16 15:21:50'),(57,47,63,'2019-02-16 15:24:46','2019-02-16 15:24:46'),(58,37,66,'2019-02-16 15:37:46','2019-02-16 15:37:46'),(59,45,68,'2019-02-16 15:43:18','2019-02-16 15:43:18'),(62,78,37,'2019-02-16 16:20:13','2019-02-16 16:20:13'),(64,77,39,'2019-02-16 16:21:09','2019-02-16 16:21:09'),(73,76,42,'2019-02-16 16:56:38','2019-02-16 16:56:38'),(75,82,69,'2019-02-16 17:02:27','2019-02-16 17:02:27'),(80,174,22,'2019-02-16 19:41:10','2019-02-16 19:41:10'),(81,75,77,'2019-02-16 19:55:14','2019-02-16 19:55:14'),(97,135,79,'2019-02-17 11:57:10','2019-02-17 11:57:10'),(98,136,61,'2019-02-17 12:47:32','2019-02-17 12:47:32'),(99,137,72,'2019-02-17 12:48:10','2019-02-17 12:48:10'),(100,134,73,'2019-02-17 12:48:49','2019-02-17 12:48:49'),(101,123,81,'2019-02-18 12:10:15','2019-02-18 12:10:15'),(103,130,83,'2019-02-18 12:23:09','2019-02-18 12:23:09'),(104,1,86,'2019-02-18 13:40:46','2019-02-18 13:40:46'),(105,61,88,'2019-02-18 13:58:10','2019-02-18 13:58:10'),(106,59,89,'2019-02-18 14:02:29','2019-02-18 14:02:29'),(107,62,90,'2019-02-18 14:06:54','2019-02-18 14:06:54');
/*!40000 ALTER TABLE `participant_representations` ENABLE KEYS */;
UNLOCK TABLES;

--
-- Table structure for table `participants`
--

DROP TABLE IF EXISTS `participants`;
/*!40101 SET @saved_cs_client     = @@character_set_client */;
/*!40101 SET character_set_client = utf8 */;
CREATE TABLE `participants` (
  `id` int(10) unsigned NOT NULL AUTO_INCREMENT,
  `institution_id` int(10) unsigned DEFAULT NULL,
  `name` varchar(255) COLLATE utf8mb4_unicode_ci NOT NULL,
  `lastname` varchar(255) COLLATE utf8mb4_unicode_ci NOT NULL,
  `email` varchar(255) COLLATE utf8mb4_unicode_ci NOT NULL,
  `category` varchar(255) COLLATE utf8mb4_unicode_ci NOT NULL,
  `gender` varchar(255) COLLATE utf8mb4_unicode_ci NOT NULL,
  `academic_level` varchar(255) COLLATE utf8mb4_unicode_ci NOT NULL,
  `address` varchar(255) COLLATE utf8mb4_unicode_ci NOT NULL,
  `date_birth` date NOT NULL,
  `cellphone` varchar(255) COLLATE utf8mb4_unicode_ci DEFAULT NULL,
  `phone` varchar(255) COLLATE utf8mb4_unicode_ci NOT NULL,
  `blood_type` varchar(255) COLLATE utf8mb4_unicode_ci DEFAULT NULL,
  `emergency_contact_name` varchar(255) COLLATE utf8mb4_unicode_ci DEFAULT NULL,
  `emergency_contact_cellphone` varchar(255) COLLATE utf8mb4_unicode_ci DEFAULT NULL,
  `emergency_contact_phone` varchar(255) COLLATE utf8mb4_unicode_ci DEFAULT NULL,
  `emergency_contact_email` varchar(255) COLLATE utf8mb4_unicode_ci DEFAULT NULL,
  `emergency_contact_relation` varchar(255) COLLATE utf8mb4_unicode_ci DEFAULT NULL,
  `notes` text COLLATE utf8mb4_unicode_ci,
  `is_completed` tinyint(1) DEFAULT '0',
  `created_at` timestamp NULL DEFAULT NULL,
  `updated_at` timestamp NULL DEFAULT NULL,
  PRIMARY KEY (`id`),
  KEY `participants_institution_id_foreign` (`institution_id`),
  CONSTRAINT `participants_institution_id_foreign` FOREIGN KEY (`institution_id`) REFERENCES `institutions` (`id`) ON DELETE CASCADE
) ENGINE=InnoDB AUTO_INCREMENT=91 DEFAULT CHARSET=utf8mb4 COLLATE=utf8mb4_unicode_ci;
/*!40101 SET character_set_client = @saved_cs_client */;

--
-- Dumping data for table `participants`
--

LOCK TABLES `participants` WRITE;
/*!40000 ALTER TABLE `participants` DISABLE KEYS */;
INSERT INTO `participants` VALUES (1,44,'Lisbely Geraldine','Holguin Payano','lisbelyholguin1115@gmail.com','Delegado de Educación Media','Femenino','Media','Calle 6w, #12, Vista Hermosa, Santo Domingo Este.','2002-08-11','8092538873','8295458619','A+','Mercedes Payano Trinidad','8092538873','8295458619','Lupitapayano@yahoo.es','Madre',NULL,0,'2019-02-15 15:24:38','2019-02-15 15:24:38'),(3,44,'Lisbeth','Reyes ureña','lisbethhreyes1010@gmail.com','Delegado de Educación Media','Femenino','Media','calle21 #10 vista hermosa','2003-01-20','8295403600','8099857259','A+','Juan reyes manzueta','8297314481','8292615454','juanreye4466@hotmail.com','padre',NULL,0,'2019-02-15 15:29:45','2019-02-15 15:29:45'),(4,44,'Iamdra','Joaquin Sandoval','iamdra3028@gmail.com','Delegado de Educación Media','Femenino','Media','calle 12 #18 edificio gladis mercedes','2002-12-30','8494019850','8095969850','A+','Keiry sandoval','82997401457','8095969850','keirysandoval28@gmail.com','Madre',NULL,0,'2019-02-15 15:39:16','2019-02-15 15:39:16'),(5,44,'Sherley Alexandra','Matos Varela','matossherley@outlook.com','Delegado de Educación Media','Femenino','Media','Calle 3w #27, Lucerna, Santo Domingo Este','2004-05-23','(829)989-6038','(809)483-3950','O+','Eunice Varela','(809)714-7900','(809)422-9743','varelaeunice@hotmail.com','Madre',NULL,0,'2019-02-15 15:45:11','2019-02-15 15:45:11'),(6,44,'Michael','Pérez Pérez','michaelperezperez511@gmail.com','Delegado de Educación Básica','Masculino','Básica','calle juan mieses #33','2006-07-20','809602545464','8295967706','A+','Maria Pérez','8096025464','8295967706','mariaperezbubal@gmail.com','Madre',NULL,0,'2019-02-15 15:52:31','2019-02-15 15:52:31'),(7,44,'Jiannery','Valerio Gonzalez','biannygt@hotmail.com','Delegado de Educación Básica','Femenino','Básica','calle 3 w n. 27 lucerna','2007-05-07','829-725-3425','829-725-3425','A+','Bianny gONZALEZ','8297253425','8297253425','biannygt@hotmail.com','madre',NULL,0,'2019-02-15 15:52:37','2019-02-15 15:52:37'),(8,44,'Laura','Acedo de la Torre','lauraacedo2@gmail.com','Delegado de Educación Media','Femenino','Media','Camino Primero #16, vista hermosa, Santo Domingo este','2019-08-22','(829) 984-2533','(809) 483-2365','B+','Rosalia de la Torre','(809)299-5740','(809) 483-2365','el.libro@gmail.com','Madre',NULL,0,'2019-02-15 15:56:15','2019-02-15 15:56:15'),(11,44,'Juan Esteban','Peña Lantigua','Juanes152017@hotmail.com','Delegado de Educación Básica','Masculino','Básica','calle acacia #10 los prados del cachón','2007-03-15','8294339539','8294339539','O-','Wendy Lantigua','8294339539','8294339539','majacmontessori@hotmail.com','madre',NULL,0,'2019-02-15 16:16:25','2019-02-15 16:16:25'),(13,44,'Miguel Antonio','Lopez Andino','xxironthecrafter@gmail.com','Delegado de Educación Media','Masculino','Media','Calle 8w casa #6 vista hermosa. santo domingo este','2001-10-29','8299905629','8095969350','AB+','Isaias Vargas','8299930098','8095969350','m.alopez@hotmail.com','padre',NULL,0,'2019-02-15 16:36:21','2019-02-15 16:36:21'),(15,55,'Amelia','Agüero Cuenca','ameliaguero@gmail.com','Delegado de Educación Media','Femenino','Media','Viriato Fiallo #18 Ensanche Julieta','2005-03-02','8299574104','8095674114','A+','Esther Cuenca','8298774104','8490084774','carrionec@yahoo.com.ar','Madre',NULL,0,'2019-02-15 17:58:49','2019-02-15 17:58:49'),(16,55,'Daniel','Álvarez','alvarezcavaglianodaniel@gmail.com','Delegado de Educación Media','Masculino','Media','gustavo mejia ricart 153','2002-03-27','8494551459','809692912','B+','Carlos GArcía','8498551459','8299239633','alexgarcialo@hotmail.com','padre',NULL,0,'2019-02-15 18:04:56','2019-02-15 18:04:56'),(17,44,'Caroline','Polanco Moronta','wendy.moronta@yahoo.com','Delegado de Educación Media','Femenino','Media','carretera mella km 8 1/2 residencial las terraza apt. n. 301','2005-05-27','8497516759','8497516759','A+','Wendy Moronta','8497516759','8497516759','wendy.moronta @yahoo.com','Madre',NULL,0,'2019-02-15 18:22:16','2019-02-15 18:22:16'),(19,48,'Yajaida','Madrigal Sierra','yajaida1@gmail.com','Asesor Docente Responsable de Grupo (ADOR)','Femenino','Posgrado','C. Palenque no. 16 San Cristóbal','1984-11-24','8293437768','8092797432','B+','Isabel Sierra','yajaida1@gmail.com','8092797432','yajaida1@gmail.com','Madre',NULL,0,'2019-02-15 18:51:33','2019-02-16 14:35:13'),(22,25,'Oscar','Moquete','o.moquete@unadr.org.do','Secretaría','Masculino','Grado','-','2000-06-19','-','-','A+','-','-','-','-','-',NULL,1,'2019-02-15 19:51:59','2019-02-16 19:14:14'),(23,50,'Marjorie','Pacheco Batista','Marjorie_pacheco79@hotmail.com','Delegado de Educación Media','Femenino','Media','Calle el Alto#9, Colinas de Los Ríos, Santo Domingo.','2003-05-30','829-708-8244','809-245-9850','A+','Kelvin Pacheco Pérez y María Eugenia Sánchez.','mariae.sanchezbatista@gmail.com','809-607-7992','mariae.sanchezbatista@gmail.com','Padre',NULL,0,'2019-02-15 20:35:14','2019-02-18 12:19:59'),(24,50,'Luisa','Rodriguez Castillo','luisaangely@outlook.com','Delegado de Educación Media','Femenino','Media','Los Rios, Calle Villa Elena numero 6, Apartamento Málaga','2003-10-28','849-655-5405','809-560-7258','O+','Luis Inocencio Rodriguez de Jesus','lurodrigr@hotmail.com','809-560-7258','lurodrigr@hotmail.com','Padre',NULL,0,'2019-02-15 20:43:52','2019-02-18 12:20:38'),(25,50,'Karishma','Goyal Olivero','Karishmagoyalolivero@icloud.com','Delegado de Educación Básica','Femenino','Básica','Calle Peñón No. 6 Arroyo Hondo III','2007-02-27','829-686-7200','829-544-2120','O+','Giselle Denise Olivero','Sangoysrl@gmail.com','829-619-7200','Sangoysrl@gmail.com','Madre',NULL,0,'2019-02-15 20:52:25','2019-02-18 12:21:11'),(27,50,'Hillary Jazmín','Rodriguez Comas','Hrodriguezcomas@gmail.com','Delegado de Educación Básica','Femenino','Básica','Calle las Llanuras, las Colinas de los Ríos, apartamento TSIII, 401.','2007-01-17','829-931-0239','809-369-6493','A+','Yan Carlos Rodriguez Báez','Rodriguez12yancarlo@hotmail.com / Rodriguezyancarlo@hotmail.com','829-645-3239','Rodriguez12yancarlo@hotmail.com / Rodriguezyancarlo@hotmail.com','Padre',NULL,0,'2019-02-15 21:17:19','2019-02-18 12:22:42'),(28,50,'José Ariel','Toribio Luis','Toribio170222@gmail.com','Delegado de Educación Media','Masculino','Media','los ríos, calle D, edificio 3','2005-02-02','829-801-6269','809-561-3938','O+','Libanesa Toribio','la_liba1@hotmail.com ltoribio@arspalic.com.do','809-561-3938','la_liba1@hotmail.com ltoribio@arspalic.com.do','Tutora',NULL,0,'2019-02-15 21:34:09','2019-02-18 12:37:15'),(31,44,'Mercedes','Payano Trinidad','lupitapayano@yahoo.es','Invitado Especial','Femenino','Posgrado','Calle 6w, #12, Vista Hermosa, Santo Domingo Este','1978-03-15','8294201130','8295458619','O+','Octavio Holguin','8299861311','8295458619','Octavio26holguin@gmail.com','Pareja',NULL,0,'2019-02-16 00:33:01','2019-02-16 00:33:01'),(32,44,'Octavio','Holguin Liz','octavio26holguin@gmail.com','Invitado Especial','Masculino','Posgrado','Calle 6w, #12, Vista Hermosa, Santo Domingo Este','1980-08-26','8299861311','8295458619','A+','Mercedes Payano','8294201130','8295458619','Lupitapayano@yahoo.es','Pareja',NULL,0,'2019-02-16 00:36:37','2019-02-16 17:51:05'),(37,48,'Stefano','Huerta Vasquez','Stefanohuerta10@gmail.com','Delegado de Educación Media','Masculino','Básica','Calle Pedro Renville, Apartsmento Katherine 2A, Los nova, San Cristóbal','2001-10-10','809-763-3549','809-528-3345','O+','Gianfranca Vasquez','Tejedapuello@hotmail.com','829-343-2512','Tejedapuello@hotmail.com','Madre',NULL,0,'2019-02-16 13:37:33','2019-02-16 16:20:04'),(39,48,'Nelton','Rodriguez','neltonrg00@gmail.com','Delegado de Educación Media','Masculino','Media','Camino del sol, San Cristobal','2002-01-10','849-262-7948','809-276-4683','B+','Nelton A. Rodriguez Diloné','nelton.rodriguez@gmail.com','809-276-4683','nelton.rodriguez@gmail.com','Padre',NULL,0,'2019-02-16 14:04:16','2019-02-16 15:24:22'),(40,48,'Esther Nicol','Hiche Moreta','esthernicolhichemoreta@gmail.com','Delegado de Educación Media','Femenino','Media','San Cristóbal, Nueva Esperanza  calle 3 #16','2001-01-17','8093984451','8092885333','O+','Jorge Hiche','hiche54@gmail.com','8092101812','hiche54@gmail.com','Padre',NULL,0,'2019-02-16 14:19:58','2019-02-16 15:15:02'),(41,48,'Eluis','Mateo Cruz','Eluis.mateo.77@gmail.com','Delegado de Educación Media','Masculino','Media','S.C. Calle Juan Tomás Diaz #57','2000-11-14','8099628866','8095287716','A+','Mercedes Mateo','Mercedyta@gmail.com','8095287716','Mercedyta@gmail.com','Hermana',NULL,0,'2019-02-16 14:21:33','2019-02-16 14:50:53'),(42,48,'Marcelo Alexander','Ventura Miliano','Marcelomiliano@hotmail.com','Delegado de Educación Media','Masculino','Media','C/Maria Maceo, #302. Condominio Lesley, residencial MAM.','2002-11-05','8294216676','8095286950','O+','Jose Antonio Ventura Cordero','Jventcord@yahoo.com','8095281573','Jventcord@yahoo.com','Padre.',NULL,0,'2019-02-16 14:24:05','2019-02-16 14:28:22'),(43,48,'Elvira','Rosario','elviramarosario@gmail.com','Delegado de Educación Media','Femenino','Media','San Cristobal, Madre vieja sur Residencial Las Palmeras','2001-03-20','829-257-4994','809-528-1567','O+','Elvis Rosario','elvisrosariodip@gmail.com','829-338-5797','elvisrosariodip@gmail.com','Padre',NULL,0,'2019-02-16 14:24:54','2019-02-16 14:49:02'),(44,48,'Noam Ismael','Minaya Camacho','noamcamacho@hotmail.com','Delegado de Educación Media','Masculino','Media','Madre Vieja Sur, Calle \"C\" No. 43 sector Fa-vidrio','2000-10-25','(849)-271-3991','(809)-858-9693','A+','Vienna Camacho','Viannaeli25@hotmail.com','(809)-858-9693','Viannaeli25@hotmail.com','Madre',NULL,0,'2019-02-16 14:33:00','2019-02-16 15:21:11'),(45,51,'Laura Marie','Gomez Hazoury','lauramariegomezhaz@gmail.com','Delegado de Educación Básica','Femenino','Básica','-','2006-11-07','8099655320','-','A+','Laura Hazoury','8098536877','8098536877','lhazoury@msn.com','Madre',NULL,0,'2019-02-16 14:37:14','2019-02-16 14:37:14'),(46,48,'Ivonne Maribel','Mejia Soto','ivonnemaribel22@outlook.com','Delegado de Educación Media','Femenino','Media','Calle Santomé, esq. Salcedo, edificio Merys 402','2001-12-22','809-855-7723','809-255-2431','A+','Ivan Mejia','Madames75@hotmail.com','809-722-9915','Madames75@hotmail.com','Padre',NULL,0,'2019-02-16 14:42:47','2019-02-16 15:23:12'),(47,51,'Miranda','Roedan Fuertes','mirandaroedan@icloud.com','Delegado de Educación Básica','Femenino','Básica','-','2007-09-04','8292738846','-','A+','Monica Fuertes','8098601748','8098601748','-','Madre',NULL,0,'2019-02-16 14:49:18','2019-02-16 14:49:18'),(48,51,'Eva Stella','Morales Nuñez','reynadelcaribe7@gmail.com','Delegado de Educación Básica','Femenino','Básica','-','2007-08-16','8296481608','-','O+','Raquel Nuñez','8092992753','-','-','Madre',NULL,0,'2019-02-16 14:52:39','2019-02-16 14:52:39'),(49,51,'Ana Gabriela','Medina Espinal','anagabrielamed@hotmail.com','Delegado de Educación Básica','Femenino','Básica','-','2007-04-17','8297632621','-','O+','Beralice Espinal','8293442619','-','-','Madre',NULL,0,'2019-02-16 14:54:38','2019-02-16 14:54:38'),(50,51,'Emile Jose','Novo Hughes','emilenovo@outlook.com','Delegado de Educación Básica','Masculino','Básica','-','2008-07-15','8296430195','-','O+','Jose Novo','8094400195','-','-','Padre',NULL,0,'2019-02-16 14:58:03','2019-02-16 14:58:03'),(51,48,'Katherine gamilet','Montas roa','montasroa@gmail.com','Delegado de Educación Media','Femenino','Media','San cristobal, mabre vieja sur calle Isidro vasil #5','2002-09-27','8296164206','8094750410','A+','Estrella montas','Emontas90gmail. Com','8094750410','Emontas90gmail. Com','Hermana mayor',NULL,0,'2019-02-16 14:59:44','2019-02-16 15:06:20'),(52,51,'Daniela Rocio','Fernandez Duquela','nany170806@gmail.com','Delegado de Educación Básica','Femenino','Básica','-','2006-08-17','8293809859','-','O+','Luz Duquela','8096073000','-','-','Madre',NULL,0,'2019-02-16 15:01:30','2019-02-16 15:01:30'),(53,51,'Carlos Eduardo','Guerrero Tejeda','guerrerot1carlose@gmail.com','Delegado de Educación Básica','Masculino','Básica','-','2007-03-19','8099046675','-','O+','Silvia Tejeda','8099964205','-','-','Madre',NULL,0,'2019-02-16 15:04:24','2019-02-16 15:04:24'),(54,51,'Marco Enmanuel','Christopher Garcia','marcochristopher@gmail.com','Delegado de Educación Básica','Masculino','Básica','-','2007-07-04','8498735686','-','A+','Gabriela Garcia','8098165686','-','-','Madre',NULL,0,'2019-02-16 15:07:59','2019-02-16 15:07:59'),(55,51,'Maria Clara','Deschamps Messina','mariaclaradeschamps@gmail.com','Delegado de Educación Básica','Femenino','Básica','-','2007-03-14','8299256350','-','A+','Angie Messina','8097569090','-','-','Madre',NULL,0,'2019-02-16 15:09:54','2019-02-16 15:09:54'),(56,51,'Maria Clara','Deschamps Messina','mariaclaradeschamps@gmail.com','Delegado de Educación Básica','Femenino','Básica','-','2007-03-14','8299256350','-','A+','Angie Messina','8097569090','-','-','Madre',NULL,0,'2019-02-16 15:10:02','2019-02-16 15:10:02'),(57,51,'Nicole Camille','Peralta Ciprian','nperaltaciprian@gmail.com','Delegado de Educación Básica','Femenino','Básica','-','2006-02-10','8297220915','-','A+','Fanny Ciprian','8098488922','-','-','Madre',NULL,0,'2019-02-16 15:12:20','2019-02-16 15:12:20'),(59,51,'Maria Victoria','Garrido Voigt','mariavictoriagarridovoigt5@gmail.com','Delegado de Educación Básica','Femenino','Básica','-','2006-12-05','8494591205','-','O+','Aillen Voigt','8097691224','-','-','Madre',NULL,0,'2019-02-16 15:15:05','2019-02-16 15:15:05'),(60,51,'Sarah Amelia','Rojas Vicente','saraharojas8@gmail.com','Delegado de Educación Básica','Femenino','Básica','-','2007-09-03','8493403292','-','A+','Cinthia Vicente','8095673292','-','-','Madre',NULL,0,'2019-02-16 15:19:14','2019-02-16 15:19:14'),(61,52,'Alejandro','Almonte','alealfonmonte14@gmail.com','Delegado de Educación Media','Masculino','Media','Santo Domingo','2003-06-14','8499168910','809-566-6678','A+','Iraida Abreu','iraida79@hotmail.com','809-816-3079','iraida79@hotmail.com','madre','El estudiante hizo un pago unico por $150.',0,'2019-02-16 15:19:26','2019-02-17 12:47:32'),(62,51,'Carlos Sebastian','Gonzalez Diaz','carlossebastiangonzalez2005@gmail.com','Delegado de Educación Media','Masculino','Media','-','2005-01-09','8492203864','-','O+','Karina Diaz','8292133725','-','-','Madre',NULL,0,'2019-02-16 15:21:50','2019-02-16 15:21:50'),(63,51,'David Andre','Issacs Pimentel','disaacsp@gmail.com','Delegado de Educación Media','Masculino','Media','-','2002-05-09','8296386333','-','A+','Giselle Pimentel','8294529303','-','-','Madre',NULL,0,'2019-02-16 15:24:46','2019-02-16 15:24:46'),(65,51,'Leonardo Andres','Gotera Pacheco','leitogp2006@gmail.com','Delegado de Educación Básica','Masculino','Básica','-','2006-12-20','8094048959','-','O+','Leonardo Gotera','8494528959','-','-','Padre',NULL,0,'2019-02-16 15:28:36','2019-02-16 15:28:36'),(66,51,'Gabriela Isabel','Perez Canto','gabrielaperez180202@gmail.com','Delegado de Educación Básica','Femenino','Básica','-','2007-02-18','8095326731','-','AB+','Carlos Perez','8093308691','-','-','Padre',NULL,0,'2019-02-16 15:37:46','2019-02-16 15:37:46'),(67,51,'Stephanie Marie','Nuñez Betances','s.nunez@lumuri.edu.do','Asesor Docente Responsable de Grupo (ADOR)','Femenino','Grado','-','1990-04-03','8099893295','-','O+','-','-','-','-','-',NULL,0,'2019-02-16 15:40:36','2019-02-16 15:40:36'),(68,51,'Omar Jose','Rodriguez Peña','omarjp2003@outlook.com','Delegado de Educación Media','Masculino','Media','-','2003-09-10','8498795569','-','O+','Any Peña','8299705505','-','-','Madre',NULL,0,'2019-02-16 15:43:18','2019-02-16 15:43:18'),(69,48,'Franchely Zuleika','Reynoso Calderón','franchelynreynoso@hotmail.com','Delegado de Educación Media','Femenino','Media','C/Mella #37 Ensanche Constitución, SC.','2001-07-14','809 602 6190','809 528 0293','A+','Leonardo Reynoso','Reynosoleonardo@Hotmail.es','809 528 2260','Reynosoleonardo@Hotmail.es','Padre',NULL,0,'2019-02-16 16:19:16','2019-02-16 16:40:55'),(72,52,'Alexa S.','Soto','lexa267thb@gmail.com','Delegado de Educación Media','Femenino','Media','Santo Domingo','2003-09-26','8098157799','849-707-0249','O+','Awilda Cruz','awildacruz28@gmail.com','849-707-0249','awildacruz28@gmail.com','madre','La estudiante realizo un pago unico como se refleja en su recibo de pago.',0,'2019-02-16 17:11:51','2019-02-17 12:48:10'),(73,52,'Karla','Betances','karla.betancestaveras@gmail.com','Delegado de Educación Media','Femenino','Media','Santo Domingo','2003-11-13','8493531311','809-908-3541','O+','Yanet Taveras','janetkamila@hotmail.com','8297542113','janetkamila@hotmail.com','madre','La estudiante realizo un pago unico como se observa en el recibo de la transacion.',0,'2019-02-16 17:30:11','2019-02-17 12:48:49'),(74,52,'Maria','Hernandez','mariah@stpatrick.edu.do','Asesor Docente Responsable de Grupo (ADOR)','Femenino','Posgrado','C/La Isabella, Res. Jhosaibel Apt.101-C','1953-01-09','8092581259','8095327816','A+','Maria Hernandez H','hmariadelac@gmail.com','8092581259','hmariadelac@gmail.com',NULL,NULL,0,'2019-02-16 17:41:46','2019-02-17 01:06:32'),(77,48,'Pauliza Cheril','Rodríguez Martínez','cherilpauliza@gmail.com','Delegado de Educación Media','Femenino','Media','Lavapies C/ 6 de noviembre #50','2002-03-24','829-571-3146','809 528 2035','A+','Liz vanessa Martínez','809 879 5688','809 528 2035','pablo488k@gmail.com','Mama',NULL,0,'2019-02-16 19:55:14','2019-02-16 20:35:57'),(79,52,'Alejandra','Vitiello','vitielloalejandra@gmail.com','Delegado de Educación Media','Femenino','Media','Santo Domingo','2003-05-10','829-556-8944','809-539-6178','AB+','Gineana Perrones','gineanapg@gmail.com','809-508-2115','gineanapg@gmail.com','madre',NULL,0,'2019-02-17 01:15:14','2019-02-17 01:36:46'),(80,52,'Awilda','Cruz','awildacruz28@gmail.com','Observador','Femenino','Grado','Santo Domingo','1975-05-28','849-707-0249','809-482-7559','O+','Juan A. Soto','8098059999','8099107799','alexm2070@hotmail.com','Esposo',NULL,0,'2019-02-17 01:29:29','2019-02-17 01:29:29'),(81,3,'Amelie','Hiraldo','cecilhiraldo@hotmail.com','Delegado de Educación Básica','Femenino','Básica','roberto pastoriza 329','2006-11-14','8098762581','8096927179','A+','cecil hiraldo','8098762581','8492077440','cecilhiraldo@hotmail.com',NULL,NULL,0,'2019-02-18 12:10:15','2019-02-18 12:10:15'),(82,50,'Eduaro Rafael','Liriano Baez','eduardo.liriano@soneinsa.com','Delegado de Educación Media','Masculino','Media','Calle Capitan Eugenio de Marchena','2004-12-11','1-849-806-5752','809-537-2959','A+','Evelyn baez','849-607-6363','809-852-6363','evelynbaezv@gmail.com','Madre','Eduardo aprovecho el 30% de descuento que se ofreció en la primera conferencia por eso el deposito esta hecho por ese total.',0,'2019-02-18 12:18:59','2019-02-18 12:18:59'),(83,3,'Nicole','Sosa','ncsf27@hotmail.com','Delegado de Educación Media','Femenino','Media','roberto pastoriza 329','2003-06-27','18297662343','8093812676','A+','kengy fernandez','cecilhiraldo@hotmail.com','8095192343','cecilhiraldo@hotmail.com',NULL,NULL,0,'2019-02-18 12:19:58','2019-02-18 12:23:09'),(84,44,'Angel Omar','Montero','monteroangelomar@gmail.com','Asesor Docente Adicional (ADA)','Masculino','Posgrado','c/ patria mirabal #95 Residendial amanda 2','1994-08-31','8295961494','8099236164','A+','Minerva Lopez','8099236164','8096411402','majacmontessori@hotmail.com','tia',NULL,0,'2019-02-18 13:15:34','2019-02-18 13:15:34'),(85,44,'Josmeilyn','Santos Gómez','josmeilyn13@hotmail.com','Asesor Docente Adicional (ADA)','Femenino','Media','vista hermosa','2002-10-17','8297921729','8095965558','O-','Raisa','8093894017','8094604897','majacmontessori@hotmail.com','Madre',NULL,0,'2019-02-18 13:20:24','2019-02-18 13:20:24'),(86,44,'Luis Junior','Castillo Jimenez','luisjuniorcastillojimenez@gmail.com','Delegado de Educación Media','Masculino','Media','calle mella esq. trinitaria','2004-01-12','8498806653','8094832229','A+','Maria cecilia','8096411402','8095497454','majacmontessori@hotmail.com','tutor',NULL,0,'2019-02-18 13:40:46','2019-02-18 13:40:46'),(87,44,'Bianny','Gonzalez Tejeda','biannygt@hotmail.com','Invitado Especial','Femenino','Posgrado','c/3w edificio #27 lucerna','1984-04-18','8297253425','8096411402','A+','maria cecilia','8096411402','8096411402','majacmontessori@hotmail.com','tutor',NULL,0,'2019-02-18 13:41:02','2019-02-18 13:41:02'),(88,45,'Cindy','Toribio','toribiocindy57@gmail.com','Delegado de Educación Media','Femenino','Media','Avenida Rep. Colombia Villa Graciela A9 302','2001-12-28','8298500786','8093315227','O+','Juana Maria Cruz','809-2583798','809-331-5227','colegio_parroquial@hotmail.com',NULL,NULL,0,'2019-02-18 13:58:10','2019-02-18 13:58:10'),(89,45,'Yuan De Jesus','Mejia','yuanmejia01@gmail.com','Delegado de Educación Media','Masculino','Media','Ciudad Real 1 Manz. 19','2002-05-01','809-506-0379','809-620-7931','A+','Rosmery Vazquez','809-756-9622','809-620-7931','colegio_parroquial@hotmail.com',NULL,NULL,0,'2019-02-18 14:02:29','2019-02-18 14:02:29'),(90,45,'Katherine Nicole','Collado Collado','kate.colladoc@gmail.com','Delegado de Educación Media','Femenino','Media','Ciudad Real 1  Manz. J-15','2001-06-25','809-949-1661','809-922-8042','B+','Reyna Altagracia','809-877-5185','809-922-8042','colegio_parroquial@hotmail.com',NULL,NULL,0,'2019-02-18 14:06:54','2019-02-18 14:06:54');
/*!40000 ALTER TABLE `participants` ENABLE KEYS */;
UNLOCK TABLES;

--
-- Table structure for table `password_resets`
--

DROP TABLE IF EXISTS `password_resets`;
/*!40101 SET @saved_cs_client     = @@character_set_client */;
/*!40101 SET character_set_client = utf8 */;
CREATE TABLE `password_resets` (
  `email` varchar(255) COLLATE utf8mb4_unicode_ci NOT NULL,
  `token` varchar(255) COLLATE utf8mb4_unicode_ci NOT NULL,
  `created_at` timestamp NULL DEFAULT NULL,
  KEY `password_resets_email_index` (`email`)
) ENGINE=InnoDB DEFAULT CHARSET=utf8mb4 COLLATE=utf8mb4_unicode_ci;
/*!40101 SET character_set_client = @saved_cs_client */;

--
-- Dumping data for table `password_resets`
--

LOCK TABLES `password_resets` WRITE;
/*!40000 ALTER TABLE `password_resets` DISABLE KEYS */;
INSERT INTO `password_resets` VALUES ('r.valdivieso@unadr.org.do','$2y$10$WYFSY6vlSOh3cHRPQPgRfO5QngmXXjkLQDZHaFgStF90Xk2xBEh8.','2018-10-10 04:10:44'),('marthajimenezmale@hotmail.com','$2y$10$cf7FIaQ7Rz69hAO0lLmid.wSf8hMT/TZTWzDc5pRbDqpadFaO2y9m','2018-10-11 00:43:46'),('paredes_belgica@hotmail.com','$2y$10$8Toc/3yJcP6cxnO/3hLaFOmBt60lVfdJLXrWSTGI/GLIZcOVslOEW','2018-10-11 00:56:36'),('osarah2927@gmail.com','$2y$10$zDXTBDRDKBJ6DZpIGH.5tu5hv1UKcoJEIRyXnH72QXayk6SJblkdC','2018-10-11 01:03:20'),('gissellrosario20@hotmail.com','$2y$10$yh1iqlXeKSaaKMZBpIeJ4OOhrO5BTARaxR1evGJs6vogExHY1L/1O','2018-10-11 01:05:21'),('lmartinez@sjs.edu.do','$2y$10$9XMq50bTdEQrMx33Jeei1u9NBox/gdA/7eiOKOIJcwAzD5tE0LwjG','2018-10-11 01:17:36'),('angela@colegiosanjuanbautista.com','$2y$10$PFE3P6CkItXoctXeiBC59e5ZwKWtIn6trFUXglUwCQ3S88HOa5L9G','2018-10-11 01:22:41'),('gjorge3rd@gmail.com','$2y$10$IOcLG54NBCa5RCn92hlGlOM5fR9nWgb9fetFH1aFZOmrnM1Uy0Ogq','2018-10-11 15:38:03'),('kenialopezcollado@hotmail.com','$2y$10$/eiDLwT6x0qtvI4jzJaPmuPmarvDuQPbAbnMswHvBEI3TdOG7jEZK','2018-10-15 16:30:40'),('rafavl160@hotmail.com','$2y$10$Nx37t5sncWSbAFIDxOYj5O7iR6uPo8FIlogdgI2KmBoKSIn1DX0qK','2018-10-16 03:55:13'),('y.vilorio@unadr.org.do','$2y$10$r8Rwx6RwSAODQeCR/M6Nm.267T0hG7V3NNbcFWmMfy/1bAu4Lj/Aq','2018-12-03 16:38:11'),('sgc@unadr.org.do','$2y$10$.lEDkoHVyB/0wB28qWj5Oe.GAUSNiipUlAMZdxjQbkt02.zl2L8du','2019-02-14 16:05:29'),('cudeni@gmail.com','$2y$10$qAxbpgg5GKMznYw.PiLhpO51gzEqt.lR9eNr5nSkWOGbcp1R0IK1m','2019-02-14 18:57:58'),('ramsespi08@gmail.com','$2y$10$wr2RCvqXyPqj05euKeC6luyVWn1rjrtlLmw6tQC7aKqbO2mJqp9Le','2019-02-15 19:14:44'),('ddeliadelrosario@gmail.com','$2y$10$x11jy0vbw0NI8uJQhb4pNOdoT9qzO1hLVvX23TO/fYzhlgqObz9nm','2019-02-15 19:15:48'),('l.leyba@mcschool.edu.do','$2y$10$Qa8Tv7rdRBIA3l18XvCiE.O1kBl2tAUDte.980qGjdcr56pgLvwry','2019-02-18 13:01:32');
/*!40000 ALTER TABLE `password_resets` ENABLE KEYS */;
UNLOCK TABLES;

--
-- Table structure for table `representations`
--

DROP TABLE IF EXISTS `representations`;
/*!40101 SET @saved_cs_client     = @@character_set_client */;
/*!40101 SET character_set_client = utf8 */;
CREATE TABLE `representations` (
  `id` int(10) unsigned NOT NULL AUTO_INCREMENT,
  `spanish_name` varchar(255) COLLATE utf8mb4_unicode_ci DEFAULT NULL,
  `english_name` varchar(255) COLLATE utf8mb4_unicode_ci DEFAULT NULL,
  `french_name` varchar(255) COLLATE utf8mb4_unicode_ci DEFAULT NULL,
  `created_at` timestamp NULL DEFAULT NULL,
  `updated_at` timestamp NULL DEFAULT NULL,
  PRIMARY KEY (`id`)
) ENGINE=InnoDB AUTO_INCREMENT=285 DEFAULT CHARSET=utf8mb4 COLLATE=utf8mb4_unicode_ci;
/*!40101 SET character_set_client = @saved_cs_client */;

--
-- Dumping data for table `representations`
--

LOCK TABLES `representations` WRITE;
/*!40000 ALTER TABLE `representations` DISABLE KEYS */;
INSERT INTO `representations` VALUES (1,'Afganistán','Afghanistan','Afghanistan','2018-10-04 21:25:05','2018-10-04 21:25:05'),(2,'Albania','Albania','Albanie','2018-10-04 21:25:05','2018-10-04 21:25:05'),(3,'Argelia','Algeria','Algérie','2018-10-04 21:25:06','2018-10-04 21:25:06'),(4,'Andorra','Andorra','Andorre','2018-10-04 21:25:06','2018-10-04 21:25:06'),(5,'Angola','Angola','Angola','2018-10-04 21:25:06','2018-10-04 21:25:06'),(6,'Antigua y Barbuda','Antigua and Barbuda','Antigua-et-Barbuda','2018-10-04 21:25:06','2018-10-04 21:25:06'),(7,'Argentina','Argentina','Argentine','2018-10-04 21:25:06','2018-10-04 21:25:06'),(8,'Armenia','Armenia','Arménie','2018-10-04 21:25:06','2018-10-04 21:25:06'),(9,'Australia','Australia','Australie','2018-10-04 21:25:06','2018-10-04 21:25:06'),(10,'Austria','Austria','Autriche','2018-10-04 21:25:06','2018-10-04 21:25:06'),(11,'Azerbaiyán','Azerbaijan','Azerbaďdjan','2018-10-04 21:25:06','2018-10-04 21:25:06'),(12,'Bahamas','Bahamas','Bahamas','2018-10-04 21:25:06','2018-10-04 21:25:06'),(13,'Bahrein','Bahrain','Bahreďn','2018-10-04 21:25:06','2018-10-04 21:25:06'),(14,'Bangladesh','Bangladesh','Bangladesh','2018-10-04 21:25:06','2018-10-04 21:25:06'),(15,'Barbados','Barbados','Barbade','2018-10-04 21:25:06','2018-10-04 21:25:06'),(16,'Belarús','Belarus','Bélarus','2018-10-04 21:25:06','2018-10-04 21:25:06'),(17,'Bélgica','Belgium','Belgique','2018-10-04 21:25:06','2018-10-04 21:25:06'),(18,'Belice','Belize','Belize','2018-10-04 21:25:06','2018-10-04 21:25:06'),(19,'Benin','Benin','Bénin','2018-10-04 21:25:06','2018-10-04 21:25:06'),(20,'Bhután','Bhutan','Bhoutan','2018-10-04 21:25:06','2018-10-04 21:25:06'),(21,'Bolivia (Estado Plurinacional de)','Bolivia (Plurinational State of)','Bolivie (État plurinational de)','2018-10-04 21:25:06','2018-10-04 21:25:06'),(22,'Bosnia y Herzegovina','Bosnia and Herzegovina','Bosnie-Herzégovine','2018-10-04 21:25:06','2018-10-04 21:25:06'),(23,'Botswana','Botswana','Botswana','2018-10-04 21:25:06','2018-10-04 21:25:06'),(24,'Brasil','Brazil','Brésil','2018-10-04 21:25:06','2018-10-04 21:25:06'),(25,'Brunei Darussalam','Brunei Darussalam','Brunei Darussalam','2018-10-04 21:25:06','2018-10-04 21:25:06'),(26,'Bulgaria','Bulgaria','Bulgarie','2018-10-04 21:25:06','2018-10-04 21:25:06'),(27,'Burkina Faso','Burkina Faso','Burkina Faso','2018-10-04 21:25:06','2018-10-04 21:25:06'),(28,'Burundi','Burundi','Burundi','2018-10-04 21:25:06','2018-10-04 21:25:06'),(29,'Cabo Verde','Cabo Verde','Cabo Verde (République de)','2018-10-04 21:25:06','2018-10-04 21:25:06'),(30,'Camboya','Cambodia','Cambodge','2018-10-04 21:25:06','2018-10-04 21:25:06'),(31,'Camerún','Cameroon','Cameroun','2018-10-04 21:25:06','2018-10-04 21:25:06'),(32,'Canadá','Canada','Canada','2018-10-04 21:25:06','2018-10-04 21:25:06'),(33,'República Centroafricana','Central African Republic','République centrafricaine','2018-10-04 21:25:06','2018-10-04 21:25:06'),(34,'Chad','Chad','Tchad','2018-10-04 21:25:06','2018-10-04 21:25:06'),(35,'Chile','Chile','Chili','2018-10-04 21:25:06','2018-10-04 21:25:06'),(36,'China','China','Chine','2018-10-04 21:25:06','2018-10-04 21:25:06'),(37,'Colombia','Colombia','Colombie','2018-10-04 21:25:06','2018-10-04 21:25:06'),(38,'Comoras','Comoros','Comores','2018-10-04 21:25:06','2018-10-04 21:25:06'),(39,'Congo','Congo','Congo','2018-10-04 21:25:06','2018-10-04 21:25:06'),(40,'Costa Rica','Costa Rica','Costa Rica','2018-10-04 21:25:06','2018-10-04 21:25:06'),(41,'Côte d\'Ivoire','Côte D\'Ivoire','Côte D\'Ivoire','2018-10-04 21:25:06','2018-10-04 21:25:06'),(42,'Croacia','Croatia','Croatie','2018-10-04 21:25:06','2018-10-04 21:25:06'),(43,'Cuba','Cuba','Cuba','2018-10-04 21:25:06','2018-10-04 21:25:06'),(44,'Chipre','Cyprus','Chypre','2018-10-04 21:25:06','2018-10-04 21:25:06'),(45,'República Checa','Czech Republic','République tchčque','2018-10-04 21:25:06','2018-10-04 21:25:06'),(46,'República Popular Democrática de Corea','Democratic People\'s Republic of Korea','République populaire démocratique de Corée','2018-10-04 21:25:06','2018-10-04 21:25:06'),(47,'República Democrática del Congo','Democratic Republic of the Congo','République démocratique du Congo','2018-10-04 21:25:06','2018-10-04 21:25:06'),(48,'Dinamarca','Denmark','Danemark','2018-10-04 21:25:06','2018-10-04 21:25:06'),(49,'Djibouti','Djibouti','Djibouti','2018-10-04 21:25:06','2018-10-04 21:25:06'),(50,'Dominica','Dominica','Dominique','2018-10-04 21:25:06','2018-10-04 21:25:06'),(51,'República Dominicana','Dominican Republic','République dominicaine','2018-10-04 21:25:06','2018-10-04 21:25:06'),(52,'Ecuador','Ecuador','Équateur','2018-10-04 21:25:06','2018-10-04 21:25:06'),(53,'Egipto','Egypt','Égypte','2018-10-04 21:25:06','2018-10-04 21:25:06'),(54,'El Salvador','El Salvador','El Salvador','2018-10-04 21:25:06','2018-10-04 21:25:06'),(55,'Guinea Ecuatorial','Equatorial Guinea','Guinée équatoriale','2018-10-04 21:25:06','2018-10-04 21:25:06'),(56,'Eritrea','Eritrea','Érythrée','2018-10-04 21:25:06','2018-10-04 21:25:06'),(57,'Estonia','Estonia','Estonie','2018-10-04 21:25:06','2018-10-04 21:25:06'),(58,'Eswatini','Eswatini','Eswatini','2018-10-04 21:25:06','2018-10-04 21:25:06'),(59,'Etiopía','Ethiopia','Éthiopie','2018-10-04 21:25:06','2018-10-04 21:25:06'),(60,'Fiji','Fiji','Fidji','2018-10-04 21:25:06','2018-10-04 21:25:06'),(61,'Finlandia','Finland','Finlande','2018-10-04 21:25:06','2018-10-04 21:25:06'),(62,'Francia','France','France','2018-10-04 21:25:06','2018-10-04 21:25:06'),(63,'Gabón','Gabon','Gabon','2018-10-04 21:25:06','2018-10-04 21:25:06'),(64,'Gambia (República de)','Gambia (Republic of The)','Gambie (République de)','2018-10-04 21:25:06','2018-10-04 21:25:06'),(65,'Georgia','Georgia','Géorgie','2018-10-04 21:25:06','2018-10-04 21:25:06'),(66,'Alemania','Germany','Allemagne','2018-10-04 21:25:06','2018-10-04 21:25:06'),(67,'Ghana','Ghana','Ghana','2018-10-04 21:25:06','2018-10-04 21:25:06'),(68,'Grecia','Greece','Grčce','2018-10-04 21:25:06','2018-10-04 21:25:06'),(69,'Granada','Grenada','Grenade','2018-10-04 21:25:06','2018-10-04 21:25:06'),(70,'Guatemala','Guatemala','Guatemala','2018-10-04 21:25:06','2018-10-04 21:25:06'),(71,'Guinea','Guinea','Guinée','2018-10-04 21:25:06','2018-10-04 21:25:06'),(72,'Guinea Bissau','Guinea Bissau','Guinée Bissau','2018-10-04 21:25:06','2018-10-04 21:25:06'),(73,'Guyana','Guyana','Guyana','2018-10-04 21:25:06','2018-10-04 21:25:06'),(74,'Haití','Haiti','Haďti','2018-10-04 21:25:06','2018-10-04 21:25:06'),(75,'Honduras','Honduras','Honduras','2018-10-04 21:25:06','2018-10-04 21:25:06'),(76,'Hungría','Hungary','Hongrie','2018-10-04 21:25:06','2018-10-04 21:25:06'),(77,'Islandia','Iceland','Islande','2018-10-04 21:25:06','2018-10-04 21:25:06'),(78,'India','India','Inde','2018-10-04 21:25:06','2018-10-04 21:25:06'),(79,'Indonesia','Indonesia','Indonésie','2018-10-04 21:25:06','2018-10-15 07:38:42'),(80,'Irán (República Islámica del)','Iran (Islamic Republic of)','Iran (République islamique d\')','2018-10-04 21:25:06','2018-10-04 21:25:06'),(81,'Iraq','Iraq','Iraq','2018-10-04 21:25:06','2018-10-04 21:25:06'),(82,'Irlanda','Ireland','Irlande','2018-10-04 21:25:06','2018-10-04 21:25:06'),(83,'Israel','Israel','Israël','2018-10-04 21:25:06','2018-10-04 21:25:06'),(84,'Italia','Italy','Italie','2018-10-04 21:25:06','2018-10-04 21:25:06'),(85,'Jamaica','Jamaica','Jamaďque','2018-10-04 21:25:06','2018-10-04 21:25:06'),(86,'Japón','Japan','Japon','2018-10-04 21:25:06','2018-10-04 21:25:06'),(87,'Jordania','Jordan','Jordanie','2018-10-04 21:25:06','2018-10-04 21:25:06'),(88,'Kazajstán','Kazakhstan','Kazakhstan','2018-10-04 21:25:06','2018-10-04 21:25:06'),(89,'Kenya','Kenya','Kenya','2018-10-04 21:25:06','2018-10-04 21:25:06'),(90,'Kiribati','Kiribati','Kiribati','2018-10-04 21:25:06','2018-10-04 21:25:06'),(91,'Kuwait','Kuwait','Koweďt','2018-10-04 21:25:06','2018-10-04 21:25:06'),(92,'Kirguistán','Kyrgyzstan','Kirghizistan','2018-10-04 21:25:06','2018-10-04 21:25:06'),(93,'República Democrática Popular Lao','Lao People’s Democratic Republic','République démocratique populaire lao','2018-10-04 21:25:06','2018-10-04 21:25:06'),(94,'Letonia','Latvia','Lettonie','2018-10-04 21:25:06','2018-10-04 21:25:06'),(95,'Líbano','Lebanon','Liban','2018-10-04 21:25:06','2018-10-04 21:25:06'),(96,'Lesotho','Lesotho','Lesotho','2018-10-04 21:25:06','2018-10-04 21:25:06'),(97,'Liberia','Liberia','Libéria','2018-10-04 21:25:06','2018-10-04 21:25:06'),(98,'Libia','Libya','Libye*','2018-10-04 21:25:06','2018-10-15 07:38:50'),(99,'Liechtenstein','Liechtenstein','Liechtenstein','2018-10-04 21:25:06','2018-10-04 21:25:06'),(100,'Lituania','Lithuania','Lituanie','2018-10-04 21:25:06','2018-10-04 21:25:06'),(101,'Luxemburgo','Luxembourg','Luxembourg','2018-10-04 21:25:06','2018-10-04 21:25:06'),(102,'Madagascar','Madagascar','Madagascar','2018-10-04 21:25:06','2018-10-04 21:25:06'),(103,'Malawi','Malawi','Malawi','2018-10-04 21:25:06','2018-10-04 21:25:06'),(104,'Malasia','Malaysia','Malaisie','2018-10-04 21:25:06','2018-10-04 21:25:06'),(105,'Maldivas','Maldives','Maldives','2018-10-04 21:25:06','2018-10-04 21:25:06'),(106,'Malí','Mali','Mali','2018-10-04 21:25:06','2018-10-04 21:25:06'),(107,'Malta','Malta','Malte','2018-10-04 21:25:06','2018-10-04 21:25:06'),(108,'Islas Marshall','Marshall Islands','Îles Marshall','2018-10-04 21:25:06','2018-10-04 21:25:06'),(109,'Mauritania','Mauritania','Mauritanie','2018-10-04 21:25:06','2018-10-04 21:25:06'),(110,'Mauricio','Mauritius','Maurice','2018-10-04 21:25:06','2018-10-04 21:25:06'),(111,'México','Mexico','Mexique','2018-10-04 21:25:06','2018-10-04 21:25:06'),(112,'Micronesia (Estados Federados de)','Micronesia (Federated States of)','Micronésie (États fédérés de)','2018-10-04 21:25:06','2018-10-04 21:25:06'),(113,'Mónaco','Monaco','Monaco','2018-10-04 21:25:06','2018-10-04 21:25:06'),(114,'Mongolia','Mongolia','Mongolie','2018-10-04 21:25:06','2018-10-04 21:25:06'),(115,'Montenegro','Montenegro','Monténégro','2018-10-04 21:25:06','2018-10-04 21:25:06'),(116,'Marruecos','Morocco','Maroc','2018-10-04 21:25:06','2018-10-04 21:25:06'),(117,'Mozambique','Mozambique','Mozambique','2018-10-04 21:25:06','2018-10-04 21:25:06'),(118,'Myanmar','Myanmar','Myanmar','2018-10-04 21:25:06','2018-10-04 21:25:06'),(119,'Namibia','Namibia','Namibie','2018-10-04 21:25:06','2018-10-04 21:25:06'),(120,'Nauru','Nauru','Nauru','2018-10-04 21:25:06','2018-10-04 21:25:06'),(121,'Nepal','Nepal','Népal','2018-10-04 21:25:06','2018-10-04 21:25:06'),(122,'Países Bajos','Netherlands','Pays-Bas','2018-10-04 21:25:06','2018-10-04 21:25:06'),(123,'Nueva Zelandia','New Zealand','Nouvelle-Zélande','2018-10-04 21:25:06','2018-10-04 21:25:06'),(124,'Nicaragua','Nicaragua','Nicaragua','2018-10-04 21:25:06','2018-10-04 21:25:06'),(125,'Niger','Niger','Niger','2018-10-04 21:25:06','2018-10-04 21:25:06'),(126,'Nigeria','Nigeria','Nigéria','2018-10-04 21:25:06','2018-10-04 21:25:06'),(127,'Noruega','Norway','Norvčge','2018-10-04 21:25:06','2018-10-04 21:25:06'),(128,'Omán','Oman','Oman','2018-10-04 21:25:06','2018-10-04 21:25:06'),(129,'Pakistán','Pakistan','Pakistan','2018-10-04 21:25:06','2018-10-04 21:25:06'),(130,'Palau','Palau','Palaos','2018-10-04 21:25:06','2018-10-04 21:25:06'),(131,'Panamá','Panama','Panama','2018-10-04 21:25:06','2018-10-04 21:25:06'),(132,'Papua Nueva Guinea','Papua New Guinea','Papouasie-Nouvelle-Guinée','2018-10-04 21:25:06','2018-10-04 21:25:06'),(133,'Paraguay','Paraguay','Paraguay','2018-10-04 21:25:06','2018-10-04 21:25:06'),(134,'Perú','Peru','Pérou','2018-10-04 21:25:06','2018-10-04 21:25:06'),(135,'Filipinas','Philippines','Philippines','2018-10-04 21:25:06','2018-10-04 21:25:06'),(136,'Polonia','Poland','Pologne','2018-10-04 21:25:06','2018-10-04 21:25:06'),(137,'Portugal','Portugal','Portugal','2018-10-04 21:25:06','2018-10-04 21:25:06'),(138,'Qatar','Qatar','Qatar','2018-10-04 21:25:06','2018-10-04 21:25:06'),(139,'República de Corea','Republic of Korea','République de Corée','2018-10-04 21:25:06','2018-10-04 21:25:06'),(140,'República de Moldova','Republic of Moldova','République de Moldova','2018-10-04 21:25:06','2018-10-04 21:25:06'),(141,'Rumania','Romania','Roumanie','2018-10-04 21:25:06','2018-10-04 21:25:06'),(142,'Federación de Rusia','Russian Federation','Fédération de Russie','2018-10-04 21:25:06','2018-10-04 21:25:06'),(143,'Rwanda','Rwanda','Rwanda','2018-10-04 21:25:06','2018-10-04 21:25:06'),(144,'Saint Kitts y Nevis','Saint Kitts and Nevis','Saint-Kitts-et-Nevis','2018-10-04 21:25:06','2018-10-04 21:25:06'),(145,'Santa Lucía','Saint Lucia','Sainte-Lucie','2018-10-04 21:25:06','2018-10-04 21:25:06'),(146,'San Vicente y las Granadinas','Saint Vincent and the Grenadines','Saint-Vincent-et- les Grenadines','2018-10-04 21:25:06','2018-10-04 21:25:06'),(147,'Samoa','Samoa','Samoa','2018-10-04 21:25:06','2018-10-04 21:25:06'),(148,'San Marino','San Marino','Saint-Marin','2018-10-04 21:25:06','2018-10-04 21:25:06'),(149,'Santo Tomé y Príncipe','Sao Tome and Principe','Sao Tomé-et-Principe','2018-10-04 21:25:06','2018-10-04 21:25:06'),(150,'Arabia Saudita','Saudi Arabia','Arabie saoudite','2018-10-04 21:25:06','2018-10-04 21:25:06'),(151,'Senegal','Senegal','Sénégal','2018-10-04 21:25:06','2018-10-04 21:25:06'),(152,'Serbia','Serbia','Serbie','2018-10-04 21:25:06','2018-10-04 21:25:06'),(153,'Seychelles','Seychelles','Seychelles','2018-10-04 21:25:06','2018-10-04 21:25:06'),(154,'Sierra Leona','Sierra Leone','Sierra Leone','2018-10-04 21:25:06','2018-10-04 21:25:06'),(155,'Singapur','Singapore','Singapour','2018-10-04 21:25:06','2018-10-04 21:25:06'),(156,'Eslovaquia','Slovakia','Slovaquie','2018-10-04 21:25:06','2018-10-04 21:25:06'),(157,'Eslovenia','Slovenia','Slovénie','2018-10-04 21:25:06','2018-10-04 21:25:06'),(158,'Islas Salomón','Solomon Islands','Îles Salomon','2018-10-04 21:25:06','2018-10-04 21:25:06'),(159,'Somalia','Somalia','Somalie','2018-10-04 21:25:06','2018-10-04 21:25:06'),(160,'Sudáfrica','South Africa','Afrique du Sud','2018-10-04 21:25:06','2018-10-04 21:25:06'),(161,'Sudán del Sur','South Sudan','Soudan du Sud','2018-10-04 21:25:06','2018-10-04 21:25:06'),(162,'España','Spain','Espagne','2018-10-04 21:25:06','2018-10-17 15:26:16'),(163,'Sri Lanka','Sri Lanka','Sri Lanka','2018-10-04 21:25:06','2018-10-04 21:25:06'),(164,'Sudán','Sudan','Soudan','2018-10-04 21:25:06','2018-10-04 21:25:06'),(165,'Suriname','Suriname','Suriname','2018-10-04 21:25:06','2018-10-04 21:25:06'),(166,'Suecia','Sweden','Sučde','2018-10-04 21:25:06','2018-10-04 21:25:06'),(167,'Suiza','Switzerland','Suisse','2018-10-04 21:25:06','2018-10-04 21:25:06'),(168,'República Árabe Siria','Syrian Arab Republic','République arabe syrienne','2018-10-04 21:25:06','2018-10-04 21:25:06'),(169,'Tayikistán','Tajikistan','Tadjikistan','2018-10-04 21:25:06','2018-10-04 21:25:06'),(170,'Tailandia','Thailand','Thaďlande','2018-10-04 21:25:06','2018-10-04 21:25:06'),(171,'ex República Yugoslava de Macedonia','The former Yugoslav Republic of Macedonia','Ex-République yougoslave de Macédoine','2018-10-04 21:25:06','2018-10-15 07:38:28'),(172,'Timor-Leste','Timor-Leste','Timor-Leste','2018-10-04 21:25:06','2018-10-04 21:25:06'),(173,'Togo','Togo','Togo','2018-10-04 21:25:06','2018-10-04 21:25:06'),(174,'Tonga','Tonga','Tonga','2018-10-04 21:25:06','2018-10-04 21:25:06'),(175,'Trinidad y Tobago','Trinidad and Tobago','Trinité-et-Tobago','2018-10-04 21:25:06','2018-10-06 02:50:22'),(176,'Túnez','Tunisia','Tunisie','2018-10-04 21:25:06','2018-10-04 21:25:06'),(177,'Turquía','Turkey','Turquie','2018-10-04 21:25:06','2018-10-04 21:25:06'),(178,'Turkmenistán','Turkmenistan','Turkménistan','2018-10-04 21:25:06','2018-10-04 21:25:06'),(179,'Tuvalu','Tuvalu','Tuvalu','2018-10-04 21:25:06','2018-10-04 21:25:06'),(180,'Uganda','Uganda','Ouganda','2018-10-04 21:25:06','2018-10-04 21:25:06'),(181,'Ucrania','Ukraine','Ukraine','2018-10-04 21:25:06','2018-10-04 21:25:06'),(182,'Emiratos Árabes Unidos','United Arab Emirates','Émirats arabes unis','2018-10-04 21:25:06','2018-10-04 21:25:06'),(183,'Reino Unido de Gran Bretaña e Irlanda del Norte','United Kingdom of Great Britain and Northern Ireland','Royaume-Uni de Grande-Bretagne et d\'Irlande du Nord','2018-10-04 21:25:06','2018-10-18 15:48:05'),(184,'República Unida de Tanzanía','United Republic of Tanzania','République-Unie de Tanzanie','2018-10-04 21:25:06','2018-10-04 21:25:06'),(185,'Estados Unidos de América','United States of America','États-Unis d\'Amérique','2018-10-04 21:25:06','2018-10-04 21:25:06'),(186,'Uruguay','Uruguay','Uruguay','2018-10-04 21:25:06','2018-10-04 21:25:06'),(187,'Uzbekistán','Uzbekistan','Ouzbékistan','2018-10-04 21:25:06','2018-10-04 21:25:06'),(188,'Vanuatu','Vanuatu','Vanuatu','2018-10-04 21:25:06','2018-10-04 21:25:06'),(189,'Venezuela (República Bolivariana de)','Venezuela, Bolivarian Republic of','Venezuela (République bolivarienne du)','2018-10-04 21:25:06','2018-10-04 21:25:06'),(190,'Viet Nam','Viet Nam','Viet Nam','2018-10-04 21:25:06','2018-10-04 21:25:06'),(191,'Yemen','Yemen','Yémen','2018-10-04 21:25:06','2018-10-04 21:25:06'),(192,'Zambia','Zambia','Zambie','2018-10-04 21:25:06','2018-10-04 21:25:06'),(193,'Zimbabwe','Zimbabwe','Zimbabwe','2018-10-04 21:25:06','2018-10-04 21:25:06'),(194,'Presidente','President',NULL,'2018-10-04 21:25:06','2018-10-06 13:42:15'),(195,'VIcepresidente','Vice-President',NULL,'2018-10-04 21:25:06','2018-10-06 14:00:22'),(196,'Relator','Rapporteur',NULL,'2018-10-04 21:25:06','2018-10-06 13:44:02'),(197,'Presidenta','President',NULL,'2018-10-04 21:25:06','2018-10-06 13:42:55'),(198,'Vicepresidenta','Vice-President',NULL,'2018-10-04 21:25:06','2018-10-06 13:43:35'),(199,'Relatora','Rapporteur',NULL,'2018-10-04 21:25:06','2018-10-06 13:44:14'),(200,'Coordinador General','Coordinador General',NULL,'2018-10-04 21:25:06','2018-10-05 20:32:50'),(201,'Coordinadora Administrativa','Coordinadora Administrativa',NULL,'2018-10-04 21:25:06','2018-10-05 20:32:56'),(202,'Secretario General','Secretario General',NULL,'2018-10-04 21:25:06','2018-10-05 20:33:03'),(203,'Vicesecretaria General','Vicesecretaria General',NULL,'2018-10-04 21:25:06','2018-10-05 20:33:09'),(204,'Encargada de Actividades para Asesores Docentes Responsables de Grupo','Encargada de Actividades para Asesores Docentes Responsables de Grupo',NULL,'2018-10-04 21:25:06','2018-10-05 20:33:17'),(205,'Oficial de Actividades para Asesores Docentes Responsables de Grupo','Oficial de Actividades para Asesores Docentes Responsables de Grupo',NULL,'2018-10-04 21:25:06','2018-10-05 20:33:23'),(206,'Encargado de EXPOCILA 2018','Encargado de EXPOCILA 2018',NULL,'2018-10-04 21:25:06','2018-10-05 20:33:29'),(207,'Asesora de Protocolo para Inauguración y Clausura','Asesora de Protocolo para Inauguración y Clausura',NULL,'2018-10-04 21:25:06','2018-10-05 20:33:35'),(208,'Secretario General Adjunto de Servicios de Conferencia','Secretario General Adjunto de Servicios de Conferencia',NULL,'2018-10-04 21:25:06','2018-10-12 01:35:24'),(209,'Encargado de Servicios de Reuniones de Trabajo en Comités','Encargado de Servicios de Reuniones de Trabajo en Comités',NULL,'2018-10-04 21:25:06','2018-10-05 20:33:46'),(210,'Oficial de Servicios de Conferencia','Oficial de Servicios de Conferencia',NULL,'2018-10-04 21:25:06','2018-10-12 01:35:45'),(211,'Oficial de Servicios de Gestión de Conferencia','Oficial de Servicios de Gestión de Conferencia',NULL,'2018-10-04 21:25:06','2018-10-05 20:34:20'),(212,'Oficial de Servicios de Gestión de Conferencias - Encargado de Tecnología','Oficial de Servicios de Gestión de Conferencias - Encargado de Tecnología',NULL,'2018-10-04 21:25:06','2018-10-05 20:34:25'),(213,'Secretaria General Adjunta de Protocolo y Enlace con Expertos','Secretaria General Adjunta de Protocolo y Enlace con Expertos',NULL,'2018-10-04 21:25:06','2018-10-05 20:34:30'),(214,'Oficial de Protocolo y Enlace con Expertos','Oficial de Protocolo y Enlace con Expertos',NULL,'2018-10-04 21:25:06','2018-10-05 20:34:35'),(215,'Presidente (Sesión de Emergencia)','Presidente (Sesión de Emergencia)',NULL,'2018-10-04 21:25:06','2018-10-05 20:34:42'),(216,'Asesor (Sesión de Emergencia)','Asesor (Sesión de Emergencia)',NULL,'2018-10-04 21:25:06','2018-10-05 20:34:47'),(217,'Oficial de Sesión de Emergencia','Oficial de Sesión de Emergencia',NULL,'2018-10-04 21:25:06','2018-10-05 20:34:55'),(218,'Encargada de Encuentro Cultural y Concierto Global','Encargada de Encuentro Cultural y Concierto Global',NULL,'2018-10-04 21:25:06','2018-10-05 20:35:06'),(219,'Oficial Encuentro Cultural y Concierto Global','Oficial Encuentro Cultural y Concierto Global',NULL,'2018-10-04 21:25:06','2018-10-05 20:36:00'),(220,'Encargada de Calidad Académica','Encargada de Calidad Académica',NULL,'2018-10-04 21:25:06','2018-10-05 20:36:06'),(221,'Oficial de Calidad Académica','Oficial de Calidad Académica',NULL,'2018-10-04 21:25:06','2018-10-05 20:36:12'),(222,'Director','Director',NULL,'2018-10-04 21:25:06','2018-10-05 20:36:34'),(223,'Subdirector','Subdirector',NULL,'2018-10-04 21:25:06','2018-10-05 20:36:39'),(224,'Encargado de la División de Noticias y Medios de Información','Encargado de la División de Noticias y Medios de Información',NULL,'2018-10-04 21:25:06','2018-10-05 20:36:48'),(225,'Jueza Presidenta','Jueza Presidenta',NULL,'2018-10-04 21:25:06','2018-10-05 20:36:54'),(226,'Juez Vicepresidente','Juez Vicepresidente',NULL,'2018-10-04 21:25:06','2018-10-05 20:37:02'),(227,'Audiovisuales','Audiovisuales',NULL,'2018-10-04 21:25:06','2018-10-05 20:37:07'),(228,'Invitado Especial','Invitado Especial',NULL,'2018-10-04 21:25:06','2018-10-05 20:37:32'),(229,'Invitada Especial','Invitada Especial',NULL,'2018-10-04 21:25:06','2018-10-05 20:37:41'),(230,'Director Ejecutivo ANU-RD','Director Ejecutivo ANU-RD',NULL,'2018-10-04 21:25:06','2018-10-05 20:37:48'),(231,'Director Ejecutivo FUNGLODE','Director Ejecutivo FUNGLODE',NULL,'2018-10-04 21:25:06','2018-10-05 20:37:54'),(232,'Directora General Globalmuners A.C.','Directora General Globalmuners A. C.',NULL,'2018-10-04 21:25:06','2018-10-05 20:38:08'),(233,'London News','London News',NULL,'2018-10-04 21:25:06','2018-10-05 20:38:15'),(234,'Red Stars News','Red Stars News',NULL,'2018-10-04 21:25:06','2018-10-05 20:38:21'),(235,'Roma Notizie','Roma Notizie',NULL,'2018-10-04 21:25:06','2018-10-05 20:38:29'),(236,'Noticiero Dominicano','Noticiero Dominicano',NULL,'2018-10-04 21:25:06','2018-10-05 20:38:33'),(237,'El Ateneo','El Ateneo',NULL,'2018-10-04 21:25:06','2018-10-05 20:38:37'),(238,'Nippon Daily','Nippon Daily',NULL,'2018-10-04 21:25:06','2018-10-05 20:38:42'),(239,'Press de Gaulle','Press de Gaulle',NULL,'2018-10-04 21:25:06','2018-10-05 20:38:46'),(240,'Noticias Patagonia','Noticias Patagonia',NULL,'2018-10-04 21:25:06','2018-10-05 20:40:15'),(241,'Sabah International','Sabah International',NULL,'2018-10-04 21:25:06','2018-10-05 20:40:21'),(242,'Swahili News','Swahili News',NULL,'2018-10-04 21:25:06','2018-10-05 20:40:26'),(243,'Empire News','Empire News',NULL,'2018-10-04 21:25:06','2018-10-05 20:40:31'),(244,'Emirates Post','Emirates Post',NULL,'2018-10-04 21:25:06','2018-10-05 20:40:36'),(245,'US Daily News','US Daily News',NULL,'2018-10-04 21:25:06','2018-10-05 20:40:41'),(246,'Agora Río','Agora Río',NULL,'2018-10-04 21:25:06','2018-10-05 20:40:45'),(247,'Cadena Informativa Española','Cadena Informativa Española',NULL,'2018-10-04 21:25:06','2018-10-05 20:40:50'),(248,'Sydney Today','Sydney Today',NULL,'2018-10-04 21:25:06','2018-10-05 20:40:54'),(249,'India News Network','India News Network',NULL,'2018-10-04 21:25:06','2018-10-05 20:41:00'),(250,'China´s People Network','China´s People Network',NULL,'2018-10-04 21:25:06','2018-10-05 20:41:04'),(251,'El Bolivariano','El Bolivariano',NULL,'2018-10-04 21:25:06','2018-10-05 20:41:08'),(252,'Die Journal','Die Journal',NULL,'2018-10-04 21:25:06','2018-10-05 20:41:13'),(253,'Presidente FUNGLODE y ANU-RD','Presidente FUNGLODE y ANU-RD',NULL,'2018-10-04 21:25:06','2018-10-05 20:41:19'),(254,'Representante - Metro Tours','Representante - Metro Tours',NULL,'2018-10-04 21:25:06','2018-10-05 20:41:27'),(255,'Prensa','Prensa',NULL,'2018-10-04 21:25:06','2018-10-05 20:41:35'),(256,'Encargada de Apoyo y Gestión de Voluntarios','Encargada de Apoyo y Gestión de Voluntarios',NULL,'2018-10-04 21:25:06','2018-10-05 20:32:27'),(257,'Tecnología','Tecnología',NULL,'2018-10-04 21:25:06','2018-10-05 20:32:42'),(258,'S.E. (Santa Teresa)',NULL,NULL,'2018-10-05 14:01:50','2018-10-05 14:01:50'),(259,'Asesor Docente Responsable de Grupo (ADOR)','Asesor Docente Responsable de Grupo (ADOR)',NULL,'2018-10-05 14:24:25','2018-10-05 14:25:29'),(260,'Observador',NULL,NULL,'2018-10-05 20:32:19','2018-10-05 20:32:19'),(261,'S.E. Sayas','-',NULL,'2018-10-06 02:45:36','2018-10-22 21:29:46'),(262,'S.E. Gómez','-',NULL,'2018-10-06 02:50:43','2018-10-19 14:01:38'),(263,'S.E. (Babeque)',NULL,NULL,'2018-10-06 02:58:11','2018-10-06 02:58:11'),(264,'S.E. Antolínez','-',NULL,'2018-10-06 03:08:30','2018-10-21 09:06:33'),(265,'S.E. Ortega','-',NULL,'2018-10-06 03:12:45','2018-10-16 23:24:54'),(266,'S.E. Marmolejo','-',NULL,'2018-10-06 03:21:53','2018-10-21 09:06:49'),(267,'S.E. Pérez','-',NULL,'2018-10-06 03:27:33','2018-10-16 17:41:06'),(268,'S.E. Solano','-',NULL,'2018-10-06 03:33:20','2018-10-18 13:56:56'),(269,'S.E. Julián','-',NULL,'2018-10-06 03:50:00','2018-10-18 00:45:55'),(270,'S.E. Lazo','-',NULL,'2018-10-06 03:52:24','2018-10-21 21:30:31'),(271,'S.E. Rodríguez','-',NULL,'2018-10-06 04:05:45','2018-10-19 15:38:43'),(273,'Staff Globalmuners A.C.',NULL,NULL,'2018-10-16 03:47:30','2018-10-16 03:47:30'),(274,'Oficial de Protocolo y Servicios de Conferencia',NULL,NULL,'2018-10-16 03:48:36','2018-10-16 03:48:36'),(275,'Globalmuners A. C.',NULL,NULL,'2018-10-20 02:49:58','2018-10-20 02:49:58'),(276,'Coordinadora de voluntarios Globalmuners A. C.',NULL,NULL,'2018-10-20 03:13:33','2018-10-20 03:13:33'),(277,'Asistente Ejecutivo','Executive Assistant',NULL,'2018-10-20 23:52:10','2018-10-20 23:52:10'),(278,'Encargada de Comunicaciones','-','-','2018-10-21 09:07:10','2018-10-21 09:07:10'),(279,'S.E. Pérez','-','-','2018-10-21 19:56:34','2018-10-21 19:56:34'),(280,'S.E. Peña','-','-','2018-10-21 19:57:39','2018-10-21 19:57:39'),(281,'S.E. Peña','-','-','2018-10-21 20:02:04','2018-10-21 20:02:04'),(282,'Presidente del Comité de Crisis',NULL,NULL,'2018-10-22 15:58:32','2018-10-22 15:58:32'),(283,'Audiovisuales','-','-','2018-10-23 22:28:54','2018-10-23 22:28:54'),(284,'Secretaria General Especial',NULL,NULL,'2018-10-23 23:04:37','2018-10-23 23:04:37');
/*!40000 ALTER TABLE `representations` ENABLE KEYS */;
UNLOCK TABLES;

--
-- Table structure for table `users`
--

DROP TABLE IF EXISTS `users`;
/*!40101 SET @saved_cs_client     = @@character_set_client */;
/*!40101 SET character_set_client = utf8 */;
CREATE TABLE `users` (
  `id` int(10) unsigned NOT NULL AUTO_INCREMENT,
  `name` varchar(255) COLLATE utf8mb4_unicode_ci NOT NULL,
  `lastname` varchar(255) COLLATE utf8mb4_unicode_ci DEFAULT NULL,
  `role` int(11) NOT NULL,
  `institution_id` int(10) unsigned DEFAULT NULL,
  `email` varchar(255) COLLATE utf8mb4_unicode_ci NOT NULL,
  `email_verified_at` timestamp NULL DEFAULT NULL,
  `password` varchar(255) COLLATE utf8mb4_unicode_ci NOT NULL,
  `phone` varchar(255) COLLATE utf8mb4_unicode_ci NOT NULL,
  `remember_token` varchar(100) COLLATE utf8mb4_unicode_ci DEFAULT NULL,
  `created_at` timestamp NULL DEFAULT NULL,
  `updated_at` timestamp NULL DEFAULT NULL,
  PRIMARY KEY (`id`),
  UNIQUE KEY `users_email_unique` (`email`),
  KEY `users_institution_id_foreign` (`institution_id`),
  CONSTRAINT `users_institution_id_foreign` FOREIGN KEY (`institution_id`) REFERENCES `institutions` (`id`) ON DELETE CASCADE
) ENGINE=InnoDB AUTO_INCREMENT=96 DEFAULT CHARSET=utf8mb4 COLLATE=utf8mb4_unicode_ci;
/*!40101 SET character_set_client = @saved_cs_client */;

--
-- Dumping data for table `users`
--

LOCK TABLES `users` WRITE;
/*!40000 ALTER TABLE `users` DISABLE KEYS */;
INSERT INTO `users` VALUES (1,'SGC','ANU-RD',1,1,'admin@admin.com','2005-08-23 11:57:10','$2y$10$TKh8H1.PfQx37YgCzwiKb.KjNyWgaHb9cbcoQgdIVFlYg7B77UdFm','558.796.6155 x18638','3oR04A7eIEH5hyAPSSMjZXmpI40N70dcCWJosQl18hfVuEBS18m66bFuEhxY','2018-10-05 03:33:34','2018-10-06 03:17:39'),(14,'Servicio de Gestión de Conferencias (SCG)','Rafael Valdivieso',1,25,'r.valdivieso@unadr.org.do',NULL,'$2y$10$mpkVEOtq9PDLtCr30S6od.jcSwepMRzqrSahMzXORdtZjym2RpLAS','8296375626',NULL,'2018-10-10 04:10:44','2018-10-10 04:10:44'),(66,'Yinette','Vilorio',1,25,'y.vilorio@unadr.org.do',NULL,'$2y$10$/fGFM.z8lPRQRJlez21SjeG6KDu6w0U2irLL3Rp2rdGk5GsjkBEQ2','-',NULL,'2018-12-03 16:38:11','2018-12-03 16:38:11'),(67,'Yinette','Vilorio',1,25,'yvilorio.anurd@gmail.com',NULL,'$2y$10$/C5Z3abogz3My/r3nz8Fj.RcWcPB6OjIiezvps6JfAhLZvi.1jnle','-','6RBEwl8aZBDq2misdjsM4fBswSNh8micPZUJzkKwRzFNrWsnOmVrfjE1OjT3','2018-12-03 16:39:04','2018-12-03 16:39:31'),(71,'Colegio San Gabriel de la Dolorosa','Ramona González',2,14,'ramona_go@outlook.com',NULL,'$2y$10$jkK..qAOuc6X4trmJo2Z5.2uG9C6jU7ummER8fa7yOM3e5FIYmgNC','-','b8igUzYyfMrP02iovFJsTxNrBjbvbU7BzXuwhaUhI0V5aeMgkkqCnkPIU4Hu','2019-02-14 16:09:03','2019-02-14 17:11:34'),(72,'Colegio Santa Teresita','Bélgica Paredes',2,6,'paredes_belgica@hotmail.com',NULL,'$2y$10$qxK4TgYFNRQwMvlsdOMaE.ZCSAgl.qnddtTlY3rpRf/bul2kwhc3O','-','9PLIQmF5uuETlyHkCHUt5XMpoj23ebY1o63yLByM5MEHoQhyRhFiD64M3fHg','2019-02-14 17:14:45','2019-02-14 17:16:22'),(73,'Colegio Majac Montessori','María Cecilia',2,44,'majacmontessori@hotmail.com',NULL,'$2y$10$aMBh07XZKwr1p2WYOSI4FusbjTfwIQcyfBzPyDn5ZEjLq7D4bFvtq','-','fU1D8elcgfldEf4QBb3tsQt7IzPNjtiIch3dC0oGhlpyugrfpgIZgJA8YSrx','2019-02-14 17:20:52','2019-02-14 17:21:59'),(74,'Secundaria Babeque','Cecil Hiraldo',2,3,'cecilhiraldo@hotmail.com',NULL,'$2y$10$AFKS3pV7qjPxnIwhlngN4OFp0yo6CHToWOyEqyWYPQl4EtK12cixe','-','d3sPYOhkrYbgovW76YYxOFj7zbhAAoZmSfrYKs0xUmAthq4AI2SSR1ro4IK3','2019-02-14 17:34:29','2019-02-14 17:37:20'),(75,'Saint George School','Fireley Uribe',2,20,'furibe@saintgeorge.do',NULL,'$2y$10$EDz06UAtMCiLsXQbSsKYq.JUS3WXJNVKFdXNRuMwp4IMcKea6SwoO','-','sKVtF3rB2SUNbk5sD1Rqoq9bblyVXbVZd7IlcDTXVgZ5Tp4mUxPND1s2nBoW','2019-02-14 17:39:49','2019-02-14 17:41:03'),(76,'MC School','Cynthia Abreu',2,7,'c.abreu@mcschool.edu.do',NULL,'$2y$10$rheQKKl4sQDE7/fhRQhDOeFX2bIt0N7GI9.TAbVNynkRK5YfbQ8dS','-','IzNL7BLwImkvkwd0wGC1OOGFZa0PDWcEbKhvrB9p8BooFKNJ2YyNs22ZrAQ9','2019-02-14 17:43:06','2019-02-14 17:57:24'),(77,'Saint Thomas School','Tania Borges',2,19,'borgesmartinez@hotmail.com',NULL,'$2y$10$TK/xl29JZ4C2hJDE1xnE0uVHULYI43aokX2tp7FZSI03UWQiSrLuy','-','zRIeUr2bR2rFU98xXPCjRwYvXmKCaEKikBs6KrXaI7gba2Is6RUcDpU1aaAh','2019-02-14 18:08:53','2019-02-14 18:13:07'),(78,'Mi Colegio','Lender Leyba',2,8,'l.leyba@mcschool.edu.do',NULL,'$2y$10$0RUJ8ibDq7ZYavu.1QcUtO18MaZnxkZHv3jXGGvLX.AhhD8XvKdMa','-','nNTRTIt2pWMODGpvJOxEk2gXxfizbhvv6SrnzOoUyHFnmc90uKnuAX8IppMv','2019-02-14 18:15:56','2019-02-14 18:18:13'),(79,'Colegio San Juan Bautista','María de los Ángeles',2,24,'Angela@colegiosanjuanbautista.com',NULL,'$2y$10$G6dpqM5kfI4AqKk1Z9z7xeb.ncmiYSCBRCvusdfkH6iMSkKmEP52m','-','TUybWbeNFgGGLoMCB3EDh9kAl2PjouUHNrRhTgcVjfcygAj8csuxS7rRC6Qv','2019-02-14 18:21:17','2019-02-14 18:23:41'),(80,'Colegio Nuestra Señora de Lourdes','Milta Carmona',2,45,'colegio_parroquial@hotmail.com',NULL,'$2y$10$y9h3c7N7EMdxk/oaCTNEW.sZAZEEfr8vDEDtrqk3sFjzjIZnVD.UW','-','AQjYXZZUe3WQUl3CmueJU8LQOANuCyt14VHbEk3DL2eWFvV0tXIzzecUrj9M','2019-02-14 18:55:39','2019-02-18 13:50:59'),(82,'CUDENI Comunidad Educativa','Rolando Gross',2,46,'cudeni@gmail.com',NULL,'$2y$10$XTo3vKSwis8ZVlJ.1DHhz.piu5O2F8.ffKquOcCvIq7C1usirmZAG','-','kNIBsWoymiCtI20YRygCxOc9mREIx8c6eOpXFAjWkspuyRmsEmlR6ZtNomiV','2019-02-14 18:58:48','2019-02-14 19:00:37'),(83,'Colegio Loyola','Jose Romero',2,47,'rencarnacion@loyola.edu.do',NULL,'$2y$10$Il4gUesXad73h/fA4s8njeEbGBbaku8W8PV86otdGfQma.7WOGauy','-','XGHO7J5ARkJquL9aw8C1uoLnIDsxl9tzcDFFZtoUg5Lq1esXHWw632BQNvLE','2019-02-14 19:01:13','2019-02-14 19:02:22'),(84,'Escuela Parroquial Santa Rita','Yajaida Madrigal',2,48,'yajaida1@gmail.com',NULL,'$2y$10$UC32PQIK2g2JLC/yMYObpOuNstw83ieyXweGJbVOGBZBqtlJjg/qG','-','EtrBF3WjOiBwanWC32y7NyoOwKkHeVOg1mcFZAGZD3pw7ynkYOWyosrP16kH','2019-02-14 19:02:57','2019-02-14 19:04:47'),(85,'Colegio Jaime Molina Mota','Lourdes de Jesus',2,49,'lourdesdejesusdiaz@gmail.com',NULL,'$2y$10$c6t2LHt6hEcD.v5nbHSGlOl4wI2IRdQ567U4wRQP4rV6beSm0C1c2','-','cquPLO2S0tHi4KbWanI9qbQWsJ9MLis9U5S1ISPtXXHq6FrwonA0GTh4TTNS','2019-02-14 19:05:44','2019-02-14 19:06:52'),(86,'Centro Educativo Hi-Hello','Yomalia María',2,50,'yomaliamaria@hotmail.com',NULL,'$2y$10$Osc2YNzCHdugfacKaL/4ieV06qpdm3DTPaqksKpYcngvF0Nz5CiIu','-','0RklqSBFwbTOchruVaNQlNHVjx4BhjvJC67qPvcFsHnuvYTBf2V7i6PpOgSz','2019-02-14 19:08:00','2019-02-14 19:09:49'),(87,'Colegio Luis Muñoz Rivera','Stephanie Núñez',2,51,'s.nunez@lumuri.edu.do',NULL,'$2y$10$TzRKvK74sJIVzT9UDStfxuxuKt8vOj18NubhDEqhMY5HUmZfmXxyi','-','SFVXPRkeH0PJvv2yVOl3u6l5fIIt4nL2YrZ9hT4WV3R6TFqx2oCiPaVp2PgP','2019-02-14 19:10:48','2019-02-14 19:12:45'),(88,'Saint Patrick School','María Hernández',2,52,'mariah@stpatrick.edu.do ',NULL,'$2y$10$N.rw/I5d4ty4oScn7C.pMucwGWeAfOS7uMFgbTCFhcNeadXn4hXlO','-','aR2hqY5U9ruK17EqJQ3fACDViMqKtRqcMVTfP3zWRoyTajzWOMUqYyptl6Yo','2019-02-14 19:14:19','2019-02-14 19:46:10'),(89,'Instituto Tecnológico de las Américas (ITLA)','Marlyn Carmen García',2,53,'mcarmen@itla.edu.do',NULL,'$2y$10$U.elPzQLovGxwcKIRIeOJeWGD4Pc6DYPQM6oJwmc2nlkrs86lE.X.','-','Lq8AYXH37S4dmoQLEToLFzxAAHZXirfTZ8NHSPl5ZwSUqWOnE4Lv2Sewp3eh','2019-02-14 19:47:30','2019-02-14 19:49:00'),(90,'Liceo Francés de Santo Domingo','Gurvan Corduant',2,54,'GURVAN.CORDUANT@lfsd.edu.do',NULL,'$2y$10$.TORCI26uR/0lyWEBvhc.OfLZ/33cfA18WXwEh0fN11HiDqQVLtXO','-','WP01kxmlFSkvny85LuztHDbVj5xyeor3OoWuuRWM1nIQfUBsbNr9JX3kspx1','2019-02-14 19:50:46','2019-02-14 19:52:03'),(91,'Colegio Ad Maiora','Alex García',2,55,'ydominguez@admaiora.edu.do',NULL,'$2y$10$fAUeImdlYw3RusL40Rkz/.KObOAH5rX9VqmdibHLFilTvtemGbtRW','-','0vi0F3H53C7ddMjhVAP3gkrNZIDLHk0ShYvdFrb5Z5vTiTpUI50G1ajO1vk5','2019-02-14 19:53:35','2019-02-15 17:48:55'),(93,'Ramsés','Pimentel',2,57,'ramsespi08@gmail.com',NULL,'$2y$10$/hefLeeMWxiQ3UgxmKN87e7U2RflgLiBT7RUESC3xfiD5Yhf/GI0S','-',NULL,'2019-02-15 19:14:43','2019-02-15 19:14:43'),(94,'Delia','Del Rosario',2,57,'ddeliadelrosario@gmail.com',NULL,'$2y$10$1Ul9h1UYO1oXJJ/8N8oCyebzs9xU2m1cZgYuaxOKcOezK8n1RP6Ry','-',NULL,'2019-02-15 19:15:48','2019-02-15 19:15:48'),(95,'Oscar','Moquete',1,25,'o.moquete@unadr.org.do',NULL,'$2y$10$DKsEgTgyBksd9qun53xeOeUn3VP7goJjwXtmZgFHOiiB.QtxTFZWu','-','suNbnBzWHr87L5RR0xTZRVZ6Oi0UDMvPERs2oOYYBpgZF4kXJIdjrfrbfbf6','2019-02-15 19:21:28','2019-02-16 19:39:46');
/*!40000 ALTER TABLE `users` ENABLE KEYS */;
UNLOCK TABLES;
/*!40103 SET TIME_ZONE=@OLD_TIME_ZONE */;

/*!40101 SET SQL_MODE=@OLD_SQL_MODE */;
/*!40014 SET FOREIGN_KEY_CHECKS=@OLD_FOREIGN_KEY_CHECKS */;
/*!40014 SET UNIQUE_CHECKS=@OLD_UNIQUE_CHECKS */;
/*!40101 SET CHARACTER_SET_CLIENT=@OLD_CHARACTER_SET_CLIENT */;
/*!40101 SET CHARACTER_SET_RESULTS=@OLD_CHARACTER_SET_RESULTS */;
/*!40101 SET COLLATION_CONNECTION=@OLD_COLLATION_CONNECTION */;
/*!40111 SET SQL_NOTES=@OLD_SQL_NOTES */;

-- Dump completed on 2019-02-18 14:09:49
